ax,ay,az,dpitch,droll,dyaw,heart,time_1,time_2,time_3,time_4,time_5,time_6,w,x,y,z
-0.094,-0.844,0.387,46.4,-39.2,46.5,0,2018,4,25,16,52,56.44,-0.3084,-0.1616,-0.3318,0.8766
-0.001,-1.009,0.494,14.7,-21.6,2.6,0,2018,4,25,16,52,56.46,-0.3072,-0.1538,-0.3356,0.877
0.092,-0.699,0.381,-17.2,1.3,-43.6,0,2018,4,25,16,52,56.471,-0.3109,-0.155,-0.3366,0.8751
0.074,-0.181,0.198,-39.4,20.7,-64.6,0,2018,4,25,16,52,56.509,-0.3174,-0.1635,-0.3349,0.8719
-0.009,0.331,-0.025,-48.4,16.9,-62.3,0,2018,4,25,16,52,56.528,-0.324,-0.1752,-0.332,0.8683
-0.068,0.564,-0.168,-47.4,-10.7,-46.2,0,2018,4,25,16,52,56.531,-0.3295,-0.186,-0.3327,0.8637
-0.082,0.592,-0.257,-31.3,-22.7,-16.5,0,2018,4,25,16,52,56.551,-0.3325,-0.1927,-0.3368,0.8595
-0.066,0.624,-0.316,-12.1,-16.7,17.9,0,2018,4,25,16,52,56.572,-0.3317,-0.1946,-0.3413,0.8576
-0.061,0.582,-0.332,13.5,11.7,51.9,0,2018,4,25,16,52,56.611,-0.3265,-0.1922,-0.3428,0.8595
-0.057,0.534,-0.36,40.5,44.4,83.7,0,2018,4,25,16,52,56.632,-0.3168,-0.1855,-0.3392,0.866
-0.092,0.229,-0.242,68.5,85.2,105,0,2018,4,25,16,52,56.634,-0.3033,-0.175,-0.3294,0.8768
-0.099,-0.203,0.01,74.5,105.6,108.7,0,2018,4,25,16,52,56.653,-0.2878,-0.1625,-0.3137,0.8901
-0.043,-0.624,0.321,73.8,129.1,87.4,0,2018,4,25,16,52,56.672,-0.2727,-0.1512,-0.2938,0.9035
0.038,-0.934,0.514,53.9,124.7,37.4,0,2018,4,25,16,52,56.69,-0.2627,-0.1438,-0.2718,0.9145
0.189,-0.844,0.506,18.6,90.8,-17.3,0,2018,4,25,16,52,56.71,-0.2603,-0.1425,-0.2531,0.9207
0.231,-0.57,0.407,-20.2,49.4,-62,0,2018,4,25,16,52,56.746,-0.2653,-0.1477,-0.2414,0.9216
0.135,-0.303,0.317,-50.4,42.3,-86.8,0,2018,4,25,16,52,56.769,-0.2748,-0.1587,-0.2345,0.9188
-0.017,0.032,0.189,-71.4,44,-92.7,0,2018,4,25,16,52,56.772,-0.2855,-0.174,-0.2277,0.9145
-0.1,0.244,-0.05,-78.7,33,-87.6,0,2018,4,25,16,52,56.813,-0.2958,-0.1916,-0.2225,0.9089
-0.174,0.451,-0.22,-75.7,14.7,-73,0,2018,4,25,16,52,56.815,-0.3047,-0.2083,-0.22,0.9029
-0.195,0.547,-0.347,-58.6,0.1,-50.3,0,2018,4,25,16,52,56.833,-0.3115,-0.2216,-0.2202,0.8973
-0.195,0.657,-0.381,-33.5,-15,-24.5,0,2018,4,25,16,52,56.871,-0.3158,-0.2299,-0.2223,0.8932
-0.201,0.639,-0.385,-6.3,-32.7,4.4,0,2018,4,25,16,52,56.893,-0.3176,-0.2318,-0.2271,0.8909
-0.268,0.493,-0.331,20.5,-24,33.5,0,2018,4,25,16,52,56.896,-0.316,-0.228,-0.232,0.8912
-0.229,0.279,-0.183,42.2,-12.8,57.4,0,2018,4,25,16,52,56.913,-0.3107,-0.2201,-0.2348,0.8943
-0.049,-0.016,-0.023,46.6,-27.5,68.3,0,2018,4,25,16,52,56.933,-0.3031,-0.209,-0.2373,0.8989
0.166,-0.425,0.135,31.9,-67.3,58.7,0,2018,4,25,16,52,56.953,-0.2962,-0.1974,-0.2454,0.9016
0.279,-0.692,0.211,10.9,-87.5,28.1,0,2018,4,25,16,52,56.973,-0.2929,-0.188,-0.2585,0.901
0.289,-0.703,0.219,-9.9,-78.5,-11.8,0,2018,4,25,16,52,56.993,-0.2944,-0.1833,-0.272,0.8975
0.241,-0.486,0.111,-25.2,-59.5,-45.2,0,2018,4,25,16,52,57.014,-0.3005,-0.1842,-0.2828,0.892
0.128,-0.154,0.044,-32.9,-43.3,-63.2,0,2018,4,25,16,52,57.034,-0.3093,-0.189,-0.2904,0.8855
-0.057,0.121,-0.013,-33.5,-47,-64.4,1023,2018,4,25,16,52,57.053,-0.3191,-0.1953,-0.2968,0.8785
-0.205,0.322,-0.038,-28.8,-55.5,-53,1023,2018,4,25,16,52,57.074,-0.3283,-0.2003,-0.3044,0.8713
-0.277,0.271,-0.018,-22.1,-35.3,-34,1023,2018,4,25,16,52,57.113,-0.3354,-0.2036,-0.3118,0.8653
-0.285,0.34,0.027,-15.2,4.8,-11.7,1023,2018,4,25,16,52,57.132,-0.3381,-0.2069,-0.3141,0.8626
-0.298,0.399,0.037,-6.8,25.5,8.6,1023,2018,4,25,16,52,57.137,-0.337,-0.2097,-0.3119,0.8631
-0.259,0.345,0.023,-0.4,23.1,26.5,1023,2018,4,25,16,52,57.153,-0.3332,-0.2106,-0.3091,0.8654
-0.163,0.233,0.047,4.8,25,41.9,1023,2018,4,25,16,52,57.193,-0.3272,-0.2097,-0.3067,0.8688
0.197,0.069,0.005,7.6,28.2,53.4,1023,2018,4,25,16,52,57.212,-0.3191,-0.2077,-0.3039,0.8732
0.45,-0.157,-0.018,7,16.6,51.4,1023,2018,4,25,16,52,57.217,-0.3105,-0.2049,-0.3021,0.8776
0.426,-0.399,0,3.3,11.8,30.2,0,2018,4,25,16,52,57.254,-0.3039,-0.2026,-0.3013,0.8807
0.312,-0.502,0.03,-4,17.7,-4.8,0,2018,4,25,16,52,57.274,-0.3014,-0.2028,-0.2995,0.8821
0.188,-0.401,0.03,-11,17.6,-38.7,0,2018,4,25,16,52,57.278,-0.304,-0.2062,-0.2962,0.8816
0.047,-0.191,-0.015,-13.7,9,-58.8,0,2018,4,25,16,52,57.296,-0.3106,-0.2115,-0.293,0.8791
-0.109,0.066,-0.061,-12.4,-1.7,-63.4,0,2018,4,25,16,52,57.319,-0.3192,-0.2166,-0.2912,0.8754
-0.216,0.303,-0.093,-7.7,-10.1,-54.4,0,2018,4,25,16,52,57.339,-0.3281,-0.2207,-0.2902,0.8714
-0.264,0.43,-0.116,-0.9,-8.2,-34.5,0,2018,4,25,16,52,57.359,-0.335,-0.2231,-0.2903,0.8681
-0.278,0.522,-0.131,6.7,-3.9,-8.3,0,2018,4,25,16,52,57.374,-0.3386,-0.2234,-0.2901,0.8667
-0.259,0.549,-0.11,14.7,-2.2,20.7,0,2018,4,25,16,52,57.414,-0.3382,-0.2213,-0.2902,0.8674
-0.126,0.422,-0.084,23.3,-4.5,48.3,0,2018,4,25,16,52,57.433,-0.3339,-0.2164,-0.2909,0.87
0.068,0.066,-0.026,30.5,-8.4,66.8,0,2018,4,25,16,52,57.437,-0.3265,-0.2088,-0.2925,0.8741
0.166,-0.482,0.093,23.8,3.8,63,0,2018,4,25,16,52,57.457,-0.3178,-0.201,-0.294,0.8786
0.141,-0.827,0.276,5.8,11,29.8,0,2018,4,25,16,52,57.477,-0.3109,-0.1967,-0.2936,0.8822
0.144,-0.813,0.232,-13.8,7.5,-20.5,0,2018,4,25,16,52,57.516,-0.3098,-0.1978,-0.2924,0.8828
0.099,-0.466,0.102,-28.5,-6.5,-61.9,0,2018,4,25,16,52,57.535,-0.3154,-0.2035,-0.2919,0.8796
-0.016,-0.018,0.019,-36.6,-21.5,-80,0,2018,4,25,16,52,57.538,-0.3253,-0.2113,-0.2936,0.8736
-0.112,0.274,-0.059,-36.6,-22.5,-75.8,0,2018,4,25,16,52,57.577,-0.3365,-0.2197,-0.2963,0.8663
-0.166,0.547,-0.114,-28.8,-11.7,-51.5,0,2018,4,25,16,52,57.581,-0.3451,-0.227,-0.2982,0.8604
-0.185,0.658,-0.138,-16.3,-9.1,-17.3,0,2018,4,25,16,52,57.598,-0.3495,-0.2315,-0.2997,0.8569
-0.168,0.691,-0.195,-2.6,-6.7,18.7,0,2018,4,25,16,52,57.616,-0.3491,-0.2323,-0.3016,0.8562
-0.143,0.596,-0.235,15.3,5.1,51.6,0,2018,4,25,16,52,57.637,-0.344,-0.2294,-0.3029,0.8586
-0.068,0.378,-0.196,35.3,15.8,78.2,0,2018,4,25,16,52,57.658,-0.3349,-0.2227,-0.3022,0.8641
0.118,0.036,-0.109,51.6,14.2,91.8,0,2018,4,25,16,52,57.696,-0.3235,-0.2122,-0.3006,0.8717
0.248,-0.402,-0.004,51.8,10.7,79.1,0,2018,4,25,16,52,57.716,-0.3124,-0.2002,-0.2988,0.8791
0.205,-0.786,0.222,35.5,-2.3,40.3,0,2018,4,25,16,52,57.72,-0.3053,-0.1904,-0.2982,0.884
0.162,-0.894,0.32,14.8,8.8,-8.9,0,2018,4,25,16,52,57.758,-0.3043,-0.186,-0.2969,0.8857
0.101,-0.59,0.256,-6.5,1.3,-52.1,0,2018,4,25,16,52,57.778,-0.3093,-0.1875,-0.2946,0.8844
0.016,-0.195,0.131,-21.8,-14.6,-76.2,0,2018,4,25,16,52,57.782,-0.319,-0.1929,-0.2943,0.8799
-0.112,0.134,0.049,-30.4,-26.1,-80.4,0,2018,4,25,16,52,57.798,-0.3305,-0.1994,-0.2962,0.8736
-0.195,0.331,-0.046,-28.8,-21.7,-66.1,0,2018,4,25,16,52,57.817,-0.3411,-0.2064,-0.2992,0.8668
-0.228,0.497,-0.127,-21.4,-10,-40.5,1023,2018,4,25,16,52,57.836,-0.3484,-0.2121,-0.301,0.8619
-0.248,0.587,-0.17,-9.9,-4.1,-11,1023,2018,4,25,16,52,57.857,-0.3516,-0.2154,-0.302,0.8594
-0.236,0.594,-0.214,5.5,-1.2,19.8,1023,2018,4,25,16,52,57.877,-0.3508,-0.2153,-0.3027,0.8595
-0.179,0.525,-0.196,23.8,3.6,49.9,1023,2018,4,25,16,52,57.914,-0.3462,-0.2112,-0.3029,0.8623
-0.055,0.264,-0.111,40,4.3,74.4,1023,2018,4,25,16,52,57.935,-0.3382,-0.2032,-0.3027,0.8675
0.123,-0.104,0.021,46.7,3.4,82.3,1023,2018,4,25,16,52,57.939,-0.3282,-0.1928,-0.3021,0.8739
0.229,-0.683,0.244,29.6,-12.9,60.1,1023,2018,4,25,16,52,57.979,-0.3193,-0.1827,-0.3033,0.8789
0.246,-0.928,0.363,5.5,-7,16.8,1023,2018,4,25,16,52,58,-0.3145,-0.1774,-0.3053,0.8811
0.212,-0.713,0.258,-18.3,-1.1,-32.5,1023,2018,4,25,16,52,58.004,-0.3157,-0.1789,-0.3058,0.8801
0.074,-0.258,0.097,-34.2,-5.3,-66.4,1023,2018,4,25,16,52,58.021,-0.3224,-0.1858,-0.3061,0.8762
-0.078,0.14,-0.011,-40.4,-17.3,-74.4,0,2018,4,25,16,52,58.056,-0.3317,-0.1946,-0.3076,0.8702
-0.182,0.379,-0.128,-35.2,-20.7,-61.9,0,2018,4,25,16,52,58.076,-0.3408,-0.203,-0.3105,0.8638
-0.238,0.495,-0.193,-23.2,-16.4,-34.5,0,2018,4,25,16,52,58.08,-0.3472,-0.2089,-0.3133,0.8588
-0.284,0.541,-0.242,-7.7,-13.9,-2.1,0,2018,4,25,16,52,58.1,-0.3495,-0.2112,-0.3158,0.8563
-0.297,0.469,-0.244,9.7,-10.6,28,0,2018,4,25,16,52,58.119,-0.3479,-0.2095,-0.3181,0.8566
-0.289,0.262,-0.2,25.8,-5.2,51,0,2018,4,25,16,52,58.159,-0.3431,-0.2039,-0.3198,0.8592
-0.289,0.086,-0.075,37.3,-0.5,64.8,0,2018,4,25,16,52,58.18,-0.3361,-0.1957,-0.3201,0.8638
-0.016,-0.047,0.027,38.3,-20.9,67.7,0,2018,4,25,16,52,58.184,-0.3283,-0.1851,-0.3215,0.8685
0.372,-0.233,0.14,31.6,-51.5,57.1,0,2018,4,25,16,52,58.202,-0.3218,-0.1743,-0.3277,0.8709
0.517,-0.408,0.246,16.7,-53.1,34.6,0,2018,4,25,16,52,58.222,-0.3178,-0.1648,-0.3361,0.871
0.476,-0.459,0.317,-1,-22.2,1,0,2018,4,25,16,52,58.262,-0.3167,-0.1605,-0.342,0.8699
0.339,-0.308,0.293,-18.9,6.5,-31,0,2018,4,25,16,52,58.281,-0.3186,-0.1632,-0.3438,0.868
0.199,-0.115,0.172,-30.7,15.2,-52,0,2018,4,25,16,52,58.285,-0.3233,-0.1708,-0.3424,0.8654
0.057,0.052,0.049,-35.2,18.4,-59.3,0,2018,4,25,16,52,58.299,-0.3295,-0.1807,-0.3398,0.8621
-0.113,0.155,-0.08,-32.4,13.2,-56.7,0,2018,4,25,16,52,58.339,-0.3361,-0.1906,-0.3366,0.8586
-0.27,0.244,-0.201,-22.9,5.7,-44.3,0,2018,4,25,16,52,58.36,-0.342,-0.1984,-0.3346,0.8553
-0.364,0.266,-0.26,-10.2,-3.3,-26.5,0,2018,4,25,16,52,58.364,-0.3462,-0.2029,-0.3342,0.8527
-0.416,0.188,-0.257,3.1,-6.1,-7.2,0,2018,4,25,16,52,58.383,-0.3487,-0.204,-0.3348,0.8512
-0.432,0.166,-0.162,15,-3.1,10.4,0,2018,4,25,16,52,58.403,-0.3491,-0.2022,-0.3349,0.8514
-0.384,0.133,-0.073,23.9,-9.6,22.6,0,2018,4,25,16,52,58.442,-0.3479,-0.1978,-0.3352,0.8528
-0.245,0.08,0.022,26.9,-21.9,30.8,0,2018,4,25,16,52,58.463,-0.3459,-0.1914,-0.3368,0.8544
0.021,0.049,0.158,25.6,-35.9,37.3,0,2018,4,25,16,52,58.467,-0.3434,-0.1834,-0.3402,0.8559
0.222,-0.021,0.219,19.1,-46.6,38.4,0,2018,4,25,16,52,58.503,-0.3407,-0.1756,-0.3455,0.8565
0.404,-0.2,0.212,9.8,-38.1,33.1,0,2018,4,25,16,52,58.507,-0.3379,-0.1695,-0.3525,0.856
0.49,-0.242,0.189,-2.6,-10.9,20.1,0,2018,4,25,16,52,58.523,-0.3347,-0.1659,-0.3567,0.8562
0.441,-0.242,0.167,-16.5,9.1,-0.1,0,2018,4,25,16,52,58.558,-0.3326,-0.1668,-0.3574,0.8565
0.314,-0.201,0.118,-28,16.1,-21.4,0,2018,4,25,16,52,58.578,-0.3325,-0.1717,-0.3563,0.8561
0.127,-0.154,0.006,-34.3,13.3,-41.5,0,2018,4,25,16,52,58.581,-0.3348,-0.1799,-0.3557,0.8537
-0.048,-0.061,-0.097,-33.3,10.5,-51.2,0,2018,4,25,16,52,58.617,-0.3392,-0.1886,-0.3549,0.8504
-0.209,0.095,-0.147,-26.3,-0.3,-49.6,1023,2018,4,25,16,52,58.637,-0.3444,-0.196,-0.3546,0.8468
-0.316,0.165,-0.21,-15.2,-12,-39,1023,2018,4,25,16,52,58.643,-0.3499,-0.2009,-0.3553,0.8431
-0.367,0.232,-0.219,-2.7,-10.5,-21.4,1023,2018,4,25,16,52,58.679,-0.3542,-0.2033,-0.3565,0.8402
-0.414,0.272,-0.19,8.9,-1,-1.5,1023,2018,4,25,16,52,58.699,-0.3563,-0.2031,-0.3567,0.8393
-0.388,0.272,-0.106,17.4,5.1,18.8,1023,2018,4,25,16,52,58.704,-0.3557,-0.2007,-0.3558,0.8405
-0.363,0.251,0.003,22.6,5.5,37.3,1023,2018,4,25,16,52,58.741,-0.3525,-0.1962,-0.3546,0.8434
-0.202,0.207,0.057,23.4,-1.4,52.7,1023,2018,4,25,16,52,58.761,-0.3471,-0.1901,-0.3543,0.8472
0.232,0.045,0.066,20.7,-19.2,63.2,1023,2018,4,25,16,52,58.764,-0.3401,-0.1826,-0.3564,0.8508
0.584,-0.141,0.129,16.5,-26.2,60.7,1023,2018,4,25,16,52,58.781,-0.3326,-0.1743,-0.361,0.8535
0.614,-0.369,0.21,9.2,-5.5,36.9,1023,2018,4,25,16,52,58.804,-0.3265,-0.1682,-0.3644,0.8556
0.472,-0.452,0.221,0.1,32.4,-0.3,0,2018,4,25,16,52,58.841,-0.3237,-0.1672,-0.3625,0.8577
0.284,-0.335,0.199,-9.3,50.1,-36.5,0,2018,4,25,16,52,58.862,-0.3251,-0.1718,-0.356,0.859
0.06,-0.113,0.143,-15.2,44.4,-57.2,0,2018,4,25,16,52,58.864,-0.3299,-0.1793,-0.3485,0.8587
-0.149,0.072,0.079,-17.2,34.1,-58.6,0,2018,4,25,16,52,58.9,-0.3365,-0.1872,-0.3414,0.8573
-0.305,0.208,-0.006,-17.4,33.6,-45.5,0,2018,4,25,16,52,58.921,-0.3423,-0.1949,-0.3358,0.8555
-0.402,0.342,-0.055,-15.5,36.8,-21.7,0,2018,4,25,16,52,58.926,-0.3451,-0.2015,-0.3303,0.855
-0.471,0.374,-0.069,-11.3,38.5,5.2,0,2018,4,25,16,52,58.96,-0.3442,-0.2062,-0.3252,0.8562
-0.443,0.34,-0.046,-7.6,38.2,31.3,0,2018,4,25,16,52,58.981,-0.3393,-0.2089,-0.3207,0.8592
-0.394,0.24,0.025,-5,40,53.2,0,2018,4,25,16,52,58.986,-0.3311,-0.2096,-0.3167,0.8637
-0.117,0.112,0.009,-7.4,39.4,68,0,2018,4,25,16,52,59.02,-0.3199,-0.2094,-0.3133,0.8692
0.205,-0.096,0.007,-9.6,35.9,73.7,0,2018,4,25,16,52,59.041,-0.3073,-0.2092,-0.3106,0.8747
0.468,-0.289,0.007,-16.1,36.8,65.7,0,2018,4,25,16,52,59.044,-0.2944,-0.2092,-0.3084,0.8799
0.521,-0.453,-0.029,-23.6,44,39.5,0,2018,4,25,16,52,59.081,-0.2836,-0.2115,-0.3052,0.884
0.456,-0.491,-0.06,-30.1,47.6,0.9,0,2018,4,25,16,52,59.102,-0.2774,-0.2169,-0.3,0.8865
0.312,-0.379,-0.104,-34.1,44.9,-35.3,0,2018,4,25,16,52,59.106,-0.2768,-0.2252,-0.2936,0.8867
0.14,-0.177,-0.133,-32.5,31.8,-60.6,0,2018,4,25,16,52,59.141,-0.2813,-0.2348,-0.2873,0.8849
-0.07,-0.008,-0.06,-26,24.6,-70.9,0,2018,4,25,16,52,59.16,-0.2889,-0.244,-0.282,0.8816
-0.256,0.188,0.032,-20.1,30,-64,0,2018,4,25,16,52,59.168,-0.2972,-0.2519,-0.2759,0.8786
-0.377,0.303,0.093,-16.7,42.9,-43.8,0,2018,4,25,16,52,59.205,-0.3031,-0.2592,-0.2689,0.8766
-0.438,0.384,0.148,-15.8,55.4,-19,0,2018,4,25,16,52,59.208,-0.3047,-0.2657,-0.2607,0.8766
-0.465,0.383,0.177,-17.4,59.9,5.9,0,2018,4,25,16,52,59.226,-0.3022,-0.2716,-0.2523,0.8781
-0.394,0.283,0.185,-21.3,67,30.1,0,2018,4,25,16,52,59.263,-0.2955,-0.277,-0.2446,0.8809
-0.29,0.199,0.114,-23.4,73.7,49.4,0,2018,4,25,16,52,59.284,-0.2847,-0.2824,-0.2367,0.8849
0.046,0.102,-0.022,-21.7,57,62.4,0,2018,4,25,16,52,59.288,-0.2717,-0.2871,-0.23,0.8892
0.374,-0.198,-0.176,-19.8,41.5,65.5,0,2018,4,25,16,52,59.326,-0.2585,-0.2902,-0.227,0.8929
0.511,-0.39,-0.279,-19,47.6,51.6,0,2018,4,25,16,52,59.347,-0.2461,-0.2928,-0.224,0.8963
0.541,-0.421,-0.337,-17.9,42.9,21.5,0,2018,4,25,16,52,59.351,-0.2373,-0.2963,-0.2193,0.8987
0.408,-0.412,-0.385,-14.1,21,-14.6,0,2018,4,25,16,52,59.369,-0.2346,-0.3,-0.2151,0.8992
0.228,-0.328,-0.308,-6,-2.8,-48.6,1023,2018,4,25,16,52,59.389,-0.2389,-0.3032,-0.2125,0.8976
-0.001,-0.158,-0.115,4.9,-14.7,-72.5,1023,2018,4,25,16,52,59.41,-0.2493,-0.3051,-0.2108,0.8945
-0.201,0.067,0.065,11.9,-11.4,-77.5,1023,2018,4,25,16,52,59.43,-0.2622,-0.3053,-0.2088,0.8912
-0.373,0.3,0.236,10.3,4.7,-62.9,1023,2018,4,25,16,52,59.448,-0.2739,-0.3059,-0.205,0.8884
-0.434,0.486,0.301,0.2,21.8,-34.7,1023,2018,4,25,16,52,59.488,-0.2809,-0.3075,-0.1998,0.8868
-0.453,0.527,0.306,-10.4,21.7,-4.7,1023,2018,4,25,16,52,59.508,-0.2824,-0.3101,-0.1955,0.8864
-0.38,0.398,0.229,-19.3,16.2,23.7,1023,2018,4,25,16,52,59.513,-0.2793,-0.313,-0.1941,0.8867
-0.265,0.156,0.09,-22,33.1,46,1023,2018,4,25,16,52,59.531,-0.2717,-0.3162,-0.1935,0.888
0.041,0.03,-0.058,-19.4,47.5,60.2,1023,2018,4,25,16,52,59.566,-0.2602,-0.3197,-0.1906,0.8908
0.34,-0.167,-0.22,-15.4,41.3,61.4,1023,2018,4,25,16,52,59.587,-0.2475,-0.3226,-0.1879,0.894
0.516,-0.33,-0.328,-12,28.5,45.4,0,2018,4,25,16,52,59.591,-0.2365,-0.3244,-0.1862,0.8966
0.483,-0.402,-0.398,-9,18.7,14.8,0,2018,4,25,16,52,59.61,-0.2301,-0.326,-0.1847,0.8981
0.355,-0.361,-0.361,-4.6,-0.5,-21.6,0,2018,4,25,16,52,59.632,-0.2301,-0.3276,-0.1832,0.8978
0.181,-0.254,-0.226,0.9,-24.1,-52,0,2018,4,25,16,52,59.669,-0.2368,-0.3285,-0.1831,0.8957
-0.015,-0.07,-0.052,8.1,-33,-67.5,0,2018,4,25,16,52,59.689,-0.2483,-0.3285,-0.1842,0.8924
-0.221,0.141,0.157,11.3,-26,-65.7,0,2018,4,25,16,52,59.694,-0.2609,-0.3274,-0.1846,0.8891
-0.372,0.352,0.276,8.8,-7.5,-48,0,2018,4,25,16,52,59.709,-0.2711,-0.3269,-0.1834,0.8865
-0.427,0.475,0.337,0.5,1.8,-18,0,2018,4,25,16,52,59.747,-0.2764,-0.3271,-0.1815,0.8851
-0.438,0.461,0.336,-8.3,5.4,12.9,0,2018,4,25,16,52,59.767,-0.2763,-0.328,-0.181,0.8849
-0.338,0.267,0.216,-14.7,14.7,38.6,0,2018,4,25,16,52,59.771,-0.2713,-0.3295,-0.1819,0.8858
-0.201,0.111,0.079,-13.7,43.6,56.3,0,2018,4,25,16,52,59.793,-0.2616,-0.3316,-0.1807,0.8881
0.112,0.007,-0.031,-9.1,47.3,64.6,0,2018,4,25,16,52,59.812,-0.2489,-0.3338,-0.1771,0.8917
0.422,-0.206,-0.208,-7.6,27.1,61.1,0,2018,4,25,16,52,59.851,-0.2365,-0.3349,-0.1754,0.895
0.528,-0.463,-0.323,-8,17,40.4,0,2018,4,25,16,52,59.871,-0.227,-0.3354,-0.1756,0.8972
0.437,-0.467,-0.36,-9.3,11.6,5.7,0,2018,4,25,16,52,59.875,-0.2222,-0.3367,-0.1748,0.8981
0.291,-0.333,-0.332,-6.1,-14.1,-32,0,2018,4,25,16,52,59.895,-0.2242,-0.3384,-0.1744,0.897
0.128,-0.189,-0.219,1.6,-40.3,-60.9,0,2018,4,25,16,52,59.912,-0.2334,-0.339,-0.1761,0.8941
-0.082,-0.011,-0.034,10.5,-43.1,-72.2,0,2018,4,25,16,52,59.931,-0.2469,-0.3383,-0.1788,0.8902
-0.268,0.219,0.163,14,-26.1,-63.7,0,2018,4,25,16,52,59.95,-0.2601,-0.3367,-0.1795,0.8869
-0.37,0.419,0.259,11.9,-6.6,-42,0,2018,4,25,16,52,59.986,-0.2697,-0.3356,-0.1783,0.8847
-0.431,0.494,0.308,7.7,11.4,-12.6,0,2018,4,25,16,53,0.005,-0.274,-0.335,-0.1758,0.8841
-0.412,0.467,0.303,0.9,17.4,16.2,0,2018,4,25,16,53,0.01,-0.2727,-0.3351,-0.1732,0.885
-0.331,0.213,0.176,-2.9,30.7,41.3,0,2018,4,25,16,53,0.052,-0.2667,-0.3354,-0.1715,0.887
-0.035,0.012,0.015,-5.1,49.9,60.5,0,2018,4,25,16,53,0.071,-0.2562,-0.3363,-0.1684,0.8904
0.244,-0.111,-0.098,-4.4,55.2,69.6,0,2018,4,25,16,53,0.075,-0.2424,-0.3377,-0.164,0.8945
0.465,-0.277,-0.258,-7.2,30.2,61.7,0,2018,4,25,16,53,0.113,-0.2292,-0.3385,-0.1615,0.8982
0.438,-0.493,-0.371,-8.3,14.6,33,0,2018,4,25,16,53,0.133,-0.2201,-0.3392,-0.1614,0.9002
0.318,-0.497,-0.332,-6,2.8,-6.6,0,2018,4,25,16,53,0.137,-0.2174,-0.3404,-0.161,0.9004
0.153,-0.31,-0.221,2.3,-20.1,-42.8,0,2018,4,25,16,53,0.151,-0.222,-0.3411,-0.1608,0.8991
-0.035,-0.097,-0.052,13.4,-36.2,-64.4,1023,2018,4,25,16,53,0.171,-0.2327,-0.3401,-0.162,0.8965
-0.211,0.128,0.135,18.8,-28.3,-65.3,1023,2018,4,25,16,53,0.192,-0.2456,-0.3375,-0.1627,0.8939
-0.335,0.338,0.295,13.6,0,-46.7,1023,2018,4,25,16,53,0.227,-0.2558,-0.3358,-0.1609,0.892
-0.382,0.535,0.341,1.4,22.7,-17.2,1023,2018,4,25,16,53,0.248,-0.2602,-0.3362,-0.1565,0.8914
-0.365,0.567,0.303,-9,24.5,13,1023,2018,4,25,16,53,0.255,-0.2541,-0.3381,-0.1528,0.8931
-0.287,0.384,0.189,-15.4,15.3,38.5,1023,2018,4,25,16,53,0.292,-0.2392,-0.3404,-0.1517,0.8965
-0.133,0.103,0.025,-15.8,24.4,56.1,1023,2018,4,25,16,53,0.312,-0.2209,-0.3425,-0.1522,0.9003
0.161,-0.111,-0.129,-12.2,36.1,64.3,1023,2018,4,25,16,53,0.317,-0.2,-0.3444,-0.1515,0.9046
0.397,-0.278,-0.274,-8.6,34.6,58.4,1023,2018,4,25,16,53,0.354,-0.1786,-0.3457,-0.1497,0.9089
0.429,-0.413,-0.357,-5.2,20,35.9,1023,2018,4,25,16,53,0.376,-0.1602,-0.3464,-0.1482,0.9123
0.346,-0.451,-0.378,-2.8,-0.4,2.5,0,2018,4,25,16,53,0.38,-0.1477,-0.3467,-0.1481,0.9143
0.247,-0.371,-0.302,2.5,-26.9,-33.3,0,2018,4,25,16,53,0.399,-0.1425,-0.3468,-0.1492,0.9149
0.123,-0.249,-0.184,10.6,-45.8,-60.6,0,2018,4,25,16,53,0.415,-0.144,-0.346,-0.1522,0.9145
-0.057,-0.045,-0.021,18.4,-42.8,-71.9,0,2018,4,25,16,53,0.435,-0.1493,-0.3443,-0.1551,0.9138
-0.228,0.228,0.166,20.5,-25.9,-65,0,2018,4,25,16,53,0.454,-0.1544,-0.3419,-0.1557,0.9137
-0.331,0.44,0.295,15.1,-13.5,-44.6,0,2018,4,25,16,53,0.474,-0.1561,-0.3401,-0.1549,0.9142
-0.365,0.491,0.345,6.2,-6,-15.8,0,2018,4,25,16,53,0.512,-0.1531,-0.3391,-0.1543,0.9152
-0.37,0.444,0.329,-3.8,5.5,14.6,0,2018,4,25,16,53,0.533,-0.1446,-0.339,-0.1545,0.9166
-0.287,0.313,0.239,-11.8,24.6,39.9,0,2018,4,25,16,53,0.537,-0.1303,-0.3401,-0.1538,0.9185
-0.15,0.171,0.117,-14.6,34.2,56.6,0,2018,4,25,16,53,0.555,-0.1119,-0.3416,-0.1522,0.9206
0.088,-0.045,-0.028,-13.7,29.7,64.4,0,2018,4,25,16,53,0.577,-0.0919,-0.3432,-0.1505,0.9225
0.289,-0.27,-0.172,-13.4,26,59.6,0,2018,4,25,16,53,0.617,-0.0716,-0.3441,-0.1501,0.924
0.328,-0.385,-0.252,-13.1,23.3,40.7,0,2018,4,25,16,53,0.622,-0.0538,-0.3451,-0.1493,0.925
0.285,-0.37,-0.28,-12.1,11.9,12.6,0,2018,4,25,16,53,0.637,-0.0404,-0.3465,-0.1481,0.9253
0.195,-0.322,-0.282,-7.2,-8.6,-17.6,0,2018,4,25,16,53,0.657,-0.033,-0.3482,-0.1478,0.925
0.095,-0.205,-0.226,3.1,-25.6,-41.7,0,2018,4,25,16,53,0.676,-0.0315,-0.3491,-0.149,0.9246
-0.014,-0.038,-0.113,15.4,-30,-56.1,0,2018,4,25,16,53,0.715,-0.0343,-0.3487,-0.1508,0.9243
-0.126,0.119,-0.01,25.5,-23.9,-58,0,2018,4,25,16,53,0.734,-0.0391,-0.347,-0.1505,0.9248
-0.22,0.256,0.162,28,-5.5,-45.5,0,2018,4,25,16,53,0.738,-0.0417,-0.3436,-0.1499,0.926
-0.272,0.388,0.294,19.4,11.3,-23,0,2018,4,25,16,53,0.757,-0.04,-0.3406,-0.1471,0.9277
-0.245,0.43,0.278,5.9,15.1,3,0,2018,4,25,16,53,0.777,-0.0336,-0.3389,-0.1442,0.929
-0.186,0.337,0.227,-6.1,12.6,26.8,0,2018,4,25,16,53,0.816,-0.0226,-0.3386,-0.1428,0.9297
-0.081,0.14,0.145,-15,17.2,43,0,2018,4,25,16,53,0.837,-0.0086,-0.3395,-0.1428,0.9296
0.07,-0.055,0.031,-20.5,30.3,51.2,0,2018,4,25,16,53,0.841,0.0075,-0.3413,-0.1405,0.9293
0.158,-0.165,-0.076,-25.1,34,49.6,0,2018,4,25,16,53,0.858,0.0249,-0.3438,-0.138,0.9284
0.184,-0.236,-0.15,-28.3,25.6,36.8,0,2018,4,25,16,53,0.877,0.0411,-0.3468,-0.1357,0.9271
0.184,-0.301,-0.236,-27.1,9.6,15.5,0,2018,4,25,16,53,0.897,0.0534,-0.3504,-0.1343,0.9253
0.172,-0.334,-0.316,-18.8,-5.9,-8,0,2018,4,25,16,53,0.936,0.0612,-0.3539,-0.1341,0.9235
0.12,-0.24,-0.316,-1.6,-19.8,-31.7,0,2018,4,25,16,53,0.957,0.0635,-0.3559,-0.135,0.9225
0.033,-0.097,-0.215,19.2,-27.3,-49.8,0,2018,4,25,16,53,0.961,0.0613,-0.3553,-0.1368,0.9226
-0.061,0.075,-0.059,34.5,-21.2,-55.6,1023,2018,4,25,16,53,0.979,0.0561,-0.3529,-0.1367,0.9239
-0.145,0.254,0.133,36.9,-6.6,-47.7,1023,2018,4,25,16,53,1.018,0.052,-0.3481,-0.1358,0.926
-0.19,0.379,0.274,26.1,7.7,-27.5,1023,2018,4,25,16,53,1.038,0.0514,-0.3436,-0.1337,0.928
-0.184,0.429,0.307,8.6,15.4,-2.5,1023,2018,4,25,16,53,1.043,0.0555,-0.3409,-0.1311,0.9292
-0.123,0.313,0.233,-8.6,20.6,21.2,1023,2018,4,25,16,53,1.062,0.0644,-0.3404,-0.1288,0.9291
-0.027,0.163,0.111,-22.4,23.8,38.5,1023,2018,4,25,16,53,1.081,0.0771,-0.3419,-0.1269,0.9278
0.081,-0.02,-0.039,-30.4,22.5,45.7,1023,2018,4,25,16,53,1.097,0.0912,-0.3454,-0.1236,0.9257
0.164,-0.218,-0.18,-32.7,20.1,39.8,1023,2018,4,25,16,53,1.119,0.1058,-0.3494,-0.122,0.9229
0.208,-0.3,-0.278,-28.7,15.2,22,1023,2018,4,25,16,53,1.139,0.1183,-0.353,-0.1206,0.9202
0.177,-0.277,-0.343,-18,-1.9,-1.8,1023,2018,4,25,16,53,1.158,0.1264,-0.3561,-0.1195,0.918
0.101,-0.204,-0.329,-1.1,-25.2,-25,1023,2018,4,25,16,53,1.197,0.1289,-0.358,-0.1209,0.9168
-0.022,-0.088,-0.179,15.5,-33.5,-41.4,0,2018,4,25,16,53,1.216,0.1265,-0.3579,-0.124,0.9167
-0.135,0.08,0.003,26.2,-22.5,-44.7,0,2018,4,25,16,53,1.22,0.1217,-0.3562,-0.1248,0.9179
-0.238,0.251,0.228,25.5,-4.8,-33.4,0,2018,4,25,16,53,1.26,0.1193,-0.3527,-0.1253,0.9195
-0.289,0.377,0.337,12.7,9.7,-11,0,2018,4,25,16,53,1.278,0.1208,-0.3497,-0.1239,0.9207
-0.267,0.43,0.335,-3.6,13.7,12,0,2018,4,25,16,53,1.283,0.1268,-0.3485,-0.1221,0.9206
-0.138,0.303,0.222,-18.2,7.4,30.2,0,2018,4,25,16,53,1.303,0.1362,-0.3494,-0.1217,0.9189
0.102,0.051,0.025,-27.6,1.9,42.4,0,2018,4,25,16,53,1.323,0.1475,-0.3522,-0.1219,0.9161
0.29,-0.214,-0.136,-31.3,14.7,43.7,0,2018,4,25,16,53,1.339,0.1601,-0.3561,-0.122,0.9124
0.353,-0.292,-0.24,-29.4,20.5,27.4,0,2018,4,25,16,53,1.378,0.1723,-0.3594,-0.1204,0.9091
0.343,-0.265,-0.344,-22.6,3,1.3,0,2018,4,25,16,53,1.397,0.1804,-0.3625,-0.1186,0.9065
0.292,-0.294,-0.396,-10.5,-25.3,-27,0,2018,4,25,16,53,1.401,0.1822,-0.3655,-0.1193,0.9049
0.198,-0.266,-0.319,5.7,-41.9,-51.7,0,2018,4,25,16,53,1.439,0.1778,-0.3675,-0.1224,0.9045
0.042,-0.087,-0.143,20.7,-40.9,-67.1,0,2018,4,25,16,53,1.459,0.1696,-0.3675,-0.1259,0.9056
-0.146,0.068,0.003,27.5,-32,-67,0,2018,4,25,16,53,1.486,0.1596,-0.3663,-0.1263,0.9079
-0.282,0.24,0.168,28.1,-22.1,-54.7,0,2018,4,25,16,53,1.504,0.152,-0.3636,-0.1276,0.9101
-0.348,0.341,0.306,20.6,-12.3,-35.5,0,2018,4,25,16,53,1.507,0.1479,-0.3609,-0.1282,0.9118
-0.357,0.342,0.32,10.9,-1.6,-12,0,2018,4,25,16,53,1.523,0.148,-0.3589,-0.1284,0.9125
-0.321,0.311,0.273,-0.1,10.5,12,0,2018,4,25,16,53,1.541,0.1528,-0.3577,-0.1279,0.9122
-0.204,0.245,0.189,-9.7,17.8,29.7,0,2018,4,25,16,53,1.561,0.1619,-0.3574,-0.1269,0.9109
-0.012,0.118,0.08,-17.2,9.3,41.9,0,2018,4,25,16,53,1.579,0.1734,-0.3581,-0.1266,0.9086
0.18,-0.131,-0.073,-21.9,4.9,45.3,0,2018,4,25,16,53,1.618,0.1844,-0.3606,-0.1258,0.9055
0.272,-0.288,-0.205,-23.5,11.4,35.4,0,2018,4,25,16,53,1.639,0.1958,-0.3628,-0.1266,0.9021
0.264,-0.305,-0.258,-21.3,8,14,0,2018,4,25,16,53,1.642,0.2046,-0.3652,-0.1257,0.8993
0.201,-0.267,-0.256,-15.3,-9.7,-10.9,0,2018,4,25,16,53,1.681,0.2088,-0.3679,-0.1253,0.8973
0.124,-0.229,-0.236,-5.1,-28.3,-33.4,0,2018,4,25,16,53,1.701,0.2078,-0.3705,-0.1267,0.8963
0.023,-0.123,-0.123,6.4,-33.8,-48.2,0,2018,4,25,16,53,1.704,0.2029,-0.3722,-0.1293,0.8963
-0.097,0.028,0.009,13.5,-27.5,-52.2,0,2018,4,25,16,53,1.738,0.1955,-0.373,-0.1293,0.8976
-0.198,0.202,0.14,13,-16.5,-43.4,0,2018,4,25,16,53,1.758,0.1899,-0.3724,-0.1296,0.8991
-0.293,0.312,0.25,6.4,-6.7,-25.1,0,2018,4,25,16,53,1.761,0.1873,-0.3717,-0.1296,0.8999
-0.328,0.353,0.249,-1.9,0.3,-2.1,0,2018,4,25,16,53,1.78,0.1888,-0.3715,-0.1294,0.8997
-0.3,0.338,0.181,-8.3,4.1,19.4,0,2018,4,25,16,53,1.8,0.1941,-0.3719,-0.1297,0.8983
-0.177,0.24,0.124,-11.9,9,37.5,1023,2018,4,25,16,53,1.837,0.2032,-0.3724,-0.1303,0.8961
0.027,0.061,0.011,-12.6,12,50.5,1023,2018,4,25,16,53,1.856,0.2142,-0.3728,-0.1304,0.8933
0.24,-0.134,-0.113,-12.7,16.6,53,1023,2018,4,25,16,53,1.861,0.2262,-0.3736,-0.1295,0.8901
0.326,-0.284,-0.187,-12.4,17.7,41.5,1023,2018,4,25,16,53,1.899,0.2381,-0.3736,-0.1296,0.887
0.295,-0.323,-0.211,-11.9,10.3,17.8,1023,2018,4,25,16,53,1.919,0.2468,-0.374,-0.1289,0.8846
0.231,-0.312,-0.2,-8.7,-5,-9.9,1023,2018,4,25,16,53,1.924,0.2504,-0.3752,-0.1284,0.8831
0.133,-0.257,-0.156,-2.8,-20.6,-33.5,1023,2018,4,25,16,53,1.958,0.249,-0.377,-0.129,0.8827
0.033,-0.138,-0.097,3,-26.7,-48.7,1023,2018,4,25,16,53,1.978,0.2436,-0.3788,-0.1301,0.8832
-0.072,-0.004,-0.01,8.2,-23.1,-53.3,1023,2018,4,25,16,53,1.986,0.2359,-0.3805,-0.1291,0.8847
-0.18,0.174,0.078,9.7,-15.5,-47.9,1023,2018,4,25,16,53,2.004,0.229,-0.3807,-0.1279,0.8866
-0.241,0.267,0.151,8.9,-10.1,-36.2,1023,2018,4,25,16,53,2.028,0.2245,-0.3805,-0.1276,0.8879
-0.29,0.319,0.19,6,-4.5,-18.4,0,2018,4,25,16,53,2.043,0.2229,-0.38,-0.1274,0.8886
-0.307,0.328,0.196,1.5,1.5,1.3,0,2018,4,25,16,53,2.083,0.2248,-0.3793,-0.1275,0.8883
-0.276,0.255,0.166,-3.5,14,20.4,0,2018,4,25,16,53,2.103,0.2304,-0.3787,-0.1272,0.8872
-0.153,0.212,0.101,-6.8,18,36.7,0,2018,4,25,16,53,2.107,0.2391,-0.3779,-0.1264,0.8854
0.034,0.062,-0.01,-7.3,11.8,48,0,2018,4,25,16,53,2.127,0.2492,-0.3774,-0.1256,0.8829
0.165,-0.125,-0.123,-8,14.7,51,0,2018,4,25,16,53,2.146,0.2598,-0.3775,-0.1251,0.8799
0.231,-0.2,-0.163,-8.6,17.6,42.7,0,2018,4,25,16,53,2.186,0.2712,-0.3768,-0.1254,0.8767
0.284,-0.238,-0.189,-9.4,8.9,25.7,0,2018,4,25,16,53,2.206,0.2795,-0.3766,-0.1251,0.8742
0.287,-0.291,-0.214,-8.2,-6.7,3.8,0,2018,4,25,16,53,2.21,0.2842,-0.3774,-0.1257,0.8723
0.216,-0.283,-0.211,-4.8,-19.5,-20.1,0,2018,4,25,16,53,2.229,0.2843,-0.3791,-0.127,0.8713
0.12,-0.197,-0.157,0.6,-25.1,-40.8,0,2018,4,25,16,53,2.249,0.2801,-0.3811,-0.1284,0.8716
0.021,-0.055,-0.092,6.2,-28.1,-53,0,2018,4,25,16,53,2.27,0.2728,-0.383,-0.1293,0.873
-0.08,0.067,-0.007,10.5,-26.6,-55.2,0,2018,4,25,16,53,2.286,0.2633,-0.3848,-0.127,0.8754
-0.168,0.184,0.103,11.7,-19.3,-48.3,0,2018,4,25,16,53,2.305,0.2558,-0.3851,-0.1273,0.8774
-0.235,0.278,0.193,8.7,-7.7,-34.5,0,2018,4,25,16,53,2.343,0.2509,-0.3848,-0.1271,0.879
-0.296,0.338,0.233,2.7,-0.9,-15.5,0,2018,4,25,16,53,2.363,0.2493,-0.3845,-0.1264,0.8797
-0.306,0.344,0.231,-3.6,2,5.5,0,2018,4,25,16,53,2.367,0.2512,-0.3844,-0.1262,0.8792
-0.271,0.266,0.187,-8.8,6.4,24,0,2018,4,25,16,53,2.405,0.2564,-0.3848,-0.1265,0.8775
-0.191,0.181,0.115,-10.8,15.3,39.6,0,2018,4,25,16,53,2.424,0.2646,-0.3849,-0.1267,0.875
-0.018,0.078,0.037,-10.1,18.8,50.4,0,2018,4,25,16,53,2.429,0.275,-0.3845,-0.1259,0.8721
0.107,-0.059,-0.04,-8.8,20.5,53.6,0,2018,4,25,16,53,2.45,0.2853,-0.3846,-0.1226,0.8692
0.223,-0.172,-0.109,-9,21.2,47.9,0,2018,4,25,16,53,2.471,0.2964,-0.3837,-0.1222,0.8659
0.31,-0.259,-0.155,-10.4,16.8,33.8,0,2018,4,25,16,53,2.486,0.3057,-0.3832,-0.1216,0.863
0.292,-0.31,-0.199,-11.3,7.6,13.5,0,2018,4,25,16,53,2.523,0.3118,-0.3836,-0.1209,0.8607
0.238,-0.322,-0.228,-8.7,-5.2,-11.3,0,2018,4,25,16,53,2.543,0.3136,-0.3849,-0.1203,0.8596
0.159,-0.252,-0.203,-1.7,-17.7,-35.8,0,2018,4,25,16,53,2.547,0.3107,-0.3868,-0.1202,0.8598
0.059,-0.141,-0.148,7.3,-26.2,-53.7,0,2018,4,25,16,53,2.586,0.3039,-0.3884,-0.1208,0.8614
-0.049,-0.006,-0.049,14.5,-23.9,-61,0,2018,4,25,16,53,2.606,0.2943,-0.3896,-0.1198,0.8643
-0.16,0.142,0.072,16.9,-15.1,-57.6,0,2018,4,25,16,53,2.611,0.2847,-0.3894,-0.1178,0.8679
-0.235,0.271,0.179,13.2,-5.6,-43.8,0,2018,4,25,16,53,2.63,0.278,-0.3883,-0.1167,0.8707
-0.28,0.345,0.211,5.9,-0.9,-23.7,1023,2018,4,25,16,53,2.65,0.2749,-0.3875,-0.1155,0.8722
-0.323,0.356,0.234,-1.7,3.3,-2,1023,2018,4,25,16,53,2.687,0.2754,-0.3872,-0.1146,0.8723
-0.305,0.287,0.207,-7.6,7.9,16.9,1023,2018,4,25,16,53,2.706,0.2793,-0.3873,-0.1142,0.8711
-0.256,0.197,0.13,-10.5,19,34,1023,2018,4,25,16,53,2.709,0.2863,-0.3874,-0.1135,0.8689
-0.127,0.127,0.031,-9.3,24.5,46.2,1023,2018,4,25,16,53,2.728,0.296,-0.3868,-0.1124,0.866
0.072,0.003,-0.053,-6.5,20.5,54,1023,2018,4,25,16,53,2.748,0.3061,-0.3862,-0.1092,0.8632
0.231,-0.144,-0.154,-5.8,18.5,53.7,1023,2018,4,25,16,53,2.785,0.3169,-0.3853,-0.1088,0.8597
0.317,-0.245,-0.236,-5.6,17.4,42.6,1023,2018,4,25,16,53,2.806,0.3269,-0.3841,-0.109,0.8565
0.316,-0.294,-0.258,-3.7,8.6,21.9,1023,2018,4,25,16,53,2.811,0.3339,-0.3833,-0.109,0.8541
0.252,-0.314,-0.258,0.2,-6.5,-3.6,1023,2018,4,25,16,53,2.831,0.3366,-0.3832,-0.1094,0.8531
0.156,-0.27,-0.213,6.3,-22,-28.6,1023,2018,4,25,16,53,2.851,0.334,-0.3838,-0.1107,0.8536
0.051,-0.175,-0.131,13.3,-30.7,-47.3,0,2018,4,25,16,53,2.872,0.3273,-0.3846,-0.1128,0.8556
-0.056,-0.02,-0.028,18.8,-30.8,-56.2,0,2018,4,25,16,53,2.894,0.3176,-0.3853,-0.1134,0.8589
-0.136,0.125,0.055,20.7,-26.4,-54,0,2018,4,25,16,53,2.914,0.3076,-0.3849,-0.1129,0.8628
-0.2,0.243,0.126,18.4,-17.9,-42.9,0,2018,4,25,16,53,2.934,0.3,-0.3839,-0.1141,0.8657
-0.244,0.313,0.199,13.7,-9.2,-26.7,0,2018,4,25,16,53,2.954,0.2951,-0.3827,-0.1148,0.8678
-0.273,0.347,0.267,7.5,-0.6,-7.5,0,2018,4,25,16,53,2.97,0.2938,-0.3815,-0.115,0.8688
-0.224,0.342,0.257,-1.2,4.6,13.9,0,2018,4,25,16,53,3.005,0.2962,-0.3807,-0.1152,0.8683
-0.036,0.237,0.157,-11.1,10,34.5,0,2018,4,25,16,53,3.025,0.3023,-0.3806,-0.1154,0.8662
0.096,0.096,0.073,-20.1,14.4,48.8,0,2018,4,25,16,53,3.032,0.311,-0.3815,-0.1144,0.8628
0.139,-0.081,-0.015,-25.8,19.4,52.4,0,2018,4,25,16,53,3.052,0.3201,-0.3841,-0.1105,0.8589
0.117,-0.202,-0.064,-26.6,21.9,42.7,0,2018,4,25,16,53,3.071,0.3305,-0.3859,-0.109,0.8543
0.07,-0.247,-0.109,-23.5,15.8,24.5,0,2018,4,25,16,53,3.107,0.3385,-0.3877,-0.107,0.8506
0.019,-0.195,-0.158,-16.3,0,2.4,0,2018,4,25,16,53,3.126,0.3425,-0.3899,-0.1055,0.8482
-0.013,-0.222,-0.172,-2,-22,-23.5,0,2018,4,25,16,53,3.133,0.3411,-0.3921,-0.1061,0.8476
-0.035,-0.164,-0.209,20.5,-30.8,-45.7,0,2018,4,25,16,53,3.169,0.3349,-0.393,-0.1083,0.8494
-0.06,-0.019,-0.153,40,-23.9,-55.5,0,2018,4,25,16,53,3.189,0.3254,-0.3911,-0.1101,0.8538
-0.031,0.173,-0.009,49.8,-15.3,-53.3,0,2018,4,25,16,53,3.194,0.3149,-0.3869,-0.109,0.8597
0.018,0.198,0.123,43.5,-9.9,-37.3,0,2018,4,25,16,53,3.214,0.3076,-0.3812,-0.1107,0.8647
0.049,0.323,0.211,25,7.9,-13.3,0,2018,4,25,16,53,3.25,0.3047,-0.3762,-0.1109,0.8678
0.059,0.339,0.188,2.8,19.7,8.8,0,2018,4,25,16,53,3.272,0.3067,-0.3734,-0.1094,0.8686
0.009,0.274,0.184,-17.8,20.1,25.9,0,2018,4,25,16,53,3.276,0.3125,-0.373,-0.107,0.8669
-0.045,-0.002,0.118,-31.7,17.1,33.4,0,2018,4,25,16,53,3.294,0.3196,-0.3752,-0.104,0.8637
-0.092,-0.154,0.05,-36.5,21,31.7,0,2018,4,25,16,53,3.334,0.3274,-0.3786,-0.1007,0.8597
-0.106,-0.186,-0.049,-33.8,21.5,18.5,0,2018,4,25,16,53,3.352,0.3344,-0.3822,-0.097,0.8559
-0.079,-0.253,-0.259,-16.1,10.1,-0.3,0,2018,4,25,16,53,3.357,0.3382,-0.3848,-0.0937,0.8536
-0.066,-0.164,-0.359,9.5,-14.5,-17,0,2018,4,25,16,53,3.377,0.3378,-0.3854,-0.0931,0.8535
-0.035,-0.133,-0.335,37,-32.7,-30.6,0,2018,4,25,16,53,3.396,0.3332,-0.3836,-0.0967,0.8558
-0.013,-0.007,-0.146,55.4,-32.2,-34,0,2018,4,25,16,53,3.412,0.3259,-0.3792,-0.1017,0.86
0.037,0.108,0.05,56.1,-24.4,-27.6,0,2018,4,25,16,53,3.45,0.3177,-0.3735,-0.1031,0.8653
0.057,0.196,0.208,41.6,-14.5,-13.9,0,2018,4,25,16,53,3.472,0.3132,-0.3674,-0.1068,0.8691
0.036,0.232,0.291,17.5,-1.5,0.7,0,2018,4,25,16,53,3.476,0.3124,-0.3634,-0.1092,0.8708
-0.011,0.194,0.301,-9.1,4.6,12.6,1023,2018,4,25,16,53,3.494,0.3147,-0.3626,-0.1096,0.8702
-0.055,0.078,0.232,-31.1,8.2,21.4,1023,2018,4,25,16,53,3.532,0.3192,-0.3651,-0.1085,0.8677
-0.097,-0.005,0.113,-44.9,13.6,24.8,1023,2018,4,25,16,53,3.551,0.3247,-0.3694,-0.1044,0.8643
-0.074,-0.136,-0.071,-44.7,12.9,16.9,1023,2018,4,25,16,53,3.555,0.3299,-0.3748,-0.0985,0.8607
-0.028,-0.169,-0.321,-25.3,9.9,3.5,1023,2018,4,25,16,53,3.576,0.3338,-0.3792,-0.0952,0.8576
0.008,-0.144,-0.44,7.5,-5.8,-13.6,1023,2018,4,25,16,53,3.596,0.334,-0.3805,-0.0942,0.8571
0,-0.099,-0.369,39.4,-14.7,-30,1023,2018,4,25,16,53,3.634,0.3304,-0.3776,-0.0958,0.8596
0.023,0.052,-0.128,58.9,-15.1,-39.2,1023,2018,4,25,16,53,3.654,0.3234,-0.3721,-0.0973,0.8645
0.044,0.039,0.066,58.1,-18,-34.8,1023,2018,4,25,16,53,3.658,0.3149,-0.3653,-0.0968,0.8705
0.032,0.188,0.287,38.8,-3.4,-16.7,1023,2018,4,25,16,53,3.674,0.3099,-0.3588,-0.0978,0.8749
0.028,0.267,0.355,8.6,17.8,3.5,1023,2018,4,25,16,53,3.713,0.31,-0.3548,-0.0976,0.8765
-0.019,0.334,0.301,-21.3,30.6,23.2,0,2018,4,25,16,53,3.731,0.3149,-0.3542,-0.0941,0.8754
-0.056,0.185,0.228,-45.8,23.2,37.6,0,2018,4,25,16,53,3.734,0.3229,-0.3574,-0.0898,0.8716
-0.066,-0.059,0.063,-58.5,18,44.6,0,2018,4,25,16,53,3.77,0.3318,-0.3634,-0.0849,0.8663
-0.084,-0.161,-0.096,-58.5,22.9,40.4,0,2018,4,25,16,53,3.793,0.3412,-0.3704,-0.0806,0.86
-0.056,-0.206,-0.247,-45.7,18.2,25.2,0,2018,4,25,16,53,3.796,0.3492,-0.3766,-0.0762,0.8545
-0.026,-0.225,-0.424,-17.9,0,3.9,0,2018,4,25,16,53,3.833,0.3533,-0.3805,-0.0737,0.8514
-0.013,-0.208,-0.499,19.4,-24,-18.3,0,2018,4,25,16,53,3.854,0.3522,-0.3811,-0.0754,0.8514
-0.021,-0.106,-0.37,54.2,-34.8,-37.7,0,2018,4,25,16,53,3.857,0.3462,-0.3775,-0.0802,0.855
0.001,-0.005,-0.15,75.3,-40.2,-45.8,0,2018,4,25,16,53,3.891,0.3369,-0.3706,-0.0868,0.8611
0.006,0.095,0.093,76.9,-36.9,-42.7,0,2018,4,25,16,53,3.913,0.3259,-0.3621,-0.0901,0.8686
0.001,0.197,0.337,56.9,-22,-25,0,2018,4,25,16,53,3.916,0.3181,-0.3539,-0.0957,0.8742
-0.002,0.283,0.449,24.7,2.2,-4,0,2018,4,25,16,53,3.934,0.3154,-0.3485,-0.0985,0.877
-0.011,0.345,0.418,-8.8,20.2,16.8,0,2018,4,25,16,53,3.973,0.3179,-0.3465,-0.0973,0.8771
-0.02,0.23,0.35,-39.1,21.6,34,0,2018,4,25,16,53,3.993,0.3245,-0.3487,-0.094,0.8741
-0.037,0.025,0.176,-59.1,21.1,44.7,0,2018,4,25,16,53,3.996,0.3331,-0.3544,-0.0901,0.869
-0.057,-0.138,-0.032,-67.7,21,44.6,0,2018,4,25,16,53,4.035,0.3425,-0.362,-0.0839,0.8628
-0.048,-0.162,-0.164,-62.7,14.4,29.6,0,2018,4,25,16,53,4.055,0.3506,-0.3705,-0.0787,0.8564
-0.002,-0.288,-0.365,-39.3,1.7,5.3,0,2018,4,25,16,53,4.057,0.3549,-0.3775,-0.0755,0.8519
0.018,-0.258,-0.494,-1,-12.4,-18.1,0,2018,4,25,16,53,4.098,0.3543,-0.3808,-0.0746,0.8507
0.005,-0.176,-0.486,38.7,-25.5,-37.9,0,2018,4,25,16,53,4.117,0.3491,-0.3793,-0.0769,0.8533
-0.024,-0.02,-0.315,70.5,-27.7,-51.2,0,2018,4,25,16,53,4.119,0.3405,-0.3731,-0.0814,0.8591
-0.03,0.02,-0.125,84.9,-28.8,-55.3,0,2018,4,25,16,53,4.138,0.3293,-0.3642,-0.0849,0.8669
-0.042,0.105,0.203,77.3,-17.2,-41.5,0,2018,4,25,16,53,4.158,0.3191,-0.3538,-0.0875,0.8747
-0.043,0.27,0.488,47.3,5.2,-17.2,0,2018,4,25,16,53,4.177,0.3143,-0.3448,-0.0901,0.8798
-0.045,0.437,0.515,8,26.8,9.8,0,2018,4,25,16,53,4.196,0.315,-0.3398,-0.0887,0.8816
-0.061,0.41,0.455,-30.6,28.2,34,0,2018,4,25,16,53,4.231,0.3211,-0.3397,-0.0848,0.8798
-0.092,0.231,0.374,-62.6,16.8,52.5,0,2018,4,25,16,53,4.252,0.3304,-0.3451,-0.0813,0.8746
-0.121,0,0.176,-86,13.3,60.7,0,2018,4,25,16,53,4.26,0.3418,-0.355,-0.0782,0.8665
-0.063,-0.246,-0.133,-89.2,22.9,54.4,0,2018,4,25,16,53,4.3,0.3533,-0.3666,-0.0738,0.8574
0.006,-0.301,-0.357,-68.6,28.6,34.4,0,2018,4,25,16,53,4.32,0.3632,-0.3762,-0.0676,0.8496
0.058,-0.304,-0.51,-31.8,9.3,6.9,1023,2018,4,25,16,53,4.324,0.3685,-0.3821,-0.0628,0.845
0.066,-0.271,-0.58,10.4,-18.1,-18.5,1023,2018,4,25,16,53,4.34,0.3679,-0.3839,-0.0625,0.8445
0.032,-0.212,-0.496,50.3,-30.6,-39.2,1023,2018,4,25,16,53,4.358,0.3618,-0.3811,-0.0664,0.8481
0.003,-0.149,-0.297,78.1,-33.7,-51.5,1023,2018,4,25,16,53,4.378,0.3525,-0.3738,-0.0725,0.8547
-0.023,0.043,0.005,85.9,-18.7,-51,1023,2018,4,25,16,53,4.418,0.342,-0.3638,-0.0765,0.8629
-0.056,0.221,0.34,70.3,-1.1,-38.7,1023,2018,4,25,16,53,4.437,0.3338,-0.3528,-0.0789,0.8705
-0.067,0.37,0.488,35.9,13.3,-15.9,1023,2018,4,25,16,53,4.441,0.33,-0.3447,-0.0793,0.8751
-0.074,0.438,0.489,-3.6,21.7,9.1,1023,2018,4,25,16,53,4.462,0.3308,-0.3413,-0.0772,0.8763
-0.087,0.364,0.437,-40.4,18.3,31.9,1023,2018,4,25,16,53,4.482,0.3361,-0.3434,-0.0739,0.8738
-0.093,0.156,0.267,-68.1,9.1,48.1,1023,2018,4,25,16,53,4.517,0.3443,-0.3506,-0.0711,0.868
-0.069,-0.084,-0.017,-80,7.3,52,0,2018,4,25,16,53,4.537,0.3535,-0.3607,-0.0671,0.8604
-0.029,-0.275,-0.263,-70.9,19.9,42.2,0,2018,4,25,16,53,4.541,0.3629,-0.3708,-0.063,0.8525
0.052,-0.329,-0.465,-42,19.2,19.6,0,2018,4,25,16,53,4.564,0.3699,-0.3776,-0.0583,0.8468
0.089,-0.303,-0.565,1.4,2.6,-8.5,0,2018,4,25,16,53,4.585,0.3721,-0.3796,-0.0555,0.8451
0.062,-0.235,-0.528,44.1,-21.7,-33.7,0,2018,4,25,16,53,4.599,0.3682,-0.3769,-0.0572,0.8479
0.003,-0.126,-0.304,73.8,-33.7,-50.8,0,2018,4,25,16,53,4.639,0.3598,-0.37,-0.0627,0.8542
-0.044,-0.008,0.032,81,-24.2,-52.5,0,2018,4,25,16,53,4.66,0.349,-0.3608,-0.0673,0.8622
-0.078,0.199,0.354,63.6,0,-38.7,0,2018,4,25,16,53,4.664,0.3406,-0.3507,-0.0697,0.8695
-0.074,0.387,0.499,27.6,15.7,-15.6,0,2018,4,25,16,53,4.683,0.3372,-0.3435,-0.0693,0.8737
-0.072,0.48,0.49,-11.3,15.2,10.1,0,2018,4,25,16,53,4.703,0.3382,-0.3414,-0.0671,0.8743
-0.084,0.38,0.424,-46.9,6.9,33.7,0,2018,4,25,16,53,4.725,0.3432,-0.3451,-0.0649,0.8711
-0.09,0.143,0.228,-72.8,1.8,49.8,0,2018,4,25,16,53,4.744,0.351,-0.3538,-0.0632,0.8646
-0.058,-0.119,-0.057,-80.3,10.7,51.8,0,2018,4,25,16,53,4.765,0.3598,-0.3645,-0.059,0.8567
0.007,-0.297,-0.319,-65.7,19.4,39,0,2018,4,25,16,53,4.787,0.3688,-0.3741,-0.0548,0.849
0.061,-0.328,-0.492,-31.5,12.1,12.7,0,2018,4,25,16,53,4.805,0.3747,-0.3799,-0.0508,0.8441
0.058,-0.303,-0.528,11.8,-8.8,-17,0,2018,4,25,16,53,4.822,0.3747,-0.3811,-0.0497,0.8436
0.021,-0.214,-0.449,50.8,-26.3,-40,0,2018,4,25,16,53,4.842,0.3694,-0.3776,-0.0527,0.8473
-0.027,-0.082,-0.194,74.6,-28.3,-50.5,0,2018,4,25,16,53,4.863,0.3603,-0.3702,-0.0581,0.8541
-0.06,0.091,0.129,73.3,-12.5,-44.4,0,2018,4,25,16,53,4.883,0.3503,-0.3608,-0.0605,0.8621
-0.069,0.295,0.366,49.4,3.4,-25.3,0,2018,4,25,16,53,4.903,0.3447,-0.3519,-0.0627,0.8679
-0.076,0.433,0.444,15.1,11.3,-0.3,0,2018,4,25,16,53,4.923,0.3436,-0.3467,-0.0626,0.8705
-0.08,0.423,0.428,-19.6,9.7,24.9,0,2018,4,25,16,53,4.943,0.3467,-0.3464,-0.0615,0.8694
-0.087,0.302,0.338,-49.3,4.3,45.7,0,2018,4,25,16,53,4.962,0.3532,-0.351,-0.0604,0.865
-0.09,0.067,0.145,-68.2,1.6,57.7,0,2018,4,25,16,53,5.001,0.3621,-0.3594,-0.0598,0.8579
-0.055,-0.158,-0.113,-71.6,12.9,57.7,0,2018,4,25,16,53,5.022,0.3718,-0.3688,-0.056,0.85
0.004,-0.271,-0.31,-53.2,20.6,42,0,2018,4,25,16,53,5.025,0.3811,-0.3765,-0.0524,0.8427
0.065,-0.319,-0.43,-20.1,10.8,17.2,0,2018,4,25,16,53,5.041,0.3868,-0.3805,-0.0494,0.8385
0.075,-0.308,-0.504,19.7,-12.7,-10.5,0,2018,4,25,16,53,5.062,0.3872,-0.3804,-0.0497,0.8383
0.031,-0.24,-0.445,55.8,-34.8,-34,1023,2018,4,25,16,53,5.082,0.382,-0.3765,-0.0545,0.8422
-0.045,-0.169,-0.252,79.4,-46.4,-47.8,1023,2018,4,25,16,53,5.104,0.3725,-0.3695,-0.0626,0.8489
-0.113,-0.011,0.063,86.9,-33.7,-48,1023,2018,4,25,16,53,5.143,0.3614,-0.36,-0.0698,0.8572
-0.146,0.166,0.359,73.2,-9.6,-35.3,1023,2018,4,25,16,53,5.163,0.3527,-0.3495,-0.0751,0.8647
-0.122,0.377,0.506,42.2,11.8,-12.2,1023,2018,4,25,16,53,5.166,0.3488,-0.3408,-0.0767,0.8696
-0.075,0.511,0.45,4.4,14.6,15.4,1023,2018,4,25,16,53,5.204,0.3498,-0.3365,-0.076,0.8709
-0.043,0.424,0.385,-31.3,6.7,41.2,1023,2018,4,25,16,53,5.223,0.3552,-0.3376,-0.0752,0.8684
-0.028,0.188,0.258,-58.7,4.7,60.2,1023,2018,4,25,16,53,5.226,0.3638,-0.3437,-0.0746,0.8624
-0.008,-0.067,0.026,-72.2,13.7,67.6,1023,2018,4,25,16,53,5.266,0.3743,-0.3523,-0.0714,0.8547
0.024,-0.234,-0.226,-67.7,21,59,1023,2018,4,25,16,53,5.269,0.3855,-0.361,-0.0673,0.8464
0.065,-0.328,-0.435,-43.1,11.5,34.4,1023,2018,4,25,16,53,5.286,0.3939,-0.3677,-0.064,0.8399
0.074,-0.341,-0.526,-6.1,-12.8,3.2,1023,2018,4,25,16,53,5.325,0.3967,-0.3711,-0.0636,0.8371
0.064,-0.305,-0.549,32.7,-35,-23.6,0,2018,4,25,16,53,5.328,0.3929,-0.3709,-0.0676,0.8386
0.018,-0.209,-0.474,66.7,-48.5,-42.2,0,2018,4,25,16,53,5.346,0.3845,-0.3667,-0.0751,0.8438
-0.008,-0.068,-0.325,89.1,-53.8,-48.4,0,2018,4,25,16,53,5.365,0.3729,-0.359,-0.0851,0.8512
-0.053,0.086,-0.076,97.6,-52.8,-45.1,0,2018,4,25,16,53,5.402,0.3601,-0.3497,-0.094,0.8597
-0.043,0.248,0.148,91.1,-46.6,-35,0,2018,4,25,16,53,5.422,0.3488,-0.3391,-0.104,0.8674
0.001,0.314,0.384,69.2,-34.8,-20.6,0,2018,4,25,16,53,5.425,0.3403,-0.3298,-0.1135,0.8732
0.094,0.303,0.503,33.3,-19.8,-0.5,0,2018,4,25,16,53,5.465,0.3359,-0.3238,-0.1201,0.8762
0.098,0.268,0.516,-5.5,-9.7,16.9,0,2018,4,25,16,53,5.487,0.3362,-0.3224,-0.1234,0.8762
0.042,0.124,0.428,-39.9,-7.3,27.2,0,2018,4,25,16,53,5.49,0.3395,-0.3261,-0.1245,0.8734
-0.003,-0.099,0.219,-62.1,-8.2,29.7,0,2018,4,25,16,53,5.526,0.3442,-0.3336,-0.1233,0.8688
-0.045,-0.228,-0.059,-63.8,0.8,24.3,0,2018,4,25,16,53,5.549,0.3492,-0.343,-0.1216,0.8634
-0.098,-0.134,-0.24,-47.4,6.2,10.9,0,2018,4,25,16,53,5.553,0.3531,-0.3508,-0.1185,0.8591
-0.12,-0.084,-0.364,-20,-10,-12.7,0,2018,4,25,16,53,5.566,0.3532,-0.356,-0.1163,0.8572
-0.107,-0.123,-0.442,19.5,-26.9,-36.2,0,2018,4,25,16,53,5.604,0.3476,-0.3578,-0.1178,0.8586
-0.122,-0.086,-0.311,56.5,-34.1,-51.1,0,2018,4,25,16,53,5.624,0.3377,-0.3546,-0.1221,0.8632
-0.089,0.042,-0.028,78,-19,-52,0,2018,4,25,16,53,5.628,0.3257,-0.347,-0.1256,0.8704
-0.029,0.115,0.247,73,-2.7,-38.7,0,2018,4,25,16,53,5.667,0.3162,-0.3365,-0.1279,0.8776
0.01,0.3,0.411,44.7,14.9,-10.1,0,2018,4,25,16,53,5.686,0.3116,-0.3275,-0.1287,0.8826
0.019,0.374,0.457,7.6,29.9,17,0,2018,4,25,16,53,5.691,0.3129,-0.3222,-0.1267,0.8843
-0.034,0.331,0.404,-28.7,28,39,0,2018,4,25,16,53,5.726,0.3193,-0.3217,-0.123,0.8828
-0.07,0.072,0.228,-57.3,17.2,51.8,0,2018,4,25,16,53,5.747,0.3285,-0.3264,-0.1197,0.8781
-0.06,-0.155,-0.02,-68.4,24.6,51.5,0,2018,4,25,16,53,5.75,0.3385,-0.3338,-0.1151,0.8722
-0.03,-0.296,-0.244,-59.4,34.2,37.1,0,2018,4,25,16,53,5.769,0.3481,-0.341,-0.1093,0.8663
0.006,-0.266,-0.446,-31.5,24.9,12.6,0,2018,4,25,16,53,5.788,0.3542,-0.3455,-0.1031,0.8628
0.028,-0.206,-0.54,6.5,-2.8,-13.9,0,2018,4,25,16,53,5.809,0.3544,-0.3467,-0.1006,0.8625
0.014,-0.177,-0.504,45.2,-24.5,-35.9,0,2018,4,25,16,53,5.831,0.3488,-0.3441,-0.1031,0.8655
-0.015,-0.045,-0.265,72.8,-27.5,-46.3,0,2018,4,25,16,53,5.851,0.3395,-0.3373,-0.1084,0.8712
-0.029,0.061,0.058,78.5,-13.6,-42,0,2018,4,25,16,53,5.89,0.3288,-0.328,-0.1111,0.8785
-0.029,0.245,0.348,59.2,10.4,-21,0,2018,4,25,16,53,5.908,0.3223,-0.3178,-0.1131,0.8844
-0.018,0.393,0.453,25,29.1,4.9,1023,2018,4,25,16,53,5.912,0.3215,-0.3103,-0.1117,0.8875
-0.032,0.427,0.441,-12.8,30.5,29.8,1023,2018,4,25,16,53,5.931,0.326,-0.3074,-0.1081,0.8873
-0.074,0.252,0.375,-46.2,16.2,48.7,1023,2018,4,25,16,53,5.952,0.3337,-0.3101,-0.1049,0.8839
-0.093,-0.023,0.169,-70.8,13.4,57.5,1023,2018,4,25,16,53,5.991,0.3437,-0.3175,-0.1019,0.8778
-0.061,-0.267,-0.084,-75.9,23.7,50.9,1023,2018,4,25,16,53,5.995,0.354,-0.3269,-0.0976,0.8707
-0.005,-0.349,-0.339,-62.1,22.7,32.3,1023,2018,4,25,16,53,6.011,0.3626,-0.3354,-0.092,0.8645
0.06,-0.368,-0.558,-26,11.3,3.1,1023,2018,4,25,16,53,6.031,0.3665,-0.3407,-0.0875,0.8613
0.078,-0.271,-0.63,22.2,-11.1,-26.7,1023,2018,4,25,16,53,6.051,0.3644,-0.3411,-0.0867,0.8621
0.028,-0.149,-0.485,67.3,-25.6,-50.3,1023,2018,4,25,16,53,6.072,0.3565,-0.3358,-0.0902,0.8671
-0.054,-0.004,-0.149,90,-20,-55.8,1023,2018,4,25,16,53,6.091,0.345,-0.326,-0.0954,0.8749
-0.102,0.158,0.237,83.5,6.3,-40.8,0,2018,4,25,16,53,6.13,0.3351,-0.3136,-0.0975,0.883
-0.096,0.379,0.462,55.6,30.2,-16.4,0,2018,4,25,16,53,6.134,0.3308,-0.302,-0.0968,0.8887
-0.069,0.459,0.492,18.5,31.8,8.2,0,2018,4,25,16,53,6.151,0.3313,-0.2945,-0.0937,0.8914
-0.049,0.396,0.477,-19.1,17.4,31.6,0,2018,4,25,16,53,6.19,0.3356,-0.293,-0.0907,0.8906
-0.058,0.135,0.381,-52.9,11.9,49.9,0,2018,4,25,16,53,6.213,0.3432,-0.2974,-0.0887,0.8864
-0.051,-0.064,0.121,-75.2,17.6,57.4,0,2018,4,25,16,53,6.217,0.3531,-0.3055,-0.0844,0.8802
-0.031,-0.208,-0.146,-80.5,25,52.1,0,2018,4,25,16,53,6.235,0.3636,-0.3155,-0.0789,0.8729
0.008,-0.235,-0.382,-68.3,15.2,37,0,2018,4,25,16,53,6.255,0.3723,-0.325,-0.0733,0.8662
0.045,-0.268,-0.533,-38.3,-8.6,13,0,2018,4,25,16,53,6.273,0.3768,-0.3326,-0.0708,0.8615
0.044,-0.253,-0.564,-0.3,-28.3,-9,0,2018,4,25,16,53,6.291,0.3756,-0.3366,-0.0725,0.8604
0.006,-0.144,-0.501,34.5,-43.9,-23.7,0,2018,4,25,16,53,6.313,0.3705,-0.3365,-0.0783,0.8621
-0.066,-0.015,-0.371,57.8,-48.2,-26.7,0,2018,4,25,16,53,6.332,0.3628,-0.3326,-0.0869,0.8661
-0.124,0.142,-0.199,66.7,-54.4,-19.1,0,2018,4,25,16,53,6.352,0.3549,-0.3265,-0.0972,0.8705
-0.159,0.231,-0.092,63.2,-60.9,-1.7,0,2018,4,25,16,53,6.39,0.3487,-0.3203,-0.1096,0.8739
-0.159,0.298,-0.027,54.7,-67.1,18.1,0,2018,4,25,16,53,6.411,0.345,-0.3149,-0.1233,0.8755
-0.113,0.249,-0.021,43.9,-79.8,39,0,2018,4,25,16,53,6.415,0.3438,-0.3112,-0.1392,0.8749
-0.021,0.213,-0.121,36.3,-76.2,57.2,0,2018,4,25,16,53,6.436,0.3458,-0.3087,-0.1563,0.8721
0.066,0.212,-0.182,38,-61.7,67.1,0,2018,4,25,16,53,6.456,0.3506,-0.3055,-0.1723,0.8683
0.079,0.301,-0.127,45.5,-66.2,72.7,0,2018,4,25,16,53,6.473,0.3567,-0.3007,-0.188,0.8642
0.069,0.169,0,48.9,-84.2,74.3,0,2018,4,25,16,53,6.516,0.3622,-0.2958,-0.2062,0.8594
0.073,-0.094,0.141,45.2,-95.6,69.3,0,2018,4,25,16,53,6.519,0.3662,-0.2919,-0.225,0.8543
0.101,-0.46,0.342,32.8,-93.1,52.6,0,2018,4,25,16,53,6.531,0.3688,-0.2897,-0.2442,0.8487
0.097,-0.746,0.473,13.1,-80.9,22.9,0,2018,4,25,16,53,6.571,0.369,-0.2903,-0.2607,0.8435
0.126,-0.701,0.439,-12.7,-72.3,-17.8,0,2018,4,25,16,53,6.59,0.3655,-0.295,-0.2719,0.8398
0.14,-0.426,0.351,-34,-80.5,-49.8,0,2018,4,25,16,53,6.595,0.3575,-0.3051,-0.2795,0.8372
0.045,-0.159,0.204,-46.5,-94.5,-66.7,0,2018,4,25,16,53,6.633,0.3454,-0.3196,-0.285,0.8349
-0.043,0.067,0.036,-51.8,-77.3,-66.1,0,2018,4,25,16,53,6.654,0.3327,-0.3352,-0.2882,0.8329
-0.099,0.295,-0.114,-48.1,-64.2,-54.4,0,2018,4,25,16,53,6.658,0.322,-0.3494,-0.2905,0.8304
-0.118,0.396,-0.288,-36.6,-69.1,-35,0,2018,4,25,16,53,6.674,0.3137,-0.3616,-0.2949,0.8268
-0.101,0.352,-0.372,-16.3,-67.3,-12.6,1023,2018,4,25,16,53,6.694,0.3072,-0.3705,-0.302,0.8228
-0.084,0.343,-0.359,13,-37.7,9.1,1023,2018,4,25,16,53,6.73,0.3037,-0.3736,-0.3096,0.8198
-0.075,0.313,-0.282,42.4,-11.6,26.9,1023,2018,4,25,16,53,6.75,0.3033,-0.3697,-0.3156,0.8195
-0.062,0.247,-0.082,63.3,-2.9,38.3,1023,2018,4,25,16,53,6.753,0.3048,-0.3601,-0.3212,0.821
-0.043,-0.033,0.184,64.4,-16.7,38,1023,2018,4,25,16,53,6.791,0.3059,-0.3491,-0.3283,0.8226
-0.002,-0.443,0.473,49.3,-18.6,26.5,1023,2018,4,25,16,53,6.81,0.3062,-0.3398,-0.336,0.8232
0.053,-0.599,0.554,21.2,-15.8,3.2,1023,2018,4,25,16,53,6.817,0.3053,-0.3348,-0.3413,0.8234
0.088,-0.592,0.451,-10,-2.5,-28.3,1023,2018,4,25,16,53,6.836,0.3025,-0.3354,-0.3422,0.8239
0.089,-0.38,0.29,-35,4.1,-54.4,1023,2018,4,25,16,53,6.856,0.2978,-0.3413,-0.3381,0.8248
0.038,-0.125,0.145,-50.2,13,-67.8,1023,2018,4,25,16,53,6.876,0.2917,-0.3506,-0.3294,0.8266
-0.03,0.087,-0.025,-53.3,9.1,-70.1,1023,2018,4,25,16,53,6.898,0.2847,-0.3615,-0.318,0.8288
-0.07,0.219,-0.184,-47.1,3.5,-63.8,0,2018,4,25,16,53,6.92,0.2774,-0.3725,-0.3084,0.8301
-0.103,0.332,-0.292,-34.3,3.5,-51.5,0,2018,4,25,16,53,6.939,0.2715,-0.3812,-0.302,0.8304
-0.124,0.364,-0.334,-15.1,1,-34.7,0,2018,4,25,16,53,6.954,0.2666,-0.387,-0.2977,0.8308
-0.102,0.426,-0.351,8.5,8.3,-12.4,0,2018,4,25,16,53,6.993,0.2636,-0.3885,-0.2954,0.8319
-0.069,0.491,-0.323,33.6,24,12.1,0,2018,4,25,16,53,7.013,0.2637,-0.3845,-0.294,0.8343
-0.053,0.499,-0.243,55.9,26.8,35.6,0,2018,4,25,16,53,7.015,0.2667,-0.3753,-0.2938,0.8376
-0.019,0.36,-0.098,70.2,15.2,55.5,0,2018,4,25,16,53,7.056,0.2716,-0.3624,-0.2968,0.8406
-0.039,0.045,0.126,64.4,1.6,62.1,0,2018,4,25,16,53,7.076,0.2774,-0.3486,-0.3024,0.8425
-0.028,-0.393,0.365,47.7,10,55.2,0,2018,4,25,16,53,7.079,0.2833,-0.3366,-0.3071,0.8438
-0.022,-0.552,0.444,22.2,17.9,33,0,2018,4,25,16,53,7.116,0.2889,-0.3283,-0.3092,0.8444
-0.026,-0.578,0.399,-6.1,6.6,1,0,2018,4,25,16,53,7.136,0.2918,-0.3256,-0.3085,0.8447
-0.008,-0.468,0.335,-30.9,-14.2,-27.6,0,2018,4,25,16,53,7.141,0.2904,-0.3296,-0.3074,0.844
0.009,-0.272,0.17,-46.3,-11.1,-45.4,0,2018,4,25,16,53,7.177,0.2861,-0.3382,-0.3054,0.8428
-0.034,-0.028,-0.003,-51.3,6.1,-51.5,0,2018,4,25,16,53,7.181,0.281,-0.3482,-0.2991,0.8427
-0.057,0.195,-0.16,-47.8,18,-46.9,0,2018,4,25,16,53,7.199,0.2764,-0.3576,-0.2894,0.8437
-0.061,0.368,-0.257,-36.8,15.1,-34.9,0,2018,4,25,16,53,7.218,0.2735,-0.3651,-0.2821,0.8439
-0.037,0.409,-0.303,-17.8,7.7,-16.9,0,2018,4,25,16,53,7.24,0.2717,-0.3699,-0.2775,0.8439
0.002,0.466,-0.325,4.7,10.9,5.5,0,2018,4,25,16,53,7.26,0.2718,-0.3706,-0.2756,0.8442
0.014,0.452,-0.296,28,18.9,28.6,0,2018,4,25,16,53,7.279,0.2746,-0.3666,-0.2753,0.8451
0.005,0.324,-0.184,48.2,26.8,49.8,0,2018,4,25,16,53,7.299,0.2801,-0.3577,-0.2764,0.8468
-0.011,0.097,-0.046,59.2,29.7,60.7,0,2018,4,25,16,53,7.318,0.2875,-0.3454,-0.2778,0.8489
-0.019,-0.34,0.193,48.7,16.8,50.7,0,2018,4,25,16,53,7.358,0.2941,-0.3334,-0.2789,0.8511
-0.029,-0.7,0.425,29.2,27.1,27.1,0,2018,4,25,16,53,7.378,0.2993,-0.3245,-0.2799,0.8524
0.002,-0.671,0.444,0.3,28.5,-8,0,2018,4,25,16,53,7.383,0.3016,-0.3203,-0.2768,0.8542
0.055,-0.415,0.291,-25.5,18.1,-40.7,0,2018,4,25,16,53,7.399,0.2997,-0.3224,-0.2712,0.8559
0.023,-0.093,0.145,-42.7,15.4,-54.9,0,2018,4,25,16,53,7.434,0.2946,-0.3291,-0.2634,0.8575
-0.039,0.321,-0.03,-53,6.3,-51.9,0,2018,4,25,16,53,7.454,0.2892,-0.338,-0.2546,0.8586
-0.066,0.467,-0.202,-48.6,-5.8,-35.3,0,2018,4,25,16,53,7.458,0.2847,-0.3478,-0.2495,0.8576
-0.068,0.521,-0.332,-32.4,-7.3,-7.5,0,2018,4,25,16,53,7.479,0.2828,-0.3553,-0.2474,0.8558
-0.045,0.612,-0.361,-10.3,-4.6,22.6,1023,2018,4,25,16,53,7.499,0.2847,-0.3583,-0.2477,0.8538
-0.034,0.443,-0.299,17.3,8.1,49.2,1023,2018,4,25,16,53,7.54,0.2901,-0.356,-0.25,0.8523
-0.02,0.146,-0.192,44.2,25.9,69.1,1023,2018,4,25,16,53,7.559,0.2988,-0.3477,-0.2528,0.8519
-0.037,-0.195,-0.026,55.9,27.4,71.9,1023,2018,4,25,16,53,7.563,0.3083,-0.3359,-0.2542,0.8528
-0.067,-0.552,0.226,41.8,1.2,48.5,1023,2018,4,25,16,53,7.582,0.3159,-0.3256,-0.2588,0.8527
-0.061,-0.736,0.339,20.5,0.8,11.6,1023,2018,4,25,16,53,7.602,0.319,-0.3194,-0.262,0.8529
0.039,-0.572,0.28,-4.3,1.5,-24.3,1023,2018,4,25,16,53,7.641,0.3176,-0.3186,-0.2618,0.8538
0.053,-0.226,0.158,-23.2,5.4,-44.5,1023,2018,4,25,16,53,7.66,0.3129,-0.3224,-0.2584,0.8551
0.001,0.154,0.013,-34.1,7.4,-46.9,1023,2018,4,25,16,53,7.664,0.3071,-0.3284,-0.2507,0.8572
-0.034,0.348,-0.101,-34.4,-2.9,-36.1,1023,2018,4,25,16,53,7.681,0.3024,-0.3355,-0.2461,0.8575
-0.067,0.444,-0.165,-23.1,-2.8,-14.8,1023,2018,4,25,16,53,7.719,0.2996,-0.3411,-0.2437,0.8569
-0.064,0.496,-0.21,-7,1,9.4,0,2018,4,25,16,53,7.738,0.2998,-0.3435,-0.2429,0.8561
-0.089,0.467,-0.208,13.6,9.1,33.1,0,2018,4,25,16,53,7.742,0.3033,-0.3418,-0.2436,0.8554
-0.123,0.368,-0.085,32.5,10.6,53.7,0,2018,4,25,16,53,7.778,0.3095,-0.3356,-0.2458,0.8549
-0.094,0.104,0.075,42.2,5.8,65.7,0,2018,4,25,16,53,7.799,0.3175,-0.3268,-0.2503,0.8542
-0.063,-0.107,0.208,33.4,1.6,63.5,0,2018,4,25,16,53,7.802,0.3257,-0.3171,-0.254,0.8536
-0.054,-0.292,0.317,18.3,6.8,50.4,0,2018,4,25,16,53,7.841,0.3332,-0.3105,-0.2581,0.8519
0.08,-0.367,0.339,-2.1,4,32.1,0,2018,4,25,16,53,7.861,0.3392,-0.307,-0.2598,0.8503
0.201,-0.274,0.301,-24.6,-27.8,16,0,2018,4,25,16,53,7.864,0.3426,-0.3088,-0.2604,0.8481
0.204,-0.18,0.174,-40.6,-76.7,-1.6,0,2018,4,25,16,53,7.881,0.3415,-0.3173,-0.2649,0.844
0.11,-0.254,-0.052,-47.7,-86.9,-18,0,2018,4,25,16,53,7.902,0.3366,-0.3303,-0.2735,0.8382
0.021,-0.272,-0.205,-49,-31.4,-27.6,0,2018,4,25,16,53,7.92,0.3319,-0.3422,-0.2782,0.8338
-0.044,-0.089,-0.291,-44,36.1,-30.8,0,2018,4,25,16,53,7.943,0.3301,-0.3501,-0.2729,0.8329
-0.073,0.272,-0.425,-31.8,56.5,-25.2,0,2018,4,25,16,53,7.963,0.331,-0.3541,-0.2614,0.8346
-0.068,0.447,-0.457,-12.1,38.1,-12,0,2018,4,25,16,53,7.982,0.3322,-0.3552,-0.2518,0.8366
-0.055,0.484,-0.467,11,12.9,8.9,0,2018,4,25,16,53,8.022,0.3335,-0.354,-0.2483,0.8377
-0.04,0.424,-0.392,32.8,14.9,32.9,0,2018,4,25,16,53,8.043,0.3363,-0.3491,-0.2493,0.8383
-0.009,0.209,-0.24,49.7,53.5,55.8,0,2018,4,25,16,53,8.046,0.343,-0.339,-0.2497,0.8395
-0.032,0.239,-0.071,56.9,74.2,69.6,0,2018,4,25,16,53,8.084,0.3541,-0.324,-0.2467,0.8418
0,-0.001,0.047,50.6,44.3,65.1,0,2018,4,25,16,53,8.104,0.365,-0.3093,-0.244,0.8435
-0.005,-0.307,0.277,39.5,12.1,50.2,0,2018,4,25,16,53,8.106,0.3728,-0.2983,-0.2447,0.8438
-0.009,-0.555,0.415,15.8,2.9,27.9,0,2018,4,25,16,53,8.123,0.3776,-0.2922,-0.248,0.8428
0,-0.554,0.374,-11.6,11.8,-1.3,0,2018,4,25,16,53,8.142,0.3798,-0.2909,-0.2475,0.8424
0.047,-0.307,0.266,-32.8,3.4,-28.3,0,2018,4,25,16,53,8.162,0.3789,-0.2945,-0.2438,0.8427
0.04,-0.093,0.148,-43.3,-16.6,-42.4,0,2018,4,25,16,53,8.202,0.3745,-0.3023,-0.239,0.8433
0.016,0.002,0.025,-46.1,-16.7,-44.3,0,2018,4,25,16,53,8.222,0.3683,-0.3123,-0.2345,0.8436
-0.01,0.161,-0.076,-42.6,5.8,-37.8,0,2018,4,25,16,53,8.227,0.3631,-0.3212,-0.2277,0.8444
-0.013,0.328,-0.173,-32.2,19.8,-25.9,0,2018,4,25,16,53,8.246,0.3607,-0.3271,-0.2214,0.8448
0.006,0.44,-0.225,-15.2,12.7,-10.5,0,2018,4,25,16,53,8.267,0.36,-0.3302,-0.2163,0.8453
0.05,0.449,-0.234,3.9,1.6,9.9,0,2018,4,25,16,53,8.304,0.3605,-0.3306,-0.215,0.8452
0.056,0.383,-0.187,24.5,1.2,30.4,1023,2018,4,25,16,53,8.306,0.3631,-0.3274,-0.2171,0.8448
0.019,0.07,-0.005,36.9,3.4,43.4,1023,2018,4,25,16,53,8.323,0.3674,-0.3211,-0.2205,0.8444
-0.065,-0.268,0.191,29.5,2.5,37.7,1023,2018,4,25,16,53,8.357,0.3723,-0.314,-0.2232,0.8443
-0.094,-0.704,0.335,10.7,9.8,11.7,1023,2018,4,25,16,53,8.379,0.3756,-0.3097,-0.2252,0.8439
-0.033,-0.605,0.311,-12.6,5.8,-21.7,1023,2018,4,25,16,53,8.383,0.3753,-0.3095,-0.2233,0.8446
0.043,-0.287,0.17,-30.5,-12,-48,1023,2018,4,25,16,53,8.418,0.3706,-0.3145,-0.2203,0.8456
0.025,0.083,-0.006,-42.1,-20.5,-54.4,1023,2018,4,25,16,53,8.438,0.3628,-0.3234,-0.2162,0.8467
0.022,0.351,-0.14,-43.6,-15,-44.2,1023,2018,4,25,16,53,8.442,0.3558,-0.333,-0.213,0.8467
0.017,0.534,-0.237,-32,-10.3,-20.6,1023,2018,4,25,16,53,8.48,0.3516,-0.3406,-0.2105,0.8461
0.043,0.572,-0.3,-16.9,-12.5,8.3,1023,2018,4,25,16,53,8.501,0.351,-0.3452,-0.2104,0.8445
0.064,0.488,-0.318,2.3,4,35.1,1023,2018,4,25,16,53,8.507,0.3543,-0.3457,-0.2121,0.8425
0.03,0.43,-0.339,25.4,18.7,54.9,1023,2018,4,25,16,53,8.543,0.3613,-0.341,-0.2139,0.841
-0.023,0.169,-0.262,46.7,20.8,63.8,0,2018,4,25,16,53,8.564,0.37,-0.3319,-0.2167,0.8401
-0.007,-0.117,-0.117,54.8,14.5,63.4,0,2018,4,25,16,53,8.568,0.3782,-0.3213,-0.2207,0.8395
-0.042,-0.504,0.061,55.3,21.6,49.6,0,2018,4,25,16,53,8.607,0.3854,-0.3098,-0.2252,0.8394
-0.023,-0.664,0.187,42.8,28.6,22.7,0,2018,4,25,16,53,8.609,0.3902,-0.2993,-0.2266,0.8406
-0.014,-0.624,0.221,22.9,16,-12.5,0,2018,4,25,16,53,8.626,0.3907,-0.2926,-0.2255,0.843
0.057,-0.471,0.19,4.4,-4.4,-41.7,0,2018,4,25,16,53,8.646,0.3862,-0.2915,-0.2243,0.8458
0.076,-0.279,0.154,-10.2,-12.2,-59.4,0,2018,4,25,16,53,8.665,0.3781,-0.2949,-0.2229,0.8487
0.053,-0.079,0.079,-19.2,6.2,-64.4,0,2018,4,25,16,53,8.701,0.3688,-0.3003,-0.218,0.8521
0.004,0.214,-0.044,-21.1,19.6,-62.2,0,2018,4,25,16,53,8.721,0.3604,-0.3051,-0.2093,0.8562
-0.031,0.445,-0.145,-15.2,7.2,-51.1,0,2018,4,25,16,53,8.725,0.3533,-0.309,-0.2028,0.8593
0.016,0.561,-0.21,-3,-17.3,-31.2,0,2018,4,25,16,53,8.762,0.3471,-0.3122,-0.2008,0.8611
0.073,0.504,-0.243,13.9,-19.7,-5,0,2018,4,25,16,53,8.781,0.343,-0.3133,-0.2035,0.8617
0.084,0.407,-0.197,33.1,5.6,19.3,0,2018,4,25,16,53,8.787,0.3431,-0.3098,-0.2064,0.8623
0.012,0.175,-0.106,49,19.8,31.9,0,2018,4,25,16,53,8.804,0.3465,-0.3016,-0.2082,0.8634
-0.098,-0.293,0.203,45.2,6,23.4,0,2018,4,25,16,53,8.824,0.3497,-0.2922,-0.2094,0.8651
-0.116,-0.747,0.379,28.3,5.1,-2,0,2018,4,25,16,53,8.86,0.3502,-0.286,-0.2117,0.8664
-0.098,-0.638,0.312,5.2,3.3,-36.1,0,2018,4,25,16,53,8.881,0.3468,-0.284,-0.2109,0.8686
-0.026,-0.321,0.135,-11.6,-3,-61.9,0,2018,4,25,16,53,8.887,0.3393,-0.2865,-0.208,0.8714
-0.018,0,0.028,-19.7,-14.1,-69.8,0,2018,4,25,16,53,8.924,0.3289,-0.2919,-0.2043,0.8745
-0.055,0.208,-0.065,-20.4,-15.9,-63.2,0,2018,4,25,16,53,8.944,0.3183,-0.2983,-0.2007,0.8771
-0.093,0.384,-0.109,-16.2,-7.5,-50,0,2018,4,25,16,53,8.948,0.3096,-0.3037,-0.1984,0.8788
-0.109,0.484,-0.137,-8.9,-5.1,-30.9,0,2018,4,25,16,53,8.985,0.3035,-0.3074,-0.1965,0.8801
-0.04,0.558,-0.193,0.9,-9.8,-5.5,0,2018,4,25,16,53,9.005,0.3004,-0.3091,-0.1965,0.8806
0.023,0.493,-0.194,14.8,-0.9,22.5,0,2018,4,25,16,53,9.009,0.3012,-0.3079,-0.1984,0.8803
0.006,0.343,-0.116,29.9,4.9,44.5,0,2018,4,25,16,53,9.025,0.306,-0.3029,-0.201,0.8798
-0.092,0.019,0.034,36.2,-2.7,50.4,0,2018,4,25,16,53,9.048,0.3124,-0.2955,-0.2045,0.8792
-0.131,-0.625,0.31,22.6,-4.2,35.4,0,2018,4,25,16,53,9.084,0.3177,-0.2896,-0.2092,0.8782
-0.092,-0.787,0.367,0.3,7.2,4.9,0,2018,4,25,16,53,9.105,0.3206,-0.2869,-0.2104,0.8778
0.024,-0.517,0.215,-19.6,1.5,-29.8,0,2018,4,25,16,53,9.107,0.3191,-0.2888,-0.2082,0.8782
0.069,-0.188,0.079,-30.7,-13,-50.2,0,2018,4,25,16,53,9.144,0.3132,-0.2947,-0.2055,0.879
0.041,0.165,-0.068,-34.6,-15.7,-52,1023,2018,4,25,16,53,9.164,0.3051,-0.303,-0.2021,0.8798
0.014,0.374,-0.154,-31.3,-5.8,-40.1,1023,2018,4,25,16,53,9.168,0.2985,-0.3104,-0.1996,0.8801
-0.003,0.535,-0.205,-21.4,2.5,-17.7,1023,2018,4,25,16,53,9.208,0.2949,-0.3155,-0.1967,0.8801
0.006,0.637,-0.274,-7.2,0.7,10.1,1023,2018,4,25,16,53,9.229,0.295,-0.3177,-0.1955,0.8796
-0.057,0.547,-0.254,12.4,5.9,37.7,1023,2018,4,25,16,53,9.234,0.2988,-0.3163,-0.1966,0.8785
-0.125,0.366,-0.149,30.3,12.1,59.1,1023,2018,4,25,16,53,9.272,0.3062,-0.3107,-0.199,0.8774
-0.117,0.113,-0.038,39.9,12.6,69.8,1023,2018,4,25,16,53,9.292,0.3157,-0.302,-0.2023,0.8764
-0.072,-0.149,0.059,37,9.4,67.9,1023,2018,4,25,16,53,9.296,0.3255,-0.2924,-0.2053,0.8754
-0.047,-0.442,0.222,24.9,4.9,53.7,1023,2018,4,25,16,53,9.31,0.334,-0.2851,-0.2092,0.8736
-0.052,-0.555,0.321,6.5,-0.3,29.8,1023,2018,4,25,16,53,9.347,0.3399,-0.281,-0.2117,0.8721
-0.013,-0.497,0.245,-14.9,-8.1,2.7,1023,2018,4,25,16,53,9.37,0.3422,-0.2814,-0.2129,0.8707
0.035,-0.26,0.131,-30.8,-13.5,-17.6,0,2018,4,25,16,53,9.374,0.3412,-0.2861,-0.2127,0.8697
0.042,-0.016,0.017,-37.5,-12.8,-23.7,0,2018,4,25,16,53,9.394,0.3382,-0.2933,-0.2106,0.8689
0.015,0.196,-0.105,-36.9,-4.2,-18.4,0,2018,4,25,16,53,9.413,0.3354,-0.3007,-0.2073,0.8683
0.003,0.36,-0.184,-28.2,4.8,-5.4,0,2018,4,25,16,53,9.451,0.3348,-0.306,-0.2045,0.8673
-0.002,0.473,-0.223,-13.4,4.4,12.3,0,2018,4,25,16,53,9.47,0.3364,-0.3087,-0.2027,0.8662
0.045,0.476,-0.225,4.5,1.1,32.7,0,2018,4,25,16,53,9.474,0.3401,-0.3084,-0.2033,0.8647
-0.007,0.247,-0.093,21.3,0.7,47.3,0,2018,4,25,16,53,9.511,0.3458,-0.3047,-0.2063,0.863
-0.043,-0.164,0.133,24.2,8,51.5,0,2018,4,25,16,53,9.531,0.3525,-0.2989,-0.2086,0.8618
-0.042,-0.453,0.26,9.2,11.6,38.5,0,2018,4,25,16,53,9.535,0.3594,-0.2941,-0.2105,0.8602
-0.02,-0.477,0.261,-7.9,10.6,13.3,0,2018,4,25,16,53,9.551,0.3639,-0.2922,-0.2099,0.859
0.035,-0.336,0.16,-24.3,-6,-11.4,0,2018,4,25,16,53,9.59,0.3647,-0.2946,-0.2084,0.8583
0.071,-0.183,0.055,-35.5,-17,-26.2,0,2018,4,25,16,53,9.611,0.3618,-0.3012,-0.2072,0.8575
0.05,0.018,-0.043,-39.8,-5.6,-28.7,0,2018,4,25,16,53,9.615,0.3578,-0.3094,-0.2038,0.857
0.036,0.207,-0.131,-38,4,-23.5,0,2018,4,25,16,53,9.636,0.3549,-0.3166,-0.199,0.8567
0.032,0.309,-0.187,-28.6,3.3,-13.3,0,2018,4,25,16,53,9.656,0.3536,-0.322,-0.1953,0.8562
0.031,0.354,-0.207,-16.3,2.1,1.7,0,2018,4,25,16,53,9.678,0.3535,-0.3254,-0.1933,0.8553
0.043,0.397,-0.222,-1.1,9.9,18.8,0,2018,4,25,16,53,9.697,0.3558,-0.326,-0.1925,0.8544
0.074,0.293,-0.182,16.2,16,35.4,0,2018,4,25,16,53,9.715,0.3605,-0.323,-0.1926,0.8535
0.031,0.06,-0.063,29.6,17.4,43.1,0,2018,4,25,16,53,9.736,0.3665,-0.3171,-0.1935,0.8529
-0.076,-0.426,0.186,23.8,17.6,33.3,0,2018,4,25,16,53,9.754,0.3722,-0.3107,-0.1945,0.8526
-0.087,-0.565,0.269,6.8,22.4,7.9,0,2018,4,25,16,53,9.774,0.376,-0.3063,-0.1936,0.8527
-0.017,-0.494,0.189,-11.8,16,-24.8,0,2018,4,25,16,53,9.811,0.3757,-0.3058,-0.1899,0.8539
0.019,-0.199,0.108,-24.7,5.9,-43.6,0,2018,4,25,16,53,9.831,0.3714,-0.3092,-0.1851,0.8556
0.024,0.139,-0.037,-30.6,10.1,-42.2,0,2018,4,25,16,53,9.834,0.3657,-0.3147,-0.1785,0.8575
0.032,0.447,-0.201,-28.5,16,-28.6,0,2018,4,25,16,53,9.873,0.362,-0.3194,-0.1724,0.8585
0.037,0.576,-0.265,-16.1,16.4,-3.3,0,2018,4,25,16,53,9.893,0.3612,-0.3222,-0.1676,0.8588
0.072,0.606,-0.282,0.4,18.8,27.1,0,2018,4,25,16,53,9.897,0.3643,-0.322,-0.1652,0.858
0.029,0.457,-0.244,20.9,21.6,53,0,2018,4,25,16,53,9.916,0.3713,-0.3177,-0.1651,0.8566
-0.028,0.077,-0.093,35.9,20.8,64.6,0,2018,4,25,16,53,9.936,0.3806,-0.3102,-0.1667,0.855
-0.064,-0.332,0.13,30.9,6.3,55.6,1023,2018,4,25,16,53,9.954,0.3894,-0.3024,-0.1697,0.8532
-0.072,-0.664,0.295,17.8,16.3,30.7,1023,2018,4,25,16,53,9.975,0.3956,-0.2967,-0.1721,0.8519
-0.004,-0.573,0.234,-1,18.7,-1.8,1023,2018,4,25,16,53,9.996,0.3984,-0.2937,-0.1705,0.8519
0.098,-0.357,0.083,-18.6,4.9,-32.8,1023,2018,4,25,16,53,10.033,0.3964,-0.2951,-0.1671,0.853
0.117,-0.08,-0.011,-28.6,1.3,-44.2,1023,2018,4,25,16,53,10.052,0.391,-0.3001,-0.1627,0.8546
0.088,0.128,-0.024,-33.9,8.4,-40.9,1023,2018,4,25,16,53,10.056,0.3852,-0.3064,-0.1567,0.8561
0.066,0.303,-0.05,-36.7,20.1,-29.2,1023,2018,4,25,16,53,10.094,0.3817,-0.3117,-0.1503,0.857
0.086,0.377,-0.099,-35.5,31,-12.9,1023,2018,4,25,16,53,10.114,0.381,-0.3159,-0.1427,0.8571
0.151,0.38,-0.154,-29.3,38.8,6.2,1023,2018,4,25,16,53,10.118,0.3833,-0.3185,-0.1351,0.8563
0.109,0.326,-0.108,-18.6,38.6,20.4,1023,2018,4,25,16,53,10.137,0.3882,-0.3191,-0.1285,0.8549
0.022,0.15,-0.024,-14.9,41.3,25.9,1023,2018,4,25,16,53,10.157,0.3943,-0.3183,-0.1229,0.8532
-0.034,-0.112,0.134,-18.3,54.8,21.8,0,2018,4,25,16,53,10.198,0.4007,-0.3168,-0.1145,0.852
-0.146,-0.361,0.398,-29.4,57,11.1,0,2018,4,25,16,53,10.218,0.4068,-0.3158,-0.1052,0.8506
-0.122,-0.382,0.296,-45.8,52.6,-2.2,0,2018,4,25,16,53,10.222,0.4111,-0.3175,-0.0947,0.8492
-0.066,-0.162,0.035,-56,53.1,-17.5,0,2018,4,25,16,53,10.236,0.4132,-0.3216,-0.0826,0.8478
-0.015,0.164,-0.181,-56,41.6,-22.7,0,2018,4,25,16,53,10.276,0.4133,-0.3271,-0.0692,0.8469
0.04,0.348,-0.316,-39.7,24,-14.7,0,2018,4,25,16,53,10.297,0.4127,-0.3323,-0.0599,0.8459
0.059,0.427,-0.374,-14.7,12.2,2.9,0,2018,4,25,16,53,10.301,0.4131,-0.335,-0.055,0.8449
0.04,0.327,-0.347,11.7,12.5,23.4,0,2018,4,25,16,53,10.32,0.4159,-0.3342,-0.0541,0.844
0.001,0.191,-0.247,34.1,19.9,34.9,0,2018,4,25,16,53,10.338,0.4211,-0.3291,-0.0552,0.8433
-0.052,-0.054,-0.036,43.4,19,31,0,2018,4,25,16,53,10.358,0.4265,-0.3217,-0.0562,0.8434
-0.119,-0.303,0.208,37,17.5,20.2,0,2018,4,25,16,53,10.397,0.4309,-0.314,-0.0581,0.8439
-0.115,-0.444,0.326,17.8,18,2.6,0,2018,4,25,16,53,10.417,0.4332,-0.3085,-0.0582,0.8448
-0.083,-0.368,0.311,-5.8,15.4,-15.8,0,2018,4,25,16,53,10.421,0.433,-0.3064,-0.0556,0.8458
-0.027,-0.213,0.145,-26.6,8,-27.5,0,2018,4,25,16,53,10.442,0.4304,-0.3084,-0.0514,0.8467
-0.007,-0.05,0.01,-37.9,6.3,-30.7,0,2018,4,25,16,53,10.462,0.4265,-0.3132,-0.046,0.8472
0.002,0.111,-0.115,-40.3,11.7,-25.8,0,2018,4,25,16,53,10.478,0.4225,-0.3191,-0.0387,0.8473
0.012,0.257,-0.26,-33.2,11.9,-16.1,0,2018,4,25,16,53,10.498,0.4204,-0.3238,-0.0329,0.8469
0.064,0.352,-0.371,-16.5,2.4,-3.4,0,2018,4,25,16,53,10.517,0.4196,-0.327,-0.0294,0.8462
0.094,0.351,-0.397,6.6,-5.9,9.5,0,2018,4,25,16,53,10.557,0.4199,-0.3279,-0.0296,0.8456
0.091,0.285,-0.311,31.3,-2.2,22.6,0,2018,4,25,16,53,10.577,0.422,-0.3253,-0.0327,0.8455
0.03,0.197,-0.182,49.6,-5.7,29.2,0,2018,4,25,16,53,10.581,0.4256,-0.3191,-0.0377,0.8458
-0.078,-0.171,0.091,53.1,-11.2,25.2,0,2018,4,25,16,53,10.601,0.4286,-0.312,-0.044,0.8467
-0.162,-0.484,0.373,38.8,-1.6,12.7,0,2018,4,25,16,53,10.62,0.4307,-0.3054,-0.0496,0.8477
-0.153,-0.513,0.376,12,7.5,-10.1,0,2018,4,25,16,53,10.642,0.4309,-0.3014,-0.051,0.8489
-0.053,-0.292,0.238,-11.2,1.1,-30.6,0,2018,4,25,16,53,10.661,0.428,-0.3013,-0.0489,0.8506
0.024,-0.018,0.074,-24.7,-6.4,-37.9,0,2018,4,25,16,53,10.68,0.4226,-0.3046,-0.0456,0.8523
0.045,0.207,-0.066,-26.5,-12.8,-32.9,0,2018,4,25,16,53,10.698,0.4166,-0.3097,-0.0422,0.8536
0.042,0.317,-0.176,-18.8,-15.2,-21.7,0,2018,4,25,16,53,10.722,0.4119,-0.3144,-0.0412,0.8542
0.052,0.35,-0.254,-5.1,-12,-6.5,0,2018,4,25,16,53,10.741,0.4091,-0.3173,-0.0417,0.8544
0.077,0.369,-0.284,12.2,-8.9,9,0,2018,4,25,16,53,10.761,0.4088,-0.3175,-0.0435,0.8544
0.065,0.304,-0.217,31.4,-3.7,21.8,0,2018,4,25,16,53,10.78,0.4107,-0.3145,-0.0469,0.8544
-0.031,0.063,0,43.8,-7,25.9,1023,2018,4,25,16,53,10.82,0.4137,-0.3087,-0.0513,0.8549
-0.149,-0.364,0.287,38.6,-3.6,19.9,1023,2018,4,25,16,53,10.841,0.4164,-0.3025,-0.0563,0.8554
-0.145,-0.511,0.357,16.8,2.1,1.3,1023,2018,4,25,16,53,10.845,0.4178,-0.2982,-0.059,0.8561
-0.046,-0.383,0.215,-6.6,1.3,-24,1023,2018,4,25,16,53,10.864,0.416,-0.2976,-0.0584,0.8572
0.029,-0.139,0.076,-20.9,-5.7,-37.3,1023,2018,4,25,16,53,10.884,0.4112,-0.3004,-0.0559,0.8587
0.074,0.09,-0.076,-24,-7.7,-37.1,1023,2018,4,25,16,53,10.904,0.4049,-0.3055,-0.0521,0.8602
0.073,0.262,-0.203,-17.8,-11.7,-29.1,1023,2018,4,25,16,53,10.925,0.3995,-0.3097,-0.0503,0.8613
0.056,0.362,-0.267,-5.8,-19.5,-17,1023,2018,4,25,16,53,10.94,0.3953,-0.3127,-0.0505,0.8621
0.068,0.4,-0.304,9.5,-27.7,-3.7,1023,2018,4,25,16,53,10.96,0.3924,-0.3142,-0.0538,0.8627
0.067,0.349,-0.282,26.5,-24.8,10.3,1023,2018,4,25,16,53,10.982,0.3913,-0.3132,-0.0593,0.8632
0.013,0.16,-0.132,41,-17.2,21.7,1023,2018,4,25,16,53,11.001,0.3923,-0.3093,-0.0658,0.8637
-0.09,-0.114,0.128,43.8,-7.7,24.8,0,2018,4,25,16,53,11.04,0.3946,-0.303,-0.071,0.8644
-0.141,-0.361,0.308,31.3,-4.6,14.3,0,2018,4,25,16,53,11.06,0.3969,-0.2974,-0.0756,0.8649
-0.092,-0.439,0.277,9.1,-5.9,-7.5,0,2018,4,25,16,53,11.064,0.3969,-0.2947,-0.0779,0.8657
0.003,-0.311,0.183,-10.5,-7.2,-27,0,2018,4,25,16,53,11.084,0.3938,-0.2956,-0.0779,0.8668
0.062,-0.076,0.068,-21.7,-10.6,-36.6,0,2018,4,25,16,53,11.106,0.3884,-0.2995,-0.0761,0.868
0.08,0.155,-0.055,-24.4,-5.7,-34.5,0,2018,4,25,16,53,11.126,0.3825,-0.3045,-0.0728,0.8692
0.068,0.318,-0.154,-19.7,-6.7,-25.7,0,2018,4,25,16,53,11.145,0.3778,-0.3087,-0.0705,0.87
0.069,0.384,-0.198,-9.4,-11.7,-12,0,2018,4,25,16,53,11.162,0.3746,-0.3118,-0.07,0.8703
0.069,0.39,-0.225,3.9,-10.3,3.7,0,2018,4,25,16,53,11.199,0.3734,-0.313,-0.0714,0.8703
0.066,0.326,-0.216,19.1,-1.6,19.3,0,2018,4,25,16,53,11.219,0.3748,-0.3114,-0.0738,0.87
0.001,0.174,-0.118,33,6,28.9,0,2018,4,25,16,53,11.223,0.3784,-0.3068,-0.0764,0.8699
-0.111,-0.144,0.121,35.8,3.2,26,0,2018,4,25,16,53,11.264,0.3823,-0.3005,-0.0786,0.8702
-0.148,-0.475,0.332,22.2,-1.2,10.9,0,2018,4,25,16,53,11.268,0.3848,-0.2957,-0.0816,0.8705
-0.085,-0.504,0.293,-0.1,-1.4,-11.9,0,2018,4,25,16,53,11.284,0.3845,-0.2941,-0.0824,0.871
0.002,-0.308,0.168,-19.4,-7,-33.2,0,2018,4,25,16,53,11.322,0.3808,-0.2963,-0.0811,0.872
0.054,-0.081,0.035,-30.2,-13.3,-42.3,0,2018,4,25,16,53,11.343,0.3746,-0.3018,-0.0787,0.8731
0.057,0.109,-0.075,-31.9,-14,-40.6,0,2018,4,25,16,53,11.347,0.3674,-0.3087,-0.0753,0.874
0.038,0.251,-0.18,-26.6,-13,-32.8,0,2018,4,25,16,53,11.366,0.3613,-0.3146,-0.0734,0.8746
0.042,0.327,-0.242,-16,-8.9,-20.5,0,2018,4,25,16,53,11.386,0.3569,-0.3189,-0.0723,0.8749
0.068,0.404,-0.285,-1.1,-7.8,-5.1,0,2018,4,25,16,53,11.404,0.3547,-0.3209,-0.0723,0.8751
0.077,0.409,-0.288,16.1,-6.7,11.6,0,2018,4,25,16,53,11.441,0.3547,-0.3201,-0.0741,0.8753
0.049,0.316,-0.228,33.3,-4.7,25.9,0,2018,4,25,16,53,11.461,0.3571,-0.3163,-0.0776,0.8754
-0.029,0.074,-0.035,43,-6.8,32.3,0,2018,4,25,16,53,11.465,0.3607,-0.3102,-0.0821,0.8756
-0.116,-0.281,0.204,39.8,-8.7,27.4,0,2018,4,25,16,53,11.486,0.3643,-0.3037,-0.0873,0.876
-0.17,-0.506,0.335,21.7,-8.2,8.7,0,2018,4,25,16,53,11.506,0.3662,-0.2991,-0.0916,0.8763
-0.088,-0.488,0.288,-1.9,-13.2,-18.3,0,2018,4,25,16,53,11.551,0.3647,-0.2984,-0.0934,0.8769
-0.004,-0.295,0.176,-19.8,-23.9,-39.2,0,2018,4,25,16,53,11.553,0.3593,-0.302,-0.094,0.8779
0.035,-0.082,0.046,-27.7,-26.5,-47.7,0,2018,4,25,16,53,11.566,0.3513,-0.3083,-0.094,0.8789
0.036,0.124,-0.065,-27.7,-19.9,-46.1,0,2018,4,25,16,53,11.582,0.3428,-0.3152,-0.092,0.8801
0.034,0.282,-0.156,-21.5,-14.2,-37,0,2018,4,25,16,53,11.619,0.3359,-0.3206,-0.0907,0.8809
0.044,0.375,-0.201,-10.1,-13.3,-23.1,0,2018,4,25,16,53,11.639,0.3307,-0.3243,-0.0902,0.8815
0.07,0.421,-0.221,3.4,-12,-6.3,1023,2018,4,25,16,53,11.644,0.3278,-0.3258,-0.0912,0.882
0.046,0.414,-0.182,18.3,-8.5,11.7,1023,2018,4,25,16,53,11.684,0.3275,-0.3246,-0.0936,0.8823
0.01,0.263,-0.113,30.3,-4.6,26.8,1023,2018,4,25,16,53,11.703,0.3298,-0.3208,-0.0972,0.8824
-0.06,-0.029,0.048,34.2,0.5,31.9,1023,2018,4,25,16,53,11.707,0.3337,-0.3151,-0.1003,0.8827
-0.129,-0.402,0.261,24.4,3.3,20.7,1023,2018,4,25,16,53,11.745,0.3375,-0.3098,-0.1031,0.8828
-0.095,-0.516,0.296,5.4,1.2,-1.5,1023,2018,4,25,16,53,11.765,0.3389,-0.3071,-0.1041,0.8831
-0.017,-0.412,0.187,-12.5,-8.7,-27.2,1023,2018,4,25,16,53,11.769,0.3364,-0.3083,-0.1036,0.8837
0.042,-0.216,0.059,-23.5,-18.8,-44.7,1023,2018,4,25,16,53,11.789,0.3302,-0.3128,-0.1027,0.8846
0.042,-0.004,-0.047,-26.1,-19.4,-50.5,1023,2018,4,25,16,53,11.81,0.3218,-0.3192,-0.1012,0.8855
0.01,0.177,-0.138,-22.4,-14.9,-46.4,1023,2018,4,25,16,53,11.831,0.3133,-0.3252,-0.0989,0.8867
-0.012,0.323,-0.2,-14.3,-12.7,-34.4,1023,2018,4,25,16,53,11.851,0.3065,-0.3294,-0.0976,0.8876
-0.029,0.389,-0.247,-2.5,-13.4,-17.6,0,2018,4,25,16,53,11.887,0.3018,-0.3319,-0.0977,0.8883
-0.084,0.462,-0.296,12.8,-14.5,1.6,0,2018,4,25,16,53,11.892,0.2998,-0.3319,-0.0997,0.8887
-0.154,0.372,-0.258,28.8,-19.5,18.2,0,2018,4,25,16,53,11.908,0.2998,-0.3293,-0.1041,0.8892
-0.258,0.125,-0.096,43.8,-22.6,32.2,0,2018,4,25,16,53,11.946,0.3019,-0.3241,-0.1108,0.8896
-0.304,-0.082,-0.004,48.5,-23.6,37.6,0,2018,4,25,16,53,11.968,0.3053,-0.3174,-0.119,0.8898
-0.278,-0.196,0.043,46.8,-28.6,27.2,0,2018,4,25,16,53,11.972,0.308,-0.3105,-0.1273,0.8901
-0.195,-0.199,0.08,41.9,-46.9,11.2,0,2018,4,25,16,53,11.99,0.3079,-0.3052,-0.1364,0.8906
-0.055,-0.163,0.055,39.7,-79.5,-0.3,0,2018,4,25,16,53,12.028,0.3043,-0.3022,-0.1487,0.891
0.121,-0.036,0.043,40.6,-127.6,-7,0,2018,4,25,16,53,12.048,0.2968,-0.3018,-0.166,0.8906
0.224,-0.059,0.069,39,-165.6,-7.1,0,2018,4,25,16,53,12.053,0.2858,-0.3044,-0.1896,0.8886
0.22,-0.291,0.08,30.8,-126.5,-2.5,0,2018,4,25,16,53,12.073,0.2753,-0.3071,-0.2145,0.8853
0.188,-0.202,0.176,16.9,-49.7,-4.8,0,2018,4,25,16,53,12.092,0.2692,-0.3079,-0.2284,0.8834
0.15,-0.019,0.216,3.4,-9.4,-13.7,0,2018,4,25,16,53,12.11,0.2656,-0.3081,-0.2308,0.8838
0.116,0.084,0.156,-5.9,-9.3,-20.6,0,2018,4,25,16,53,12.149,0.2621,-0.3095,-0.2292,0.8848
0.077,0.335,0.064,-12.2,-26.1,-16.4,0,2018,4,25,16,53,12.153,0.2586,-0.3125,-0.2303,0.8844
0.075,0.42,-0.048,-15.4,-41.6,-5.7,0,2018,4,25,16,53,12.169,0.2554,-0.3169,-0.2347,0.8827
0.076,0.399,-0.109,-7.1,-17.8,14.2,0,2018,4,25,16,53,12.189,0.2548,-0.3199,-0.2393,0.8805
0.066,0.345,-0.123,6.7,16.5,36.6,0,2018,4,25,16,53,12.207,0.2588,-0.3189,-0.2406,0.8794
-0.031,0.173,-0.108,24.6,36.5,51.1,0,2018,4,25,16,53,12.248,0.2667,-0.3132,-0.2396,0.8793
-0.144,-0.241,0.063,30.6,38.5,47.4,0,2018,4,25,16,53,12.269,0.2753,-0.3046,-0.2371,0.8804
-0.215,-0.605,0.218,16.4,15.5,21.8,0,2018,4,25,16,53,12.273,0.2811,-0.2984,-0.2364,0.8808
-0.121,-0.575,0.189,1.9,-4,-11.1,0,2018,4,25,16,53,12.292,0.2818,-0.2966,-0.236,0.8813
0.014,-0.315,0.064,-9,-25.5,-35.4,0,2018,4,25,16,53,12.314,0.2773,-0.299,-0.2369,0.8817
0.05,-0.113,-0.012,-15,-35.9,-44.5,0,2018,4,25,16,53,12.331,0.2696,-0.3046,-0.2392,0.8816
0.03,0.069,-0.058,-14.5,-18.3,-41,0,2018,4,25,16,53,12.349,0.2616,-0.3106,-0.2396,0.8818
-0.004,0.258,-0.083,-12.1,-1,-29.3,0,2018,4,25,16,53,12.385,0.2561,-0.3147,-0.238,0.8824
-0.014,0.383,-0.112,-8.1,9.8,-12.1,0,2018,4,25,16,53,12.406,0.2536,-0.3169,-0.2356,0.8829
0,0.535,-0.139,-1.3,10.1,10.6,0,2018,4,25,16,53,12.41,0.2543,-0.3172,-0.2337,0.8831
0.006,0.56,-0.159,9.7,5.9,35.6,0,2018,4,25,16,53,12.451,0.2582,-0.3153,-0.2339,0.8826
-0.028,0.391,-0.129,24.3,9.1,58.6,0,2018,4,25,16,53,12.47,0.2653,-0.3103,-0.2364,0.8816
-0.102,0.071,-0.022,33.1,20.5,70.4,1023,2018,4,25,16,53,12.474,0.275,-0.3021,-0.2386,0.8809
-0.127,-0.373,0.172,26,24.9,61.5,1023,2018,4,25,16,53,12.493,0.2853,-0.2935,-0.24,0.8802
-0.121,-0.624,0.327,13.3,25.9,34.4,1023,2018,4,25,16,53,12.514,0.2933,-0.287,-0.2393,0.8799
-0.019,-0.56,0.269,-4.3,4.7,0,1023,2018,4,25,16,53,12.551,0.2965,-0.2848,-0.2378,0.8799
0.093,-0.32,0.15,-19.1,-25.6,-28.6,1023,2018,4,25,16,53,12.554,0.294,-0.288,-0.2381,0.8796
0.101,-0.126,0.054,-28.2,-34.6,-41.6,1023,2018,4,25,16,53,12.571,0.2875,-0.2955,-0.2399,0.8788
0.061,0.098,-0.022,-32.2,-19.1,-40.3,1023,2018,4,25,16,53,12.608,0.2804,-0.304,-0.2392,0.8784
0.023,0.286,-0.082,-31.1,-3.7,-30.2,1023,2018,4,25,16,53,12.627,0.2757,-0.3109,-0.2373,0.878
0,0.414,-0.131,-25.9,0.4,-13.7,1023,2018,4,25,16,53,12.631,0.2735,-0.3162,-0.2348,0.8774
0.011,0.49,-0.18,-16.2,-3.8,7.8,1023,2018,4,25,16,53,12.67,0.2739,-0.3196,-0.2339,0.8763
-0.016,0.412,-0.173,-1.5,1.9,29,0,2018,4,25,16,53,12.688,0.2771,-0.3203,-0.2349,0.8748
-0.075,0.237,-0.092,12.7,16,45.9,0,2018,4,25,16,53,12.691,0.2832,-0.3174,-0.236,0.8736
-0.104,0.026,-0.022,18.9,27,52.7,0,2018,4,25,16,53,12.73,0.2914,-0.311,-0.235,0.8735
-0.074,-0.205,0.082,13.8,15.1,45.3,0,2018,4,25,16,53,12.751,0.2996,-0.305,-0.235,0.8728
-0.059,-0.462,0.2,6.8,4.2,27.7,0,2018,4,25,16,53,12.755,0.3053,-0.3014,-0.2361,0.8718
-0.01,-0.493,0.183,-5.5,-2.4,4.1,0,2018,4,25,16,53,12.795,0.3077,-0.3006,-0.2369,0.871
0.052,-0.355,0.116,-18.2,-5.6,-19.8,0,2018,4,25,16,53,12.814,0.3066,-0.3031,-0.2364,0.8707
0.066,-0.123,0.05,-25,-4.1,-33.1,0,2018,4,25,16,53,12.819,0.3029,-0.3082,-0.2346,0.8707
0.044,0.138,-0.022,-26.6,1.5,-32.5,0,2018,4,25,16,53,12.833,0.2984,-0.3139,-0.2306,0.8712
0.02,0.345,-0.069,-26,4.1,-21.1,0,2018,4,25,16,53,12.854,0.2955,-0.3188,-0.2272,0.8713
0.017,0.43,-0.102,-22.1,4.4,-3.7,0,2018,4,25,16,53,12.873,0.2948,-0.3228,-0.2247,0.8708
0.039,0.443,-0.166,-12.2,9.1,17,0,2018,4,25,16,53,12.894,0.2969,-0.3249,-0.2233,0.8696
0.025,0.367,-0.146,2.2,21.7,37.4,0,2018,4,25,16,53,12.914,0.3023,-0.3237,-0.2221,0.8685
-0.018,0.133,-0.045,14.3,30.1,49.1,0,2018,4,25,16,53,12.954,0.3101,-0.3192,-0.2208,0.8678
-0.08,-0.155,0.064,13.5,23.3,44.2,0,2018,4,25,16,53,12.973,0.3183,-0.3131,-0.2193,0.8674
-0.091,-0.421,0.173,7.6,16.5,23.2,0,2018,4,25,16,53,12.978,0.3241,-0.309,-0.2187,0.8669
-0.038,-0.469,0.208,-4,0.4,-2.7,0,2018,4,25,16,53,12.998,0.3259,-0.3079,-0.218,0.8667
0.025,-0.335,0.125,-15.7,-13.1,-25.2,0,2018,4,25,16,53,13.018,0.3237,-0.3104,-0.2178,0.8668
0.047,-0.104,0.027,-22.5,-15.8,-37.2,0,2018,4,25,16,53,13.034,0.3185,-0.3158,-0.2173,0.8668
0.027,0.115,-0.034,-25.2,-7.5,-36.2,0,2018,4,25,16,53,13.071,0.3127,-0.3219,-0.2145,0.8674
0.003,0.28,-0.082,-22.8,0,-26,0,2018,4,25,16,53,13.092,0.3086,-0.327,-0.2117,0.8677
-0.009,0.361,-0.108,-16.5,3.2,-9.2,0,2018,4,25,16,53,13.096,0.3068,-0.3305,-0.2093,0.8676
-0.007,0.392,-0.117,-7.7,2.7,10.5,0,2018,4,25,16,53,13.116,0.3076,-0.3322,-0.2083,0.8669
-0.053,0.299,-0.113,2.5,7.1,27.6,0,2018,4,25,16,53,13.135,0.311,-0.3315,-0.2086,0.8659
-0.066,0.125,-0.044,10.3,12.5,38.5,0,2018,4,25,16,53,13.174,0.3163,-0.3286,-0.2089,0.865
-0.073,-0.065,0.045,10.1,12.9,40.6,0,2018,4,25,16,53,13.195,0.3228,-0.3241,-0.2089,0.8642
-0.068,-0.223,0.095,8.3,12.4,33.6,0,2018,4,25,16,53,13.199,0.329,-0.3204,-0.2098,0.8631
-0.025,-0.263,0.089,2,11.8,18.1,0,2018,4,25,16,53,13.214,0.3333,-0.3179,-0.2096,0.8624
0.015,-0.191,0.079,-4.2,11.9,3.7,0,2018,4,25,16,53,13.253,0.3356,-0.3171,-0.2084,0.8621
0.026,-0.039,0.147,-8.1,17.1,-3,1023,2018,4,25,16,53,13.274,0.3364,-0.3171,-0.2056,0.8624
0.012,0.044,0.284,-11.6,36.6,-3,1023,2018,4,25,16,53,13.279,0.3377,-0.3169,-0.2002,0.8633
0.022,0.028,0.382,-18.7,65.7,0.6,1023,2018,4,25,16,53,13.295,0.3408,-0.3161,-0.1914,0.8643
0.025,0.003,0.421,-31.1,90,5.6,1023,2018,4,25,16,53,13.334,0.3465,-0.315,-0.1781,0.8653
0.032,0.033,0.381,-48,95.6,7.7,1023,2018,4,25,16,53,13.354,0.354,-0.315,-0.1617,0.8655
0.035,0.067,0.265,-63.4,84.4,6.8,1023,2018,4,25,16,53,13.358,0.3616,-0.3177,-0.1449,0.8644
-0.006,0.036,0.149,-73.6,66.3,0.9,1023,2018,4,25,16,53,13.394,0.368,-0.323,-0.1291,0.8622
-0.007,-0.065,0.084,-82.9,61,-5.4,1023,2018,4,25,16,53,13.415,0.3727,-0.3303,-0.1137,0.8596
-0.008,-0.147,0.005,-90.9,75.7,-7.7,1023,2018,4,25,16,53,13.419,0.3772,-0.3392,-0.0976,0.8561
-0.013,-0.139,-0.062,-95.7,99.4,-6.7,1023,2018,4,25,16,53,13.441,0.3829,-0.3476,-0.0779,0.8522
-0.056,-0.09,-0.146,-93.4,100.8,-6.1,1023,2018,4,25,16,53,13.461,0.3894,-0.3551,-0.056,0.848
-0.088,-0.071,-0.278,-82.1,86.8,-13.3,0,2018,4,25,16,53,13.479,0.3946,-0.3617,-0.0355,0.8438
-0.065,-0.182,-0.352,-61.8,70.4,-28.2,0,2018,4,25,16,53,13.501,0.3968,-0.3672,-0.0179,0.841
-0.031,-0.231,-0.447,-30,68,-46.5,0,2018,4,25,16,53,13.517,0.3958,-0.3691,-0.0021,0.8408
0.035,-0.189,-0.568,7.2,59.2,-64.7,0,2018,4,25,16,53,13.537,0.3916,-0.3663,0.0116,0.8439
0.041,0.003,-0.503,45,39.4,-80.1,0,2018,4,25,16,53,13.579,0.3837,-0.3587,0.0217,0.8506
0.019,0.108,-0.284,69.5,18.4,-91.2,0,2018,4,25,16,53,13.583,0.3727,-0.3475,0.0274,0.8599
0.014,0.1,-0.025,74.5,3.8,-86.8,0,2018,4,25,16,53,13.599,0.3596,-0.3355,0.0297,0.8701
-0.019,0.23,0.255,57.7,13.8,-65.8,0,2018,4,25,16,53,13.619,0.3489,-0.3243,0.0316,0.8786
-0.029,0.404,0.352,24.7,34,-35.1,0,2018,4,25,16,53,13.638,0.343,-0.3161,0.0358,0.8837
-0.043,0.446,0.257,-10.4,45.6,-1.9,0,2018,4,25,16,53,13.678,0.3427,-0.3126,0.0427,0.8848
-0.079,0.318,0.156,-42.1,53.1,27.8,0,2018,4,25,16,53,13.697,0.3474,-0.3139,0.0513,0.882
-0.125,0.11,0.088,-65.4,51.9,47.1,0,2018,4,25,16,53,13.701,0.3561,-0.3195,0.0608,0.8759
-0.145,-0.095,-0.086,-74.9,47.4,53,0,2018,4,25,16,53,13.72,0.366,-0.3274,0.07,0.8682
-0.116,-0.195,-0.299,-70,39.4,45.4,0,2018,4,25,16,53,13.741,0.3755,-0.3363,0.0786,0.86
-0.044,-0.283,-0.511,-44.3,15.8,22.3,0,2018,4,25,16,53,13.761,0.3817,-0.3436,0.0847,0.8538
0.063,-0.31,-0.614,-4.2,-19.8,-9.9,0,2018,4,25,16,53,13.78,0.3823,-0.3473,0.0856,0.8519
0.104,-0.32,-0.539,39.8,-49.5,-39.2,0,2018,4,25,16,53,13.799,0.3766,-0.3465,0.0805,0.8553
0.053,-0.145,-0.201,67.2,-52.6,-53.6,0,2018,4,25,16,53,13.819,0.3675,-0.3407,0.0718,0.8623
0.024,0.068,0.144,64.6,-40.6,-48.9,0,2018,4,25,16,53,13.857,0.3577,-0.3328,0.0639,0.8701
-0.011,0.333,0.371,40.5,-19.8,-27.6,0,2018,4,25,16,53,13.879,0.3511,-0.3259,0.0584,0.8758
-0.036,0.474,0.402,5.6,-4.2,-0.1,0,2018,4,25,16,53,13.884,0.3492,-0.3229,0.0562,0.8778
-0.062,0.4,0.352,-27.8,3.9,26.3,0,2018,4,25,16,53,13.903,0.3514,-0.3249,0.0562,0.8761
-0.086,0.202,0.243,-52.7,9.9,45.8,0,2018,4,25,16,53,13.942,0.3574,-0.3312,0.0578,0.8712
-0.074,0.017,0.025,-64.9,8.1,53.5,0,2018,4,25,16,53,13.946,0.3651,-0.34,0.0603,0.8645
-0.022,-0.117,-0.252,-59.6,-0.5,47,0,2018,4,25,16,53,13.961,0.3725,-0.35,0.0621,0.8572
0.01,-0.196,-0.421,-35.1,-14.1,28.3,0,2018,4,25,16,53,13.981,0.3772,-0.358,0.0619,0.8518
0.048,-0.23,-0.509,0.3,-43.7,4.1,0,2018,4,25,16,53,14.001,0.3778,-0.3625,0.0577,0.8499
0.069,-0.234,-0.535,40.6,-68.4,-20.5,0,2018,4,25,16,53,14.04,0.3731,-0.363,0.0483,0.8523
0.062,-0.153,-0.381,74.2,-79.4,-38.1,0,2018,4,25,16,53,14.059,0.3644,-0.3587,0.0352,0.8586
0.035,0.022,-0.109,88.2,-86.4,-43.9,1023,2018,4,25,16,53,14.063,0.3534,-0.3514,0.0204,0.8666
0.021,0.095,0.181,76.1,-79.8,-31.8,1023,2018,4,25,16,53,14.082,0.3423,-0.3437,0.0057,0.8744
0.017,0.18,0.298,49.4,-49.7,-11.7,1023,2018,4,25,16,53,14.103,0.3352,-0.3379,-0.0066,0.8794
0.036,0.301,0.255,21.4,-24.5,5.7,1023,2018,4,25,16,53,14.123,0.3325,-0.3347,-0.0138,0.8815
0.044,0.247,0.197,-0.8,-28.3,18.7,1023,2018,4,25,16,53,14.146,0.3326,-0.3348,-0.019,0.8814
0.009,0.088,0.169,-15.7,-32.5,29,1023,2018,4,25,16,53,14.165,0.3342,-0.3379,-0.0247,0.8794
-0.05,-0.038,0.061,-25.7,-30,33.3,1023,2018,4,25,16,53,14.186,0.3368,-0.3423,-0.0296,0.8766
-0.058,-0.092,-0.169,-28.5,-31.7,24,1023,2018,4,25,16,53,14.203,0.3394,-0.3484,-0.0342,0.873
0.011,-0.251,-0.371,-7.6,-49.2,-1.1,1023,2018,4,25,16,53,14.221,0.3382,-0.3537,-0.04,0.8711
0.063,-0.267,-0.41,29.2,-63.6,-28.7,1023,2018,4,25,16,53,14.244,0.3321,-0.3556,-0.0486,0.8722
0.045,-0.148,-0.277,63.8,-70.6,-53.4,1023,2018,4,25,16,53,14.263,0.321,-0.3524,-0.0589,0.877
-0.011,0.008,-0.048,81.3,-71.2,-61.1,0,2018,4,25,16,53,14.283,0.3061,-0.3457,-0.0703,0.8841
-0.038,0.113,0.258,72.8,-60.9,-45.3,0,2018,4,25,16,53,14.322,0.2923,-0.3375,-0.0811,0.891
-0.026,0.273,0.445,46.9,-33,-17.2,0,2018,4,25,16,53,14.342,0.2835,-0.3309,-0.0896,0.8955
-0.043,0.37,0.397,15.3,-12.6,6.9,0,2018,4,25,16,53,14.346,0.2807,-0.3272,-0.0942,0.8973
-0.061,0.261,0.325,-15.8,-18.7,22.7,0,2018,4,25,16,53,14.365,0.2821,-0.3278,-0.0971,0.8963
-0.046,-0.024,0.17,-36.6,-37.4,29.9,0,2018,4,25,16,53,14.401,0.2849,-0.333,-0.1018,0.893
-0.033,-0.176,-0.025,-42.5,-45.5,27,0,2018,4,25,16,53,14.421,0.2878,-0.3406,-0.108,0.8884
-0.048,-0.175,-0.163,-34,-43,12.4,0,2018,4,25,16,53,14.425,0.2889,-0.3485,-0.1142,0.8842
-0.022,-0.177,-0.276,-10.6,-54.7,-12.8,0,2018,4,25,16,53,14.443,0.2863,-0.3546,-0.1206,0.8818
0.005,-0.047,-0.297,20.6,-59.1,-33.5,0,2018,4,25,16,53,14.464,0.2788,-0.3569,-0.1279,0.8823
0.048,0.021,-0.173,47,-73.2,-40.6,0,2018,4,25,16,53,14.485,0.2678,-0.3557,-0.1377,0.8847
0.01,0.036,0.048,54.8,-72,-33.7,0,2018,4,25,16,53,14.523,0.2556,-0.352,-0.1482,0.888
-0.01,0.069,0.219,41.3,-39.3,-14.7,0,2018,4,25,16,53,14.545,0.2466,-0.3471,-0.1571,0.891
-0.025,0.146,0.284,15.5,6.3,2.4,0,2018,4,25,16,53,14.548,0.2441,-0.3435,-0.1602,0.8925
-0.026,0.211,0.265,-10.6,27.4,14.6,0,2018,4,25,16,53,14.566,0.2467,-0.3421,-0.1576,0.8928
-0.034,0.139,0.217,-29.1,10.5,22.3,0,2018,4,25,16,53,14.586,0.2515,-0.344,-0.1546,0.8913
-0.056,-0.044,0.044,-38,-8,24.2,0,2018,4,25,16,53,14.624,0.2562,-0.3483,-0.1542,0.8883
-0.086,-0.092,-0.028,-38.6,-9.3,17.3,0,2018,4,25,16,53,14.645,0.26,-0.3539,-0.1553,0.8848
-0.059,-0.148,-0.165,-28.8,-12,0.2,0,2018,4,25,16,53,14.65,0.2618,-0.3596,-0.1559,0.8819
-0.022,-0.095,-0.253,-5.5,-2.5,-17.2,0,2018,4,25,16,53,14.664,0.2604,-0.3628,-0.1555,0.881
0.015,-0.052,-0.249,20.8,-9,-30.5,0,2018,4,25,16,53,14.685,0.2559,-0.3625,-0.1553,0.8825
0.06,0.092,-0.202,47.2,-6.4,-36.7,0,2018,4,25,16,53,14.704,0.2492,-0.3583,-0.1558,0.886
0.017,0.123,-0.087,54.1,-21.4,-29.6,0,2018,4,25,16,53,14.741,0.2416,-0.3515,-0.1577,0.8905
0.012,0.093,0.139,39.8,-26,-4.2,0,2018,4,25,16,53,14.761,0.2354,-0.3457,-0.162,0.8937
-0.027,0.098,0.224,16.9,5.5,15.7,0,2018,4,25,16,53,14.765,0.235,-0.3416,-0.1654,0.8947
-0.048,0.15,0.122,-5.5,44.7,27.1,0,2018,4,25,16,53,14.804,0.24,-0.339,-0.1626,0.8949
-0.036,0.138,0.126,-23.7,37.2,30.8,0,2018,4,25,16,53,14.824,0.2477,-0.3388,-0.1566,0.894
-0.041,0.052,0.149,-36.6,0.5,30.5,0,2018,4,25,16,53,14.829,0.2545,-0.3419,-0.1542,0.8913
-0.038,-0.118,0.101,-45.5,-22.8,23.7,0,2018,4,25,16,53,14.865,0.2592,-0.3474,-0.1558,0.8875
-0.047,-0.177,-0.023,-48,-16.7,10.8,1023,2018,4,25,16,53,14.868,0.2619,-0.3552,-0.1581,0.8832
0.01,-0.271,-0.239,-28.2,13.8,-8.3,1023,2018,4,25,16,53,14.884,0.263,-0.3614,-0.1568,0.8806
0.03,-0.048,-0.365,3.9,28.7,-18.9,1023,2018,4,25,16,53,14.923,0.2627,-0.3623,-0.1513,0.8813
0.011,0.133,-0.362,32.8,12.7,-18,1023,2018,4,25,16,53,14.944,0.2604,-0.3589,-0.1477,0.884
-0.056,0.179,-0.244,50.7,1.1,-7.5,1023,2018,4,25,16,53,14.948,0.2576,-0.3523,-0.1481,0.8874
-0.106,0.239,-0.092,57.1,15.7,11.6,1023,2018,4,25,16,53,14.968,0.2569,-0.3433,-0.1495,0.8908
-0.107,0.329,0.013,54.6,26.5,32.9,1023,2018,4,25,16,53,14.987,0.2603,-0.333,-0.1499,0.8937
-0.125,0.354,0.093,45.8,24.7,53.2,1023,2018,4,25,16,53,15.026,0.2674,-0.3227,-0.1506,0.8953
-0.119,0.3,0.136,32.9,11.1,66.8,1023,2018,4,25,16,53,15.046,0.2769,-0.3141,-0.153,0.8951
-0.052,0.331,0.159,19.5,-31.2,77.3,1023,2018,4,25,16,53,15.051,0.2871,-0.3084,-0.1594,0.8927
0.02,0.112,0.139,6.7,-82.1,79.5,0,2018,4,25,16,53,15.07,0.2958,-0.3073,-0.1738,0.8875
0.083,-0.172,0.036,-1.2,-75.9,75.3,0,2018,4,25,16,53,15.091,0.303,-0.309,-0.1904,0.8811
0.082,-0.347,-0.021,-3.8,-41.5,67.4,0,2018,4,25,16,53,15.129,0.311,-0.3102,-0.2031,0.875
0.026,-0.258,0.026,-7.1,-17.2,52.9,0,2018,4,25,16,53,15.148,0.3189,-0.3103,-0.2102,0.8705
-0.008,-0.293,0.051,-13.3,-29.7,24.3,0,2018,4,25,16,53,15.152,0.3243,-0.3116,-0.2151,0.8668
0.033,-0.395,0.043,-15.5,-50.5,-6.2,0,2018,4,25,16,53,15.17,0.3237,-0.3158,-0.2208,0.8641
0.053,-0.295,0.053,-14.6,-64.8,-24.2,0,2018,4,25,16,53,15.189,0.3184,-0.3221,-0.2282,0.8617
0.048,-0.17,-0.019,-13.3,-42.7,-34.6,0,2018,4,25,16,53,15.209,0.3112,-0.329,-0.2346,0.8601
0.007,0.079,-0.046,-10.3,4.9,-39.7,0,2018,4,25,16,53,15.228,0.305,-0.3336,-0.234,0.8607
0.025,0.255,-0.039,-4.3,23,-45.2,0,2018,4,25,16,53,15.251,0.2998,-0.3356,-0.228,0.8633
0.056,0.22,0.033,5.4,7.4,-41.1,0,2018,4,25,16,53,15.29,0.2939,-0.3363,-0.2228,0.8664
0.072,0.276,0.128,4.3,-26.1,-14.8,0,2018,4,25,16,53,15.309,0.2887,-0.3371,-0.2232,0.8678
0.074,0.245,0.174,-2.8,-32.5,11.7,0,2018,4,25,16,53,15.313,0.2868,-0.3387,-0.2282,0.8665
0.029,0.036,0.121,-10.9,-3.8,24.6,0,2018,4,25,16,53,15.335,0.2888,-0.3398,-0.2317,0.8644
-0.019,-0.048,0.035,-18.5,17.2,26,0,2018,4,25,16,53,15.354,0.294,-0.3402,-0.2304,0.8629
-0.014,-0.118,-0.012,-25.2,10.2,14.6,0,2018,4,25,16,53,15.368,0.2989,-0.342,-0.2289,0.8609
-0.058,-0.229,-0.002,-26.9,0.2,-0.4,0,2018,4,25,16,53,15.408,0.3013,-0.3455,-0.2275,0.859
-0.024,-0.315,-0.136,-22.1,37,-12.8,0,2018,4,25,16,53,15.428,0.3022,-0.3487,-0.2232,0.8585
0.002,-0.042,-0.199,-9,68.2,-18.1,0,2018,4,25,16,53,15.432,0.3038,-0.3487,-0.2129,0.8606
0.024,0.214,-0.218,4.8,55.7,-14.8,0,2018,4,25,16,53,15.451,0.3052,-0.3461,-0.202,0.8637
0.032,0.272,-0.228,16.5,29.7,-0.1,0,2018,4,25,16,53,15.489,0.3061,-0.3425,-0.1958,0.8663
0.067,0.312,-0.159,26.6,16.1,19.9,0,2018,4,25,16,53,15.508,0.3082,-0.3376,-0.1943,0.8678
0.082,0.2,-0.044,32.7,1.3,37.9,0,2018,4,25,16,53,15.513,0.3122,-0.3316,-0.1965,0.8682
0.099,0.038,0.038,35.2,-3.1,51.2,0,2018,4,25,16,53,15.552,0.3176,-0.3252,-0.201,0.8677
0.103,-0.12,0.023,36.4,13.2,51.5,0,2018,4,25,16,53,15.571,0.3241,-0.3183,-0.2047,0.8669
0.044,-0.137,0,31.4,18,38.5,0,2018,4,25,16,53,15.575,0.3306,-0.3109,-0.2066,0.8667
-0.054,-0.173,-0.046,23.4,12.7,11.6,0,2018,4,25,16,53,15.59,0.3344,-0.305,-0.2072,0.8672
-0.034,-0.319,0.141,10,-10.3,-21.4,0,2018,4,25,16,53,15.611,0.3329,-0.3026,-0.2076,0.8685
0.041,-0.387,0.174,-5.5,-18.3,-43.9,1023,2018,4,25,16,53,15.633,0.3266,-0.3046,-0.2086,0.8699
0.071,-0.171,0.083,-14.7,3.2,-53.2,1023,2018,4,25,16,53,15.652,0.3191,-0.3087,-0.2068,0.8717
0.015,0.142,0.02,-18.3,11.9,-54.4,1023,2018,4,25,16,53,15.671,0.3117,-0.3127,-0.2006,0.8744
-0.035,0.363,-0.044,-18.4,-7.6,-46.6,1023,2018,4,25,16,53,15.71,0.3048,-0.3172,-0.1963,0.8763
-0.07,0.39,-0.094,-14.1,-24.5,-32.6,1023,2018,4,25,16,53,15.731,0.2982,-0.322,-0.196,0.8768
-0.088,0.395,-0.145,-8.8,-16.6,-13.9,1023,2018,4,25,16,53,15.735,0.2939,-0.3257,-0.1975,0.8766
-0.079,0.36,-0.174,4.2,2.7,5.9,1023,2018,4,25,16,53,15.754,0.293,-0.3266,-0.1981,0.8764
-0.062,0.313,-0.125,20.6,8.7,25.4,1023,2018,4,25,16,53,15.776,0.2955,-0.3236,-0.1986,0.8766
-0.009,0.348,-0.171,34.4,4.9,43,1023,2018,4,25,16,53,15.812,0.3003,-0.3178,-0.2009,0.8765
-0.002,0.314,-0.169,47.7,-5,52.1,1023,2018,4,25,16,53,15.832,0.3063,-0.3096,-0.2056,0.8763
-0.066,-0.11,0.024,54.2,-8.7,55.8,0,2018,4,25,16,53,15.836,0.3122,-0.3001,-0.2126,0.8759
-0.098,-0.484,0.259,44.2,2.2,52.3,0,2018,4,25,16,53,15.853,0.3184,-0.2909,-0.2191,0.8751
-0.166,-0.707,0.399,27.7,21.9,28.8,0,2018,4,25,16,53,15.871,0.3242,-0.2829,-0.221,0.8751
-0.134,-0.65,0.348,1.6,7.2,-13.6,0,2018,4,25,16,53,15.892,0.3256,-0.2795,-0.2196,0.8761
0.008,-0.429,0.293,-22.4,-21.5,-50.6,0,2018,4,25,16,53,15.931,0.3204,-0.283,-0.2184,0.8772
0.069,-0.2,0.244,-40.5,-28.1,-66.9,0,2018,4,25,16,53,15.951,0.3109,-0.2917,-0.218,0.8778
0.052,0.08,0.115,-52.3,-5,-65.7,0,2018,4,25,16,53,15.955,0.3014,-0.3022,-0.2139,0.8786
0.039,0.32,-0.028,-57.4,17.9,-54.7,0,2018,4,25,16,53,15.977,0.2946,-0.3126,-0.2065,0.879
0.034,0.509,-0.134,-50.2,22.2,-36.9,0,2018,4,25,16,53,15.995,0.2907,-0.3214,-0.1977,0.8792
0.041,0.56,-0.192,-34.6,11.1,-12.8,0,2018,4,25,16,53,16.015,0.2893,-0.3279,-0.1916,0.8786
0.07,0.487,-0.228,-16.6,0.1,10.7,0,2018,4,25,16,53,16.034,0.2904,-0.3317,-0.1897,0.8772
0.071,0.376,-0.235,2.9,-4.9,31,0,2018,4,25,16,53,16.072,0.2938,-0.332,-0.191,0.8757
0.073,-0.07,-0.19,21.5,26,45.3,0,2018,4,25,16,53,16.076,0.2998,-0.3284,-0.1929,0.8746
-0.047,-0.261,-0.121,29.7,85.9,44.8,0,2018,4,25,16,53,16.094,0.3094,-0.3194,-0.1879,0.8757
-0.082,-0.358,0.017,21.1,93.2,15.2,0,2018,4,25,16,53,16.134,0.3183,-0.3098,-0.1768,0.8782
-0.039,-0.331,0.112,15.2,54.3,-19,0,2018,4,25,16,53,16.153,0.3214,-0.3028,-0.166,0.8817
0.006,-0.273,0.076,5.5,4.5,-39.6,0,2018,4,25,16,53,16.157,0.3176,-0.3006,-0.1608,0.8847
0.039,-0.21,0.016,-3.9,-12.8,-48.3,0,2018,4,25,16,53,16.176,0.3102,-0.3025,-0.1604,0.8868
-0.009,-0.033,0.047,-12.7,13.8,-49.1,0,2018,4,25,16,53,16.198,0.3029,-0.3052,-0.1573,0.8889
-0.022,0.184,0.039,-18.2,26.5,-45.8,0,2018,4,25,16,53,16.217,0.2969,-0.3075,-0.1498,0.8914
-0.032,0.32,-0.006,-19.1,14.5,-35,0,2018,4,25,16,53,16.237,0.2922,-0.3105,-0.1433,0.893
-0.066,0.39,-0.002,-16.5,-0.6,-21,0,2018,4,25,16,53,16.276,0.2887,-0.3136,-0.1399,0.8936
-0.093,0.466,0.001,-12.1,-21.7,-6,0,2018,4,25,16,53,16.28,0.2864,-0.3167,-0.1402,0.8932
-0.105,0.461,-0.007,-7.1,-44.2,8.7,0,2018,4,25,16,53,16.296,0.285,-0.3199,-0.1451,0.8918
-0.045,0.13,-0.013,-4.9,-24.5,26.8,0,2018,4,25,16,53,16.316,0.2857,-0.3222,-0.1518,0.8896
-0.025,-0.018,0.089,-4.8,15.5,40.7,0,2018,4,25,16,53,16.336,0.291,-0.3216,-0.153,0.8879
-0.028,-0.158,0.106,-8,33.9,40.2,0,2018,4,25,16,53,16.373,0.2994,-0.3195,-0.1507,0.8862
-0.011,-0.229,0.066,-13,13.7,23,0,2018,4,25,16,53,16.392,0.3061,-0.319,-0.148,0.8846
0.022,-0.272,0.04,-16.6,-12.3,0.7,1023,2018,4,25,16,53,16.397,0.3082,-0.3211,-0.148,0.8831
0.024,-0.172,0.002,-17.2,-20.8,-13.5,1023,2018,4,25,16,53,16.418,0.3064,-0.3249,-0.1495,0.8821
0.021,-0.007,-0.086,-16.6,-9,-17,1023,2018,4,25,16,53,16.438,0.3034,-0.3293,-0.1504,0.8813
0.003,0.166,-0.159,-13.5,8.4,-11.9,1023,2018,4,25,16,53,16.477,0.3013,-0.3324,-0.1484,0.8812
-0.009,0.34,-0.144,-6.5,17.1,-1.2,1023,2018,4,25,16,53,16.496,0.3013,-0.3333,-0.1452,0.8814
-0.024,0.427,-0.134,2,8.4,11.9,1023,2018,4,25,16,53,16.501,0.3031,-0.3328,-0.1434,0.8813
-0.074,0.406,-0.113,9.9,-4.8,24.4,1023,2018,4,25,16,53,16.52,0.3059,-0.3313,-0.1445,0.8807
-0.004,0.171,-0.051,15.1,-26.1,33.9,1023,2018,4,25,16,53,16.539,0.3092,-0.3293,-0.1493,0.8795
0.063,-0.12,0.017,14.8,-45,41.8,1023,2018,4,25,16,53,16.575,0.3123,-0.3284,-0.1576,0.8773
0.057,-0.177,0.06,11.7,-46.7,42.6,1023,2018,4,25,16,53,16.578,0.3159,-0.3281,-0.1683,0.8741
0.023,-0.143,0.068,5.1,-54.6,29.6,1023,2018,4,25,16,53,16.597,0.3184,-0.3286,-0.179,0.8709
0.007,-0.253,0.015,-2.9,-66.9,6.9,0,2018,4,25,16,53,16.634,0.3177,-0.3313,-0.1897,0.8679
0.089,-0.442,-0.026,-7.9,-42.6,-11.8,0,2018,4,25,16,53,16.654,0.3139,-0.3354,-0.1978,0.8658
0.119,-0.224,-0.001,-11.9,-14.1,-21.7,0,2018,4,25,16,53,16.655,0.3101,-0.339,-0.2002,0.8653
0.119,0.004,-0.046,-11.7,-1.7,-27.8,0,2018,4,25,16,53,16.692,0.306,-0.3429,-0.1988,0.8655
0.079,0.122,-0.1,-7.7,-3.4,-29.2,0,2018,4,25,16,53,16.715,0.3016,-0.3459,-0.1966,0.8664
0.056,0.205,-0.104,-0.5,-4.6,-24.4,0,2018,4,25,16,53,16.719,0.2974,-0.3477,-0.1954,0.8674
0.061,0.203,-0.121,9.8,5.2,-15,0,2018,4,25,16,53,16.757,0.2942,-0.3477,-0.1947,0.8686
0.067,0.122,-0.11,20,29.1,-4,0,2018,4,25,16,53,16.78,0.2933,-0.3448,-0.1923,0.8706
0.045,-0.074,-0.067,29.1,79.1,5.3,0,2018,4,25,16,53,16.782,0.2955,-0.3392,-0.1853,0.8736
0.001,0.006,0.031,36,96.5,4.3,0,2018,4,25,16,53,16.797,0.3007,-0.3293,-0.1729,0.8781
-0.038,-0.015,0.067,36.2,73.3,-9,0,2018,4,25,16,53,16.835,0.3042,-0.3188,-0.1611,0.883
-0.05,-0.086,0.096,28.6,39.7,-23.1,0,2018,4,25,16,53,16.856,0.3039,-0.3107,-0.1533,0.8874
-0.031,-0.111,0.13,16.9,22.8,-31.9,0,2018,4,25,16,53,16.858,0.3008,-0.3057,-0.1488,0.891
-0.04,0.031,0.146,6.1,19.1,-33.3,0,2018,4,25,16,53,16.897,0.2966,-0.3028,-0.1442,0.8941
-0.066,0.168,0.128,-2.4,10.9,-30.3,0,2018,4,25,16,53,16.916,0.2923,-0.3024,-0.14,0.8963
-0.077,0.208,0.102,-9.4,2.6,-21.5,0,2018,4,25,16,53,16.918,0.2887,-0.3037,-0.1374,0.8974
-0.099,0.259,0.091,-14.1,-0.9,-7.6,0,2018,4,25,16,53,16.955,0.2868,-0.3059,-0.1358,0.8975
-0.124,0.281,0.079,-16.9,-11.2,6.2,0,2018,4,25,16,53,16.976,0.2868,-0.3087,-0.1361,0.8965
-0.133,0.268,0.026,-18,-21.4,16.6,0,2018,4,25,16,53,16.98,0.2881,-0.312,-0.1384,0.8946
-0.122,0.214,-0.003,-19.5,-23.7,24.8,0,2018,4,25,16,53,16.998,0.2906,-0.3157,-0.1423,0.8919
-0.091,0.136,-0.004,-17.5,-23,31.2,0,2018,4,25,16,53,17.018,0.2942,-0.319,-0.1465,0.8888
-0.072,0.107,-0.016,-16.3,-29.3,37.2,0,2018,4,25,16,53,17.037,0.2985,-0.3219,-0.1513,0.8856
-0.058,0.084,-0.049,-16.1,-36.4,40,0,2018,4,25,16,53,17.056,0.3029,-0.3246,-0.1567,0.8821
0.01,-0.03,-0.052,-16.1,-42.7,38.4,0,2018,4,25,16,53,17.094,0.307,-0.3283,-0.164,0.878
0.058,-0.071,-0.019,-15.8,-52,32.5,0,2018,4,25,16,53,17.117,0.3101,-0.3327,-0.1724,0.8736
0.11,-0.175,-0.055,-15.3,-59.8,21.7,0,2018,4,25,16,53,17.121,0.3112,-0.3379,-0.1821,0.8693
0.139,-0.277,-0.098,-14.3,-32.8,10.2,0,2018,4,25,16,53,17.142,0.3113,-0.3422,-0.1894,0.866
0.139,-0.236,-0.083,-12.7,-6.9,-1,0,2018,4,25,16,53,17.162,0.3112,-0.3451,-0.1918,0.8643
0.155,-0.108,-0.108,-9.4,9.7,-11,1023,2018,4,25,16,53,17.201,0.3108,-0.3469,-0.1902,0.8641
0.164,-0.035,-0.131,-4.3,6.4,-18.1,1023,2018,4,25,16,53,17.22,0.3093,-0.348,-0.1877,0.8648
0.127,0.042,-0.118,2.3,1,-20.9,1023,2018,4,25,16,53,17.224,0.3065,-0.3486,-0.1859,0.8659
0.073,0.072,-0.104,9.2,7.6,-20,1023,2018,4,25,16,53,17.239,0.3033,-0.3483,-0.1844,0.8675
0.055,0.141,-0.083,17,18.6,-16.5,1023,2018,4,25,16,53,17.278,0.3008,-0.3464,-0.1816,0.8697
0.051,0.246,-0.095,25.5,25.8,-11,1023,2018,4,25,16,53,17.299,0.2994,-0.3423,-0.1783,0.8725
0.018,0.295,-0.071,31.7,13.7,-5.9,1023,2018,4,25,16,53,17.303,0.2985,-0.337,-0.1762,0.8753
-0.048,0.162,0.028,30.9,-3.6,-1.4,1023,2018,4,25,16,53,17.323,0.2972,-0.332,-0.177,0.8775
-0.076,-0.113,0.181,23,-2.2,1.6,1023,2018,4,25,16,53,17.343,0.2962,-0.3275,-0.179,0.8791
-0.104,-0.172,0.277,10.4,9.1,0.6,1023,2018,4,25,16,53,17.382,0.2962,-0.3246,-0.1792,0.8801
-0.11,-0.105,0.199,-4.4,1.3,-9.8,1023,2018,4,25,16,53,17.386,0.2959,-0.3241,-0.1782,0.8806
-0.069,-0.102,0.127,-16.3,-13,-21.5,0,2018,4,25,16,53,17.403,0.2933,-0.3265,-0.1778,0.8807
-0.05,0.018,0.079,-22.3,-14.1,-21.9,0,2018,4,25,16,53,17.441,0.2899,-0.3301,-0.1777,0.8805
-0.022,0.176,-0.008,-23.8,-6.3,-14.4,0,2018,4,25,16,53,17.461,0.2871,-0.3343,-0.1764,0.8801
0.006,0.282,-0.094,-21.2,4.9,-2.8,0,2018,4,25,16,53,17.465,0.2865,-0.3382,-0.1748,0.8791
0.054,0.328,-0.163,-11.6,17.2,13.4,0,2018,4,25,16,53,17.487,0.2885,-0.34,-0.1725,0.8782
0.077,0.304,-0.164,3.9,22.2,30.3,0,2018,4,25,16,53,17.507,0.2933,-0.3389,-0.1705,0.8775
0.047,0.162,-0.107,19.7,23.8,43.6,0,2018,4,25,16,53,17.523,0.3001,-0.3346,-0.1698,0.8769
0.022,-0.01,-0.054,32.2,30.6,48.7,0,2018,4,25,16,53,17.558,0.3078,-0.3282,-0.1694,0.8767
-0.015,-0.137,-0.008,33.4,20.9,39.6,0,2018,4,25,16,53,17.579,0.3152,-0.3205,-0.1699,0.8768
0.02,-0.316,0.092,27.9,10.1,23.3,0,2018,4,25,16,53,17.586,0.3199,-0.3143,-0.1714,0.8771
0.032,-0.337,0.113,21.3,8.2,8.1,0,2018,4,25,16,53,17.624,0.3219,-0.3096,-0.1723,0.8779
0.032,-0.173,0.039,13.3,2.4,-7,0,2018,4,25,16,53,17.644,0.3218,-0.3067,-0.1727,0.8789
0.004,-0.105,-0.03,5,-5,-25,0,2018,4,25,16,53,17.65,0.319,-0.3062,-0.1731,0.88
0.008,-0.061,-0.01,-2.7,-7.9,-37,0,2018,4,25,16,53,17.666,0.3136,-0.3078,-0.173,0.8814
0.006,0.068,0.005,-7.8,-5.3,-38.7,0,2018,4,25,16,53,17.704,0.3073,-0.3103,-0.1714,0.883
0.025,0.209,-0.012,-10.2,-3.1,-34.2,0,2018,4,25,16,53,17.708,0.3016,-0.313,-0.169,0.8845
0.043,0.302,-0.054,-6.9,-0.3,-25.3,0,2018,4,25,16,53,17.723,0.2972,-0.3153,-0.1672,0.8855
0.044,0.379,-0.086,-0.4,-2.7,-13.1,0,2018,4,25,16,53,17.762,0.2943,-0.3165,-0.1661,0.8863
0.05,0.341,-0.105,7.9,-3.7,0.4,0,2018,4,25,16,53,17.782,0.293,-0.3163,-0.1666,0.8867
0.063,0.211,-0.069,18.1,7.2,14.6,0,2018,4,25,16,53,17.787,0.2939,-0.314,-0.1675,0.887
-0.014,-0.087,0.068,26.6,28,22,0,2018,4,25,16,53,17.806,0.2972,-0.3089,-0.1667,0.8879
-0.066,-0.217,0.188,16.7,19,13.7,0,2018,4,25,16,53,17.825,0.301,-0.3031,-0.1649,0.8889
-0.099,-0.357,0.221,5.5,8.1,-7.7,0,2018,4,25,16,53,17.862,0.3019,-0.3006,-0.1636,0.8897
-0.05,-0.323,0.133,-7.2,-2.5,-30.5,0,2018,4,25,16,53,17.883,0.2989,-0.3013,-0.1622,0.8908
0,-0.095,0.054,-16.5,-7.8,-42.5,0,2018,4,25,16,53,17.887,0.2931,-0.3045,-0.1606,0.8919
0.013,0.128,-0.001,-23.3,-15.3,-43.5,0,2018,4,25,16,53,17.923,0.286,-0.3094,-0.1585,0.8928
