time_1,time_2,time_3,time_4,time_5,time_6,w,x,y,z,droll,dpitch,dyaw,ax,ay,az,heart
2018,5,17,20,19,21.098,-0.9168,-0.0028,-0.2769,0.2874,-0.1,0.4,1.1,-0.002,0.014,-0.004,0
2018,5,17,20,19,21.121,-0.9169,-0.0029,-0.2769,0.2874,-0.1,0.4,1,-0.002,0.021,-0.005,0
2018,5,17,20,19,21.139,-0.9169,-0.003,-0.2768,0.2873,-0.4,0.2,1,0.003,0.019,-0.001,0
2018,5,17,20,19,21.162,-0.9169,-0.0029,-0.2767,0.2874,-0.4,0.2,1.1,0.002,0.018,-0.006,0
2018,5,17,20,19,21.181,-0.9168,-0.0029,-0.2767,0.2876,-0.4,0.1,1,0.001,0.018,-0.003,0
2018,5,17,20,19,21.204,-0.9169,-0.0029,-0.2766,0.2876,-0.5,0.2,1.2,-0.001,0.017,-0.006,0
2018,5,17,20,19,21.222,-0.9168,-0.0029,-0.2766,0.2876,-0.5,0.1,1.2,-0.004,0.016,-0.002,0
2018,5,17,20,19,21.241,-0.9169,-0.0029,-0.2766,0.2876,-0.6,0.1,1.1,-0.001,0.018,-0.007,0
2018,5,17,20,19,21.26,-0.9169,-0.0029,-0.2765,0.2876,-0.4,0.1,1,0,0.014,-0.008,0
2018,5,17,20,19,21.277,-0.9169,-0.0028,-0.2765,0.2877,-0.5,0.1,1.1,-0.005,0.018,0,0
2018,5,17,20,19,21.299,-0.9168,-0.0028,-0.2765,0.2878,-0.9,0,1.2,0.001,0.018,0.001,0
2018,5,17,20,19,21.318,-0.9168,-0.0027,-0.2765,0.2879,0,-0.1,1.2,0,0.004,-0.01,0
2018,5,17,20,19,21.342,-0.9168,-0.0029,-0.2765,0.288,0.6,0,1.2,-0.002,0.019,0.002,0
2018,5,17,20,19,21.36,-0.9168,-0.0029,-0.2764,0.2881,-0.4,0,1,0,0.014,0.005,0
2018,5,17,20,19,21.383,-0.9168,-0.0029,-0.2764,0.2881,-0.6,-0.6,0.7,-0.006,0.009,0,0
2018,5,17,20,19,21.42,-0.9168,-0.003,-0.2765,0.288,0,-0.7,0.7,-0.004,0.013,-0.009,1023
2018,5,17,20,19,21.443,-0.9167,-0.0031,-0.2766,0.288,0,-0.2,0.8,-0.002,0.02,-0.012,1023
2018,5,17,20,19,21.447,-0.9167,-0.0033,-0.2766,0.288,-0.2,-0.2,1.1,0,0.021,-0.008,1023
2018,5,17,20,19,21.465,-0.9167,-0.0033,-0.2766,0.2882,-0.2,0.1,1.2,0.002,0.017,0.001,1023
2018,5,17,20,19,21.482,-0.9167,-0.0033,-0.2765,0.2883,0.2,0.3,1,0.003,0.018,-0.005,1023
2018,5,17,20,19,21.5,-0.9167,-0.0034,-0.2764,0.2884,-0.1,0.3,1.3,0.002,0.021,0.001,1023
2018,5,17,20,19,21.523,-0.9166,-0.0034,-0.2763,0.2885,-0.3,0.1,1.3,-0.001,0.016,-0.003,1023
2018,5,17,20,19,21.541,-0.9166,-0.0034,-0.2763,0.2886,-0.2,0,1.2,-0.002,0.013,-0.002,1023
2018,5,17,20,19,21.56,-0.9166,-0.0035,-0.2763,0.2886,-0.6,-0.2,1,-0.004,0.014,0.001,1023
2018,5,17,20,19,21.583,-0.9166,-0.0034,-0.2763,0.2887,-0.6,-0.1,1.1,-0.003,0.011,-0.002,1023
2018,5,17,20,19,21.619,-0.9166,-0.0034,-0.2763,0.2887,-0.1,0.1,1,-0.002,0.013,0,1023
2018,5,17,20,19,21.642,-0.9166,-0.0035,-0.2763,0.2888,-0.1,0.1,1.1,0,0.017,-0.001,1023
2018,5,17,20,19,21.647,-0.9166,-0.0035,-0.2762,0.2888,-0.4,0.3,1,-0.001,0.013,-0.005,1023
2018,5,17,20,19,21.664,-0.9166,-0.0035,-0.2762,0.2888,-0.5,0.4,1.1,-0.001,0.011,-0.006,0
2018,5,17,20,19,21.687,-0.9166,-0.0033,-0.2761,0.2889,-0.9,0.3,1.3,0.001,0.016,-0.002,0
2018,5,17,20,19,21.706,-0.9166,-0.0033,-0.2761,0.289,-0.6,0.3,1.2,0.002,0.017,-0.004,0
2018,5,17,20,19,21.724,-0.9166,-0.0033,-0.2761,0.289,-0.6,0.1,1.1,0.001,0.024,0,0
2018,5,17,20,19,21.747,-0.9166,-0.0035,-0.2761,0.2889,-0.8,0.4,1.4,-0.003,0.023,-0.006,0
2018,5,17,20,19,21.764,-0.9166,-0.0034,-0.276,0.2889,-1.1,0,1.3,-0.006,0.014,-0.006,0
2018,5,17,20,19,21.781,-0.9166,-0.0034,-0.2761,0.2888,-0.6,-0.1,1.1,-0.001,0.011,-0.003,0
2018,5,17,20,19,21.804,-0.9166,-0.0034,-0.2761,0.2889,-0.6,-0.2,1,-0.002,0.017,-0.006,0
2018,5,17,20,19,21.841,-0.9166,-0.0033,-0.2762,0.2889,-0.6,-0.4,0.8,-0.001,0.016,-0.005,0
2018,5,17,20,19,21.863,-0.9165,-0.0033,-0.2762,0.289,-0.5,-0.5,1,0.002,0.017,-0.001,0
2018,5,17,20,19,21.867,-0.9165,-0.0033,-0.2763,0.2891,-0.6,-0.2,1.1,0,0.019,-0.001,0
2018,5,17,20,19,21.902,-0.9165,-0.0033,-0.2763,0.2891,-0.6,0.3,1.1,0.002,0.013,-0.004,0
2018,5,17,20,19,21.924,-0.9165,-0.0032,-0.2762,0.2892,-0.1,0.4,0.9,0.001,0.007,0.002,0
2018,5,17,20,19,21.929,-0.9165,-0.0033,-0.2762,0.2891,0.1,0.2,0.9,-0.002,0.01,-0.008,0
2018,5,17,20,19,21.946,-0.9165,-0.0033,-0.2761,0.2892,0.1,0.2,1,-0.002,0.013,-0.005,0
2018,5,17,20,19,21.969,-0.9165,-0.0035,-0.276,0.2891,0,0.3,0.8,-0.002,0.016,-0.001,0
2018,5,17,20,19,21.985,-0.9166,-0.0037,-0.276,0.2891,-0.1,0.3,1,-0.002,0.022,-0.006,0
2018,5,17,20,19,22.022,-0.9166,-0.0037,-0.2759,0.2891,-0.5,0.3,1,0,0.023,-0.003,0
2018,5,17,20,19,22.045,-0.9166,-0.0037,-0.2758,0.2892,-0.9,0.1,1,0,0.016,0.002,0
2018,5,17,20,19,22.05,-0.9166,-0.0037,-0.2759,0.2891,-0.6,-0.1,0.9,0,0.013,-0.001,0
2018,5,17,20,19,22.065,-0.9166,-0.0037,-0.2759,0.2891,-0.1,-0.1,0.9,0,0.013,-0.002,0
2018,5,17,20,19,22.088,-0.9166,-0.0038,-0.2759,0.2891,-0.6,0,0.8,0,0.015,-0.008,0
2018,5,17,20,19,22.106,-0.9166,-0.0038,-0.2759,0.2891,-0.4,0,0.8,-0.002,0.017,-0.004,1023
2018,5,17,20,19,22.129,-0.9166,-0.0039,-0.2759,0.2892,-0.3,0,0.9,0.006,0.018,0,1023
2018,5,17,20,19,22.148,-0.9165,-0.0038,-0.2759,0.2893,0,0.1,1,0.002,0.009,-0.008,1023
2018,5,17,20,19,22.168,-0.9166,-0.004,-0.2758,0.2892,0.9,0.4,1.1,-0.001,0.018,-0.004,1023
2018,5,17,20,19,22.186,-0.9166,-0.0043,-0.2756,0.2893,0.4,0.8,1.3,-0.003,0.024,0,1023
2018,5,17,20,19,22.209,-0.9167,-0.0045,-0.2755,0.2893,-0.1,0.2,1.1,-0.005,0.012,0.001,1023
2018,5,17,20,19,22.225,-0.9166,-0.0044,-0.2753,0.2894,-0.2,-0.2,0.8,-0.01,0.013,0,1023
2018,5,17,20,19,22.264,-0.9166,-0.0043,-0.2753,0.2895,-0.2,-0.2,0.9,-0.004,0.011,-0.006,1023
2018,5,17,20,19,22.264,-0.9166,-0.0042,-0.2753,0.2897,0.1,-0.2,0.8,0.001,0.009,-0.006,1023
2018,5,17,20,19,22.287,-0.9165,-0.0044,-0.2754,0.2897,0.6,-0.2,0.6,0,0.019,-0.003,1023
2018,5,17,20,19,22.323,-0.9166,-0.0046,-0.2754,0.2897,0,-0.1,0.5,0.001,0.028,-0.001,1023
2018,5,17,20,19,22.346,-0.9166,-0.0047,-0.2754,0.2896,-0.8,-0.2,0.5,0,0.02,0,1023
2018,5,17,20,19,22.349,-0.9166,-0.0047,-0.2755,0.2896,0,0,0,0.001,0.013,-0.006,0
2018,5,17,20,19,22.384,-0.9166,-0.0048,-0.2755,0.2895,0.6,0,0.4,0.001,0.011,-0.009,0
2018,5,17,20,19,22.408,-0.9166,-0.0051,-0.2754,0.2894,0.8,0.3,0.6,0.001,0.019,-0.001,0
2018,5,17,20,19,22.411,-0.9167,-0.0051,-0.2752,0.2896,0,0.7,0.8,0.001,0.017,0.005,0
2018,5,17,20,19,22.429,-0.9167,-0.005,-0.275,0.2898,0.2,0.9,0.9,0.006,0.011,0,0
2018,5,17,20,19,22.452,-0.9167,-0.005,-0.2747,0.2899,0.6,0.9,0.8,0.003,0.015,0,0
2018,5,17,20,19,22.47,-0.9167,-0.0052,-0.2745,0.2899,0.1,0.7,0.9,-0.005,0.021,-0.004,0
2018,5,17,20,19,22.493,-0.9167,-0.0052,-0.2744,0.2901,-0.4,0.2,1,-0.008,0.02,-0.008,0
2018,5,17,20,19,22.509,-0.9168,-0.0052,-0.2743,0.2901,-0.5,-0.2,1.1,-0.011,0.013,-0.008,0
2018,5,17,20,19,22.526,-0.9167,-0.0051,-0.2743,0.2901,-0.7,-0.2,1,-0.004,0.015,-0.004,0
2018,5,17,20,19,22.549,-0.9167,-0.0051,-0.2744,0.2901,-0.8,-0.2,1,-0.002,0.018,-0.001,0
2018,5,17,20,19,22.568,-0.9167,-0.005,-0.2744,0.2902,-0.6,-0.1,0.7,0.003,0.018,-0.007,0
2018,5,17,20,19,22.591,-0.9167,-0.0052,-0.2744,0.29,-0.4,0.2,0.5,0.001,0.016,-0.001,0
2018,5,17,20,19,22.609,-0.9167,-0.0051,-0.2744,0.29,-0.6,0.6,0.7,-0.001,0.015,-0.002,0
2018,5,17,20,19,22.633,-0.9168,-0.0052,-0.2743,0.2899,-0.4,0.6,0.8,-0.002,0.015,-0.002,0
2018,5,17,20,19,22.649,-0.9168,-0.0054,-0.2743,0.2898,-0.6,0.4,1,0,0.014,-0.002,0
2018,5,17,20,19,22.672,-0.9169,-0.0055,-0.2743,0.2896,-0.4,0.3,1.1,-0.006,0.02,-0.002,0
2018,5,17,20,19,22.689,-0.9169,-0.0055,-0.2742,0.2896,-1,0.2,1.3,-0.001,0.019,-0.004,0
2018,5,17,20,19,22.726,-0.9169,-0.0054,-0.2743,0.2896,-1.3,0,1.1,0.003,0.012,-0.003,0
2018,5,17,20,19,22.749,-0.9169,-0.0052,-0.2743,0.2897,-0.9,-0.3,1,0.002,0.008,-0.002,0
2018,5,17,20,19,22.754,-0.9169,-0.0052,-0.2744,0.2896,-0.4,-0.1,0.9,0.001,0.016,-0.002,1023
2018,5,17,20,19,22.769,-0.9169,-0.0053,-0.2744,0.2896,-0.4,0,0.7,-0.001,0.02,-0.005,1023
2018,5,17,20,19,22.792,-0.9169,-0.0054,-0.2744,0.2895,-0.9,0.2,0.8,0,0.021,0.003,1023
2018,5,17,20,19,22.828,-0.9169,-0.0053,-0.2744,0.2894,-1,0.5,0.7,0.001,0.015,-0.001,1023
2018,5,17,20,19,22.851,-0.917,-0.0052,-0.2743,0.2894,-0.3,0.4,0.8,-0.002,0.01,-0.003,1023
2018,5,17,20,19,22.855,-0.917,-0.0053,-0.2743,0.2892,-0.5,0,0.8,-0.002,0.017,0,1023
2018,5,17,20,19,22.889,-0.917,-0.0053,-0.2743,0.2892,-1,-0.2,0.8,-0.004,0.02,-0.006,1023
2018,5,17,20,19,22.912,-0.917,-0.0052,-0.2744,0.2892,-1.4,-0.4,1,-0.004,0.023,0,1023
2018,5,17,20,19,22.917,-0.917,-0.0051,-0.2745,0.2891,-1.3,-0.4,1.3,0,0.012,-0.005,1023
2018,5,17,20,19,22.933,-0.917,-0.0051,-0.2746,0.2891,0,-0.2,1.1,-0.002,0.009,-0.005,1023
2018,5,17,20,19,22.956,-0.917,-0.0052,-0.2746,0.2891,0.1,-0.2,1,-0.001,0.018,0.003,1023
2018,5,17,20,19,22.992,-0.9169,-0.0051,-0.2745,0.2893,-1,-0.3,1,0,0.017,0.009,0
2018,5,17,20,19,22.992,-0.9169,-0.0049,-0.2746,0.2893,-1.3,-0.4,0.7,0.001,0.012,-0.004,0
2018,5,17,20,19,23.014,-0.9169,-0.0049,-0.2747,0.2892,-1,-0.3,0.7,0.001,0.011,-0.004,0
2018,5,17,20,19,23.034,-0.9169,-0.0049,-0.2748,0.2891,-0.6,0.1,0.9,0.002,0.019,-0.006,0
2018,5,17,20,19,23.07,-0.9169,-0.0049,-0.2748,0.2891,-0.6,0.3,1.1,-0.001,0.019,-0.008,0
2018,5,17,20,19,23.093,-0.9169,-0.0048,-0.2748,0.2892,-0.9,-0.1,1,-0.002,0.021,-0.005,0
2018,5,17,20,19,23.098,-0.9169,-0.0049,-0.2748,0.289,-1.3,-0.2,1,0,0.02,-0.003,0
2018,5,17,20,19,23.114,-0.9169,-0.0049,-0.2749,0.2889,-0.9,-0.5,0.8,0,0.016,-0.006,0
2018,5,17,20,19,23.137,-0.9169,-0.0048,-0.2751,0.2889,-0.5,-0.1,0.7,0,0.015,0,0
2018,5,17,20,19,23.173,-0.9169,-0.0047,-0.2751,0.289,-0.9,-0.2,0.7,0.001,0.022,0.003,0
2018,5,17,20,19,23.173,-0.9169,-0.0046,-0.2751,0.2889,-1.5,0,1,0.004,0.015,0,0
2018,5,17,20,19,23.196,-0.9169,-0.0044,-0.2752,0.2889,-1.2,0,1,-0.001,0.01,-0.001,0
2018,5,17,20,19,23.214,-0.9168,-0.0041,-0.2752,0.2891,-0.9,0.1,1.3,-0.002,0.014,-0.006,0
2018,5,17,20,19,23.251,-0.9168,-0.004,-0.2752,0.2891,-1,0.1,1.1,-0.001,0.015,-0.002,0
2018,5,17,20,19,23.274,-0.9168,-0.0037,-0.2751,0.2892,-1.4,0,1.1,-0.002,0.016,-0.001,0
2018,5,17,20,19,23.279,-0.9168,-0.0035,-0.2752,0.2892,-1.3,-0.2,1.1,-0.003,0.01,-0.006,0
2018,5,17,20,19,23.294,-0.9168,-0.0035,-0.2753,0.2891,-1,-0.1,1,0,0.016,-0.002,0
2018,5,17,20,19,23.329,-0.9168,-0.0035,-0.2753,0.2891,-0.7,-0.1,0.7,0,0.02,0.001,0
2018,5,17,20,19,23.353,-0.9168,-0.0034,-0.2753,0.2891,-1,-0.1,1,0.004,0.021,-0.006,0
2018,5,17,20,19,23.357,-0.9168,-0.0033,-0.2753,0.2891,-0.9,0.1,0.7,0.001,0.018,-0.001,0
2018,5,17,20,19,23.375,-0.9168,-0.0033,-0.2753,0.289,-0.8,0.1,0.8,-0.003,0.021,-0.004,0
2018,5,17,20,19,23.398,-0.9168,-0.0033,-0.2752,0.289,-0.9,0.1,0.7,-0.002,0.021,-0.009,0
2018,5,17,20,19,23.414,-0.9168,-0.0031,-0.2751,0.2891,-1,-0.1,0.8,-0.007,0.019,-0.006,1023
2018,5,17,20,19,23.449,-0.9168,-0.003,-0.2751,0.2891,-1.2,-0.1,0.8,-0.004,0.017,-0.003,1023
2018,5,17,20,19,23.473,-0.9168,-0.0029,-0.2752,0.2891,-0.9,-0.1,1,0,0.015,-0.005,1023
2018,5,17,20,19,23.478,-0.9168,-0.0028,-0.2753,0.2891,-0.9,0,1,0.001,0.015,-0.003,1023
2018,5,17,20,19,23.495,-0.9168,-0.0029,-0.2754,0.2889,-0.7,0.1,0.8,0.003,0.012,-0.004,1023
2018,5,17,20,19,23.518,-0.9168,-0.0029,-0.2754,0.2888,-0.4,0.3,0.7,0.002,0.011,-0.006,1023
2018,5,17,20,19,23.537,-0.9169,-0.0029,-0.2754,0.2888,0,0,0,0.003,0.015,-0.001,1023
2018,5,17,20,19,23.573,-0.9169,-0.0029,-0.2753,0.2887,-0.6,0.2,0.4,-0.001,0.02,-0.002,1023
2018,5,17,20,19,23.596,-0.9169,-0.0029,-0.2753,0.2887,0,0,0,0,0.015,-0.005,1023
2018,5,17,20,19,23.601,-0.9169,-0.0029,-0.2752,0.2887,-0.4,-0.2,0.5,-0.004,0.018,-0.003,1023
2018,5,17,20,19,23.616,-0.9169,-0.0029,-0.2752,0.2887,-0.2,-0.4,0.5,-0.004,0.012,0,1023
2018,5,17,20,19,23.639,-0.917,-0.003,-0.2752,0.2886,0,0,0.5,-0.006,0.019,-0.013,1023
2018,5,17,20,19,23.676,-0.917,-0.0031,-0.2752,0.2886,-0.2,0,0.7,-0.002,0.023,-0.001,0
2018,5,17,20,19,23.699,-0.917,-0.0033,-0.2752,0.2885,-0.9,-0.1,0.7,-0.003,0.013,0,0
2018,5,17,20,19,23.704,-0.917,-0.0031,-0.2753,0.2885,-1.1,-0.3,0.6,0,0.009,-0.005,0
2018,5,17,20,19,23.717,-0.9169,-0.0029,-0.2754,0.2885,-0.5,-0.5,0.4,0,0.011,0,0
2018,5,17,20,19,23.737,-0.9169,-0.0029,-0.2754,0.2885,-0.3,0,0.7,0.006,0.02,-0.006,0
2018,5,17,20,19,23.76,-0.9169,-0.0029,-0.2754,0.2886,-0.2,0.6,0.8,0.003,0.018,-0.006,0
2018,5,17,20,19,23.776,-0.9169,-0.003,-0.2753,0.2886,-0.3,0.5,1,-0.002,0.016,-0.005,0
2018,5,17,20,19,23.799,-0.917,-0.003,-0.2752,0.2886,-0.6,0.3,0.9,-0.009,0.017,-0.002,0
2018,5,17,20,19,23.836,-0.917,-0.0029,-0.275,0.2887,-0.2,0,0.6,-0.007,0.014,-0.003,0
2018,5,17,20,19,23.859,-0.917,-0.0029,-0.275,0.2888,0.1,0,0.6,-0.002,0.016,-0.005,0
2018,5,17,20,19,23.863,-0.9169,-0.0029,-0.2749,0.2891,0.2,-0.1,0.8,0.001,0.023,0,0
2018,5,17,20,19,23.882,-0.9169,-0.003,-0.2748,0.2892,-0.2,-0.1,1,0.001,0.022,-0.002,0
2018,5,17,20,19,23.9,-0.9169,-0.0031,-0.2749,0.2892,-0.4,-0.2,0.9,0,0.017,-0.003,0
2018,5,17,20,19,23.923,-0.9169,-0.0032,-0.2749,0.2891,-0.1,-0.1,0.7,0.001,0.012,-0.006,0
2018,5,17,20,19,23.938,-0.9169,-0.0032,-0.2749,0.2891,0,0,0,0,0.01,-0.003,0
2018,5,17,20,19,23.957,-0.9169,-0.0031,-0.2749,0.2892,0,0,0,0.001,0.014,-0.003,0
2018,5,17,20,19,23.98,-0.9169,-0.0034,-0.2748,0.2891,0.1,0.3,0.6,0.001,0.022,-0.009,0
2018,5,17,20,19,24.016,-0.917,-0.0037,-0.2748,0.2889,-0.4,0.1,0.5,-0.002,0.016,-0.005,0
2018,5,17,20,19,24.039,-0.917,-0.0038,-0.2748,0.2888,-0.1,0,0.8,-0.003,0.021,0,0
2018,5,17,20,19,24.041,-0.917,-0.0038,-0.2747,0.2888,-0.6,0,0.7,-0.003,0.02,-0.003,0
2018,5,17,20,19,24.061,-0.917,-0.0038,-0.2748,0.2887,-0.6,-0.1,0.6,-0.002,0.017,-0.006,0
2018,5,17,20,19,24.08,-0.917,-0.0038,-0.2748,0.2888,0,0,0,0,0.02,-0.006,0
2018,5,17,20,19,24.103,-0.917,-0.0039,-0.2747,0.2888,0,0,0,-0.004,0.022,-0.003,0
2018,5,17,20,19,24.121,-0.9171,-0.004,-0.2747,0.2887,0,-0.3,0.7,-0.004,0.02,-0.006,0
2018,5,17,20,19,24.144,-0.9171,-0.0041,-0.2747,0.2887,-0.2,-0.1,0.9,-0.002,0.015,-0.009,1023
2018,5,17,20,19,24.161,-0.917,-0.0041,-0.2747,0.2888,-0.6,-0.1,1.1,-0.001,0.019,-0.006,1023
2018,5,17,20,19,24.179,-0.917,-0.004,-0.2747,0.2889,-0.9,0.2,1.3,0,0.019,-0.01,1023
2018,5,17,20,19,24.202,-0.917,-0.0041,-0.2748,0.2887,-1,0.2,1.2,0.002,0.016,-0.001,1023
2018,5,17,20,19,24.22,-0.917,-0.004,-0.2748,0.2888,-0.4,0.2,1,-0.001,0.007,-0.008,1023
2018,5,17,20,19,24.243,-0.917,-0.004,-0.2747,0.2888,-0.2,0,1,-0.003,0.019,0.004,1023
2018,5,17,20,19,24.259,-0.917,-0.0039,-0.2746,0.289,-0.7,0.2,1,-0.005,0.013,-0.007,1023
2018,5,17,20,19,24.282,-0.917,-0.004,-0.2746,0.2889,0.1,0.2,1.1,0.001,0.015,-0.004,1023
2018,5,17,20,19,24.301,-0.9171,-0.0041,-0.2745,0.2889,0,0.5,1.1,-0.002,0.022,0,1023
2018,5,17,20,19,24.324,-0.9171,-0.0041,-0.2745,0.289,-1.2,-0.1,0.8,-0.001,0.017,0,1023
2018,5,17,20,19,24.343,-0.917,-0.004,-0.2745,0.289,-0.6,-0.6,0.7,0,0.009,-0.008,1023
2018,5,17,20,19,24.367,-0.9169,-0.0039,-0.2746,0.2892,0,-0.2,0.6,0,0.018,-0.01,1023
2018,5,17,20,19,24.383,-0.9169,-0.0039,-0.2746,0.2893,0,0.3,0.8,0.002,0.022,-0.008,1023
2018,5,17,20,19,24.406,-0.9169,-0.004,-0.2745,0.2894,-0.8,0.2,1.1,0.003,0.025,-0.005,1023
2018,5,17,20,19,24.424,-0.917,-0.0042,-0.2745,0.2891,-1,0.4,1.2,0.002,0.019,0,0
2018,5,17,20,19,24.445,-0.917,-0.0042,-0.2745,0.2891,-0.7,0.5,1.1,0.001,0.016,-0.003,0
2018,5,17,20,19,24.463,-0.917,-0.004,-0.2744,0.2892,-0.6,0.4,1.1,-0.001,0.016,0,0
2018,5,17,20,19,24.482,-0.917,-0.004,-0.2743,0.2893,-0.6,0,1,-0.001,0.015,-0.006,0
2018,5,17,20,19,24.505,-0.917,-0.0038,-0.2743,0.2894,-0.8,0,1.1,-0.001,0.013,-0.008,0
2018,5,17,20,19,24.523,-0.9169,-0.0037,-0.2743,0.2895,-0.6,0.1,1.1,-0.005,0.012,-0.004,0
2018,5,17,20,19,24.547,-0.9169,-0.0036,-0.2743,0.2896,-0.7,0.2,1,-0.002,0.012,-0.001,0
2018,5,17,20,19,24.563,-0.917,-0.0037,-0.2742,0.2895,-0.2,0.3,1,0.001,0.015,0.002,0
2018,5,17,20,19,24.587,-0.917,-0.0037,-0.2742,0.2896,0,0.2,1,0,0.011,0,0
2018,5,17,20,19,24.605,-0.917,-0.0038,-0.2741,0.2895,-0.2,0.1,1,-0.001,0.012,0,0
2018,5,17,20,19,24.629,-0.917,-0.0037,-0.2741,0.2896,-0.9,0.3,0.8,0.002,0.017,-0.003,0
2018,5,17,20,19,24.646,-0.917,-0.0038,-0.2741,0.2894,-0.6,0.2,1,0.001,0.02,-0.003,0
2018,5,17,20,19,24.665,-0.917,-0.0039,-0.2742,0.2894,-0.2,0,1,-0.001,0.019,-0.011,0
2018,5,17,20,19,24.683,-0.917,-0.004,-0.2741,0.2893,-0.4,0.2,0.8,-0.005,0.015,-0.004,0
2018,5,17,20,19,24.702,-0.9171,-0.004,-0.2741,0.2893,-0.8,0,1,-0.002,0.021,-0.001,0
2018,5,17,20,19,24.725,-0.9171,-0.0041,-0.2742,0.2893,-1,-0.4,0.8,0,0.017,-0.004,0
2018,5,17,20,19,24.744,-0.917,-0.0039,-0.2742,0.2894,-0.6,-0.1,1,0.002,0.015,0,0
2018,5,17,20,19,24.767,-0.917,-0.0039,-0.2742,0.2894,-0.9,0,1.1,0.001,0.017,-0.002,0
2018,5,17,20,19,24.786,-0.917,-0.0038,-0.2742,0.2895,-0.7,0.1,1.3,-0.001,0.013,0,0
2018,5,17,20,19,24.804,-0.917,-0.0038,-0.2742,0.2895,-0.4,0.1,1.3,-0.002,0.011,-0.005,0
2018,5,17,20,19,24.825,-0.9169,-0.0037,-0.2742,0.2897,-0.4,0.1,1.3,0,0.012,-0.008,0
2018,5,17,20,19,24.862,-0.9169,-0.0038,-0.2742,0.2896,-0.5,0,0.9,-0.002,0.01,-0.008,0
2018,5,17,20,19,24.886,-0.9169,-0.0037,-0.2742,0.2896,0,0.3,0.6,0,0.013,-0.009,1023
2018,5,17,20,19,24.89,-0.9169,-0.0037,-0.2742,0.2897,0,0.3,0.7,0.003,0.015,-0.009,1023
2018,5,17,20,19,24.906,-0.917,-0.0039,-0.2742,0.2896,-0.3,0,0.7,0.002,0.026,-0.002,1023
2018,5,17,20,19,24.925,-0.917,-0.004,-0.2742,0.2896,-1.2,-0.1,1.1,0.003,0.021,-0.003,1023
2018,5,17,20,19,24.943,-0.9169,-0.0037,-0.2742,0.2898,-0.6,0.1,0.8,0,0.008,-0.007,1023
2018,5,17,20,19,24.966,-0.9169,-0.0037,-0.274,0.2899,0.1,0.4,1,0,0.021,0.001,1023
2018,5,17,20,19,24.984,-0.9169,-0.0037,-0.2739,0.29,-0.7,0.6,0.9,-0.001,0.02,0.001,1023
2018,5,17,20,19,25.005,-0.9169,-0.0035,-0.2737,0.29,-0.9,0.5,0.9,-0.003,0.01,0.002,1023
2018,5,17,20,19,25.044,-0.9169,-0.0034,-0.2736,0.2901,0,0.5,1,-0.001,0.014,-0.003,1023
2018,5,17,20,19,25.067,-0.9169,-0.0034,-0.2735,0.2903,0.5,0.6,1,0,0.018,-0.006,1023
2018,5,17,20,19,25.072,-0.917,-0.0036,-0.2733,0.2904,0,0.9,1.1,0,0.024,-0.001,1023
2018,5,17,20,19,25.086,-0.917,-0.0035,-0.2731,0.2906,-0.4,0.3,1.3,-0.001,0.019,-0.003,1023
2018,5,17,20,19,25.109,-0.917,-0.0035,-0.2731,0.2906,-0.6,0.1,1,-0.003,0.016,-0.003,1023
2018,5,17,20,19,25.128,-0.917,-0.0035,-0.2731,0.2906,-0.4,-0.1,0.8,-0.002,0.018,0,0
2018,5,17,20,19,25.151,-0.917,-0.0036,-0.2731,0.2905,-0.6,-0.3,0.8,-0.003,0.021,-0.004,0
2018,5,17,20,19,25.167,-0.917,-0.0038,-0.2732,0.2904,-0.8,-0.2,1,-0.003,0.018,-0.004,0
2018,5,17,20,19,25.185,-0.917,-0.0037,-0.2733,0.2904,-0.9,-0.2,0.9,-0.003,0.015,-0.004,0
2018,5,17,20,19,25.209,-0.9169,-0.0036,-0.2733,0.2905,-0.8,0.1,1.1,-0.001,0.011,-0.005,0
2018,5,17,20,19,25.226,-0.9169,-0.0035,-0.2733,0.2905,-0.3,0.3,1.1,0.002,0.01,-0.003,0
2018,5,17,20,19,25.249,-0.917,-0.0037,-0.2733,0.2904,0.1,0.4,0.8,0,0.011,-0.006,0
2018,5,17,20,19,25.267,-0.917,-0.0037,-0.2732,0.2904,0.1,0.1,0.8,-0.003,0.01,-0.007,0
2018,5,17,20,19,25.29,-0.917,-0.0037,-0.2731,0.2906,-0.1,0,0.8,0,0.013,0,0
2018,5,17,20,19,25.311,-0.9169,-0.0038,-0.2731,0.2906,-0.2,0,1,0.001,0.017,-0.003,0
2018,5,17,20,19,25.354,-0.9169,-0.0038,-0.2731,0.2907,-0.1,0,1.1,0,0.021,-0.001,0
2018,5,17,20,19,25.356,-0.917,-0.004,-0.273,0.2906,-0.1,0.1,1.2,-0.003,0.019,-0.002,0
2018,5,17,20,19,25.372,-0.917,-0.0041,-0.273,0.2907,-0.1,0.1,1.1,-0.003,0.016,-0.003,0
2018,5,17,20,19,25.387,-0.917,-0.0041,-0.2729,0.2908,-0.2,0.3,1,0,0.016,-0.005,0
2018,5,17,20,19,25.425,-0.9169,-0.0039,-0.2727,0.2911,-0.1,0.1,0.8,-0.002,0.014,-0.007,0
2018,5,17,20,19,25.447,-0.9169,-0.004,-0.2727,0.291,0,-0.2,0.8,-0.003,0.017,0,0
2018,5,17,20,19,25.449,-0.9169,-0.0042,-0.2728,0.291,0.1,-0.4,1,-0.001,0.015,-0.001,0
2018,5,17,20,19,25.486,-0.9169,-0.0045,-0.2729,0.2909,0,-0.6,0.8,0.001,0.017,-0.007,0
2018,5,17,20,19,25.507,-0.9169,-0.0046,-0.2729,0.2909,-0.1,-0.2,0.7,0,0.015,-0.002,0
2018,5,17,20,19,25.509,-0.9169,-0.0046,-0.273,0.291,-0.2,0,0.8,-0.001,0.019,0,0
2018,5,17,20,19,25.547,-0.9169,-0.0047,-0.273,0.291,-0.4,-0.1,0.9,0.003,0.013,-0.004,1023
2018,5,17,20,19,25.57,-0.9168,-0.0046,-0.2729,0.2911,0,0.2,0.8,0,0.009,-0.003,1023
2018,5,17,20,19,25.575,-0.9168,-0.0046,-0.2728,0.2913,0.2,0.1,0.8,0,0.018,-0.003,1023
2018,5,17,20,19,25.594,-0.9168,-0.0047,-0.2727,0.2913,0,0.3,0.7,-0.003,0.018,-0.005,1023
2018,5,17,20,19,25.613,-0.9169,-0.0048,-0.2727,0.2912,0,0.4,0.9,-0.001,0.016,-0.008,1023
2018,5,17,20,19,25.635,-0.9169,-0.0048,-0.2725,0.2913,-0.1,0.5,1.1,0,0.017,0,1023
2018,5,17,20,19,25.651,-0.9169,-0.0048,-0.2724,0.2915,-0.2,0.1,1,0,0.018,0.003,1023
2018,5,17,20,19,25.669,-0.9169,-0.0047,-0.2723,0.2916,-1,-0.1,1.1,-0.001,0.021,0.008,1023
2018,5,17,20,19,25.692,-0.9168,-0.0046,-0.2724,0.2917,-0.4,0,0.8,0,0.009,-0.007,1023
2018,5,17,20,19,25.71,-0.9168,-0.0047,-0.2724,0.2917,0.8,0,0.9,-0.003,0.017,-0.005,1023
2018,5,17,20,19,25.732,-0.9168,-0.005,-0.2723,0.2917,0,-0.1,1.2,-0.001,0.022,0,1023
2018,5,17,20,19,25.75,-0.9168,-0.0049,-0.2723,0.2918,-0.9,-0.4,1,-0.003,0.008,0,0
2018,5,17,20,19,25.773,-0.9168,-0.0049,-0.2724,0.2918,-0.4,-0.5,0.7,-0.002,0.009,-0.004,0
2018,5,17,20,19,25.791,-0.9167,-0.0049,-0.2725,0.2919,0.1,-0.3,0.9,-0.002,0.017,-0.002,0
2018,5,17,20,19,25.814,-0.9167,-0.0051,-0.2725,0.2919,0.1,-0.4,1,0.001,0.016,0,0
2018,5,17,20,19,25.85,-0.9167,-0.0053,-0.2726,0.2919,0,-0.5,1.1,0,0.019,0.001,0
2018,5,17,20,19,25.873,-0.9166,-0.0053,-0.2726,0.2921,-0.1,-0.4,1,0,0.02,-0.004,0
2018,5,17,20,19,25.878,-0.9166,-0.0053,-0.2726,0.2922,0.1,-0.1,0.8,-0.002,0.017,-0.005,0
2018,5,17,20,19,25.892,-0.9166,-0.0055,-0.2726,0.2921,0.1,-0.2,0.8,-0.002,0.019,-0.001,0
2018,5,17,20,19,25.909,-0.9166,-0.0056,-0.2726,0.2923,0,-0.4,1,0,0.021,-0.001,0
2018,5,17,20,19,25.932,-0.9165,-0.0056,-0.2726,0.2924,-0.4,-0.4,1,0,0.018,-0.002,0
2018,5,17,20,19,25.969,-0.9165,-0.0057,-0.2727,0.2923,-0.7,-0.3,0.8,0,0.009,-0.005,0
2018,5,17,20,19,25.992,-0.9165,-0.0057,-0.2728,0.2923,-0.4,-0.2,0.8,0.004,0.011,-0.007,0
2018,5,17,20,19,25.997,-0.9165,-0.0059,-0.2729,0.2922,0,0,1,0.004,0.018,-0.009,0
2018,5,17,20,19,26.013,-0.9164,-0.0058,-0.2729,0.2924,-0.4,0,0.9,0.001,0.018,-0.006,0
2018,5,17,20,19,26.036,-0.9164,-0.0057,-0.273,0.2924,-1,0,0.8,0.002,0.015,-0.007,0
2018,5,17,20,19,26.071,-0.9164,-0.0055,-0.273,0.2925,-0.9,0.1,0.7,0.003,0.009,-0.006,0
2018,5,17,20,19,26.095,-0.9164,-0.0057,-0.2731,0.2922,-0.6,0.3,0.7,0.002,0.012,-0.005,0
2018,5,17,20,19,26.1,-0.9165,-0.0058,-0.2731,0.2922,0,0.4,0.8,-0.001,0.016,-0.009,0
2018,5,17,20,19,26.113,-0.9165,-0.006,-0.273,0.2921,0.2,0.5,0.8,-0.003,0.022,0,0
2018,5,17,20,19,26.131,-0.9166,-0.0062,-0.2729,0.292,0,0.3,1.1,-0.006,0.024,-0.008,1023
2018,5,17,20,19,26.154,-0.9166,-0.0063,-0.2728,0.292,-0.2,0.1,1,-0.001,0.013,-0.004,1023
2018,5,17,20,19,26.172,-0.9166,-0.0064,-0.2728,0.292,-0.1,-0.2,1,-0.003,0.013,-0.005,1023
2018,5,17,20,19,26.196,-0.9166,-0.0065,-0.2728,0.292,0,-0.2,1.1,0,0.016,0,1023
2018,5,17,20,19,26.232,-0.9166,-0.0067,-0.2728,0.292,0,-0.2,0.8,-0.002,0.015,0,1023
2018,5,17,20,19,26.255,-0.9165,-0.0067,-0.2728,0.2921,-0.2,-0.2,1,0.001,0.02,-0.003,1023
2018,5,17,20,19,26.26,-0.9166,-0.0069,-0.2728,0.292,-0.5,0,1.5,-0.003,0.023,-0.002,1023
2018,5,17,20,19,26.276,-0.9165,-0.0068,-0.2728,0.2922,-0.5,0,1.4,-0.001,0.015,-0.007,1023
2018,5,17,20,19,26.298,-0.9165,-0.0068,-0.2728,0.2923,-0.2,0.1,1.2,0,0.013,-0.003,1023
2018,5,17,20,19,26.317,-0.9165,-0.0069,-0.2728,0.2922,-0.2,0,0.7,-0.003,0.012,-0.006,1023
2018,5,17,20,19,26.341,-0.9165,-0.007,-0.2728,0.2921,-0.6,-0.1,0.7,0,0.017,-0.004,1023
2018,5,17,20,19,26.376,-0.9165,-0.007,-0.2729,0.2921,-0.5,-0.2,0.8,-0.001,0.014,-0.008,0
2018,5,17,20,19,26.399,-0.9165,-0.007,-0.273,0.2921,-0.5,-0.1,1,-0.002,0.019,-0.004,0
2018,5,17,20,19,26.403,-0.9165,-0.0071,-0.273,0.2921,-1,-0.2,1.1,0.001,0.019,0,0
2018,5,17,20,19,26.416,-0.9165,-0.0069,-0.273,0.2922,-1.1,-0.2,1.2,0.001,0.013,-0.001,0
2018,5,17,20,19,26.437,-0.9164,-0.0068,-0.2731,0.2922,-0.5,0.1,1.1,0,0.014,-0.01,0
2018,5,17,20,19,26.473,-0.9164,-0.0068,-0.273,0.2923,-0.5,0.4,1.2,-0.001,0.021,-0.001,0
2018,5,17,20,19,26.496,-0.9164,-0.0066,-0.2729,0.2925,-1.1,-0.1,1.1,-0.002,0.014,0.001,0
2018,5,17,20,19,26.501,-0.9164,-0.0066,-0.273,0.2924,-0.9,-0.7,1.1,-0.002,0.015,0,0
2018,5,17,20,19,26.516,-0.9163,-0.0066,-0.2732,0.2924,-0.9,-0.7,0.8,0.002,0.008,-0.007,0
2018,5,17,20,19,26.539,-0.9163,-0.0064,-0.2734,0.2924,-0.7,-0.1,0.8,0.002,0.01,-0.004,0
2018,5,17,20,19,26.557,-0.9163,-0.0064,-0.2734,0.2924,-0.1,0.1,0.7,0.003,0.015,0.002,0
2018,5,17,20,19,26.58,-0.9163,-0.0066,-0.2733,0.2923,0.1,0.1,0.7,0.003,0.02,0.001,0
2018,5,17,20,19,26.596,-0.9164,-0.0067,-0.2732,0.2923,-0.6,0.3,0.9,-0.003,0.026,0.002,0
2018,5,17,20,19,26.633,-0.9164,-0.0067,-0.2731,0.2923,-1,0.1,0.8,-0.007,0.018,-0.002,0
2018,5,17,20,19,26.656,-0.9164,-0.0068,-0.2732,0.2921,-1,-0.2,0.9,-0.006,0.011,-0.011,0
2018,5,17,20,19,26.661,-0.9164,-0.0068,-0.2733,0.292,-0.7,-0.3,1.1,-0.004,0.014,0,0
2018,5,17,20,19,26.675,-0.9164,-0.0068,-0.2734,0.292,-0.8,-0.2,0.8,0.001,0.012,-0.006,0
2018,5,17,20,19,26.697,-0.9164,-0.0067,-0.2734,0.292,-0.4,0.1,1,0.002,0.014,-0.002,0
2018,5,17,20,19,26.717,-0.9164,-0.0068,-0.2734,0.292,-0.7,0.3,1,0.002,0.022,-0.001,0
2018,5,17,20,19,26.738,-0.9164,-0.0067,-0.2734,0.292,-1,0.4,1,-0.001,0.019,0,1023
2018,5,17,20,19,26.776,-0.9165,-0.0066,-0.2733,0.2919,-1.3,0.4,1,-0.003,0.01,0.001,1023
2018,5,17,20,19,26.799,-0.9165,-0.0065,-0.2733,0.2917,-1,0,0.8,-0.002,0.01,-0.001,1023
2018,5,17,20,19,26.803,-0.9165,-0.0065,-0.2734,0.2917,-0.4,0,0.8,-0.002,0.012,0.001,1023
2018,5,17,20,19,26.839,-0.9165,-0.0065,-0.2733,0.2917,-0.3,0,0.8,-0.003,0.018,-0.002,1023
2018,5,17,20,19,26.862,-0.9165,-0.0066,-0.2734,0.2917,-0.8,-0.2,0.8,0.002,0.023,-0.002,1023
2018,5,17,20,19,26.867,-0.9166,-0.0066,-0.2735,0.2915,-1.4,0,0.9,0,0.021,-0.003,1023
2018,5,17,20,19,26.878,-0.9165,-0.0064,-0.2735,0.2915,-1.3,0,1,0,0.014,0,1023
2018,5,17,20,19,26.915,-0.9166,-0.0064,-0.2736,0.2914,-0.7,0,0.8,0.003,0.012,-0.006,1023
2018,5,17,20,19,26.937,-0.9165,-0.0063,-0.2736,0.2914,-0.6,0,0.7,0.002,0.015,-0.001,1023
2018,5,17,20,19,26.942,-0.9165,-0.0061,-0.2736,0.2916,-0.9,-0.1,0.9,0,0.017,-0.003,1023
2018,5,17,20,19,26.959,-0.9165,-0.0061,-0.2736,0.2915,-1.2,-0.1,0.8,-0.002,0.018,-0.003,0
2018,5,17,20,19,26.981,-0.9165,-0.0061,-0.2737,0.2913,-0.9,0,1,0.001,0.014,-0.004,0
2018,5,17,20,19,27.002,-0.9165,-0.0059,-0.2737,0.2915,-0.7,0,1.1,0.001,0.012,-0.001,0
2018,5,17,20,19,27.039,-0.9165,-0.0057,-0.2738,0.2915,-0.7,0,0.9,0.002,0.008,-0.002,0
2018,5,17,20,19,27.062,-0.9164,-0.0057,-0.2738,0.2915,-0.5,-0.2,0.6,-0.001,0.013,-0.003,0
2018,5,17,20,19,27.067,-0.9164,-0.0056,-0.2738,0.2916,0,0,0,-0.002,0.017,-0.004,0
2018,5,17,20,19,27.084,-0.9164,-0.0056,-0.2737,0.2916,-0.1,0.2,0.5,-0.001,0.019,-0.006,0
2018,5,17,20,19,27.107,-0.9165,-0.0056,-0.2736,0.2916,-0.1,0.3,0.8,-0.002,0.026,0,0
2018,5,17,20,19,27.12,-0.9165,-0.0056,-0.2734,0.2917,-1,0.2,0.8,-0.004,0.021,0.003,0
2018,5,17,20,19,27.139,-0.9165,-0.0053,-0.2734,0.2917,-1.4,-0.2,0.7,-0.001,0.01,-0.004,0
2018,5,17,20,19,27.159,-0.9164,-0.0052,-0.2735,0.2918,-0.6,-0.5,0.3,0,0.009,-0.007,0
2018,5,17,20,19,27.198,-0.9164,-0.0051,-0.2737,0.2918,-0.1,-0.5,0.3,0.003,0.02,-0.006,0
2018,5,17,20,19,27.221,-0.9164,-0.0052,-0.2737,0.2918,-0.4,-0.4,0.7,0.001,0.019,-0.003,0
2018,5,17,20,19,27.225,-0.9164,-0.0052,-0.2737,0.2919,-0.7,0,0.8,0.002,0.024,-0.001,0
2018,5,17,20,19,27.242,-0.9164,-0.0052,-0.2737,0.2918,-0.6,0,0.7,0,0.018,-0.003,0
2018,5,17,20,19,27.264,-0.9164,-0.0052,-0.2736,0.2919,0,0,0,-0.007,0.018,-0.004,0
2018,5,17,20,19,27.302,-0.9164,-0.0052,-0.2736,0.2918,-0.5,0,0.7,-0.005,0.02,-0.006,0
2018,5,17,20,19,27.324,-0.9164,-0.0052,-0.2735,0.2918,-0.9,-0.1,0.8,0,0.018,0,0
2018,5,17,20,19,27.33,-0.9164,-0.0051,-0.2736,0.2918,-0.7,-0.2,0.7,-0.001,0.007,-0.002,0
2018,5,17,20,19,27.342,-0.9164,-0.0051,-0.2736,0.2919,-0.1,-0.4,0.8,-0.002,0.01,0,0
2018,5,17,20,19,27.36,-0.9164,-0.0051,-0.2736,0.2919,-0.2,-0.4,0.8,-0.002,0.018,0.001,1023
2018,5,17,20,19,27.383,-0.9164,-0.0052,-0.2736,0.2918,-0.6,-0.4,0.7,-0.004,0.017,-0.003,1023
2018,5,17,20,19,27.419,-0.9164,-0.0052,-0.2737,0.2918,-0.4,-0.4,0.6,-0.002,0.012,-0.002,1023
2018,5,17,20,19,27.442,-0.9164,-0.0052,-0.2737,0.2918,-0.5,-0.2,0.6,-0.001,0.011,-0.006,1023
2018,5,17,20,19,27.447,-0.9164,-0.0052,-0.2738,0.2917,-0.5,-0.2,0.5,-0.002,0.016,-0.001,1023
2018,5,17,20,19,27.465,-0.9164,-0.0054,-0.2739,0.2916,-0.5,-0.4,0.5,0.001,0.02,-0.009,1023
2018,5,17,20,19,27.5,-0.9164,-0.0055,-0.274,0.2915,-0.4,-0.5,0.5,0.002,0.023,-0.003,1023
2018,5,17,20,19,27.524,-0.9164,-0.0055,-0.274,0.2916,0,0,0,0.003,0.018,-0.005,1023
2018,5,17,20,19,27.528,-0.9164,-0.0056,-0.274,0.2915,0,0,0,0.001,0.021,-0.001,1023
2018,5,17,20,19,27.546,-0.9164,-0.0057,-0.274,0.2915,-0.4,-0.4,0.5,-0.002,0.02,-0.008,1023
2018,5,17,20,19,27.585,-0.9164,-0.0058,-0.274,0.2914,-0.4,-0.4,0.5,-0.007,0.018,-0.006,1023
2018,5,17,20,19,27.585,-0.9164,-0.0059,-0.2742,0.2912,-0.6,-0.4,0.6,-0.003,0.015,-0.004,0
2018,5,17,20,19,27.608,-0.9164,-0.0059,-0.2742,0.2912,-0.4,-0.2,0.7,-0.001,0.01,-0.005,0
2018,5,17,20,19,27.624,-0.9164,-0.0059,-0.2743,0.2912,-0.2,-0.2,0.8,0,0.015,-0.002,0
2018,5,17,20,19,27.66,-0.9164,-0.006,-0.2743,0.2913,0.3,-0.1,0.5,0,0.015,-0.001,0
2018,5,17,20,19,27.683,-0.9164,-0.0061,-0.2743,0.2912,0,0,0,-0.002,0.017,-0.005,0
2018,5,17,20,19,27.688,-0.9164,-0.0061,-0.2743,0.2913,-0.1,-0.2,0.5,-0.002,0.012,-0.01,0
2018,5,17,20,19,27.706,-0.9164,-0.0061,-0.2743,0.2913,0.5,-0.1,0.5,-0.003,0.019,-0.009,0
2018,5,17,20,19,27.729,-0.9164,-0.0063,-0.2742,0.2914,0.1,-0.2,0.6,-0.003,0.019,-0.001,0
2018,5,17,20,19,27.745,-0.9164,-0.0066,-0.2743,0.2911,-0.1,-0.6,0.5,-0.007,0.013,-0.006,0
2018,5,17,20,19,27.766,-0.9164,-0.0067,-0.2744,0.2912,0,-0.6,0.7,-0.002,0.017,-0.008,0
2018,5,17,20,19,27.803,-0.9164,-0.0068,-0.2745,0.2912,-0.3,0,0.9,0.001,0.022,-0.011,0
2018,5,17,20,19,27.827,-0.9164,-0.007,-0.2745,0.2911,-0.3,0.4,1.1,0.004,0.022,-0.004,0
2018,5,17,20,19,27.832,-0.9164,-0.0072,-0.2745,0.2909,-0.3,0.6,1.2,0.004,0.019,-0.005,0
2018,5,17,20,19,27.846,-0.9164,-0.0072,-0.2743,0.291,-0.5,0.8,1.1,0,0.02,0,0
2018,5,17,20,19,27.865,-0.9165,-0.0072,-0.2742,0.291,-0.3,0.7,1,-0.002,0.013,0,0
2018,5,17,20,19,27.888,-0.9165,-0.0071,-0.2741,0.2911,-0.4,0.2,1.1,-0.002,0.013,-0.007,0
2018,5,17,20,19,27.905,-0.9165,-0.0069,-0.274,0.2912,-0.7,-0.1,1.2,-0.001,0.017,0,0
2018,5,17,20,19,27.927,-0.9164,-0.0068,-0.274,0.2913,-0.9,-0.2,1.1,-0.001,0.011,-0.005,0
2018,5,17,20,19,27.945,-0.9164,-0.0066,-0.274,0.2914,-0.6,0,1.1,-0.002,0.013,-0.004,0
2018,5,17,20,19,27.968,-0.9164,-0.0066,-0.274,0.2915,-0.1,0.3,0.9,0.001,0.017,0.002,0
2018,5,17,20,19,28.003,-0.9164,-0.0067,-0.2739,0.2914,-0.1,0.2,1.1,0,0.018,0,0
2018,5,17,20,19,28.027,-0.9165,-0.0068,-0.2739,0.2913,-0.2,0.4,1.1,-0.001,0.015,-0.002,0
2018,5,17,20,19,28.031,-0.9164,-0.0067,-0.2738,0.2915,-0.5,0.4,1.1,0,0.012,-0.006,0
2018,5,17,20,19,28.047,-0.9164,-0.0066,-0.2737,0.2916,-0.7,0.4,1.3,-0.003,0.017,-0.001,0
2018,5,17,20,19,28.066,-0.9164,-0.0066,-0.2737,0.2916,-0.7,0,1.1,-0.005,0.022,-0.006,1023
2018,5,17,20,19,28.089,-0.9165,-0.0066,-0.2737,0.2916,-0.6,0.1,0.9,-0.001,0.022,-0.006,1023
2018,5,17,20,19,28.108,-0.9165,-0.0066,-0.2737,0.2916,-0.6,0.4,0.8,0.004,0.019,-0.011,1023
2018,5,17,20,19,28.146,-0.9165,-0.0066,-0.2737,0.2916,-0.7,0.1,1.1,0.003,0.021,0,1023
2018,5,17,20,19,28.169,-0.9164,-0.0065,-0.2736,0.2917,-1.1,0,1,0,0.02,-0.004,1023
2018,5,17,20,19,28.174,-0.9164,-0.0064,-0.2737,0.2917,-1,0,1.1,-0.001,0.017,-0.005,1023
2018,5,17,20,19,28.189,-0.9164,-0.0062,-0.2737,0.2918,-1,0,1.1,0,0.016,-0.006,1023
2018,5,17,20,19,28.209,-0.9164,-0.006,-0.2737,0.2919,-1.2,0.1,1.1,0.001,0.013,-0.006,1023
2018,5,17,20,19,28.232,-0.9164,-0.006,-0.2737,0.2918,-1,0.4,1.3,0.001,0.016,-0.003,1023
2018,5,17,20,19,28.25,-0.9164,-0.006,-0.2737,0.2917,-0.6,0.6,1.2,-0.001,0.012,0,0
2018,5,17,20,19,28.274,-0.9164,-0.006,-0.2736,0.2917,-0.7,0.3,1.1,0,0.019,0.007,0
2018,5,17,20,19,28.292,-0.9164,-0.0059,-0.2736,0.2918,-0.4,0.5,1.2,-0.003,0.012,-0.006,0
2018,5,17,20,19,28.309,-0.9164,-0.0059,-0.2735,0.2919,0.4,0.6,1.1,-0.005,0.011,-0.007,0
2018,5,17,20,19,28.346,-0.9165,-0.0062,-0.2733,0.2918,0.1,0.4,1.2,-0.007,0.019,0,0
2018,5,17,20,19,28.369,-0.9165,-0.0063,-0.2732,0.2918,-0.6,-0.4,1,-0.006,0.013,0,0
2018,5,17,20,19,28.374,-0.9165,-0.0062,-0.2733,0.2919,-0.6,-0.9,0.8,-0.001,0.017,-0.003,0
2018,5,17,20,19,28.408,-0.9164,-0.0063,-0.2735,0.2919,-0.4,-0.6,1.1,0.002,0.017,-0.006,0
2018,5,17,20,19,28.408,-0.9164,-0.0063,-0.2736,0.2919,-0.2,-0.2,1.1,0.004,0.021,-0.005,0
2018,5,17,20,19,28.431,-0.9164,-0.0064,-0.2736,0.2919,-0.6,0.2,1.2,0.004,0.021,-0.003,0
2018,5,17,20,19,28.466,-0.9163,-0.0063,-0.2736,0.2921,-0.2,0.4,1.1,0.002,0.014,-0.006,0
2018,5,17,20,19,28.489,-0.9163,-0.0063,-0.2735,0.2921,-0.4,0.4,0.9,0,0.02,-0.004,0
2018,5,17,20,19,28.493,-0.9164,-0.0063,-0.2735,0.2921,-0.8,0,0.9,0.003,0.018,-0.004,0
2018,5,17,20,19,28.53,-0.9163,-0.0063,-0.2735,0.2921,-0.7,0.1,1.1,0,0.014,-0.011,0
2018,5,17,20,19,28.53,-0.9164,-0.0064,-0.2736,0.292,-0.5,0,1,-0.001,0.017,-0.002,0
2018,5,17,20,19,28.552,-0.9164,-0.0065,-0.2736,0.2919,-0.5,0,1.3,-0.002,0.014,-0.002,0
2018,5,17,20,19,28.57,-0.9163,-0.0063,-0.2735,0.2921,-0.5,0.1,1.3,-0.003,0.011,-0.004,0
2018,5,17,20,19,28.608,-0.9163,-0.0062,-0.2734,0.2922,-0.1,0.5,1.2,-0.002,0.015,0,0
2018,5,17,20,19,28.631,-0.9163,-0.0062,-0.2733,0.2923,0,0.2,1,-0.005,0.01,-0.003,1023
2018,5,17,20,19,28.635,-0.9164,-0.0064,-0.2733,0.2922,-0.5,0.2,0.7,-0.003,0.015,-0.004,1023
2018,5,17,20,19,28.651,-0.9164,-0.0063,-0.2733,0.2922,-1.2,0,1.1,0,0.016,0.001,1023
2018,5,17,20,19,28.673,-0.9164,-0.0063,-0.2733,0.2921,-0.9,0,1.3,0.004,0.018,-0.001,1023
2018,5,17,20,19,28.692,-0.9164,-0.0063,-0.2734,0.2921,-0.2,-0.1,1.3,0.001,0.015,-0.001,1023
2018,5,17,20,19,28.716,-0.9163,-0.0063,-0.2734,0.2922,-0.1,-0.1,1,0.006,0.018,-0.006,1023
2018,5,17,20,19,28.752,-0.9163,-0.0064,-0.2735,0.2922,-0.7,0.1,1.1,0.006,0.019,-0.018,1023
2018,5,17,20,19,28.775,-0.9163,-0.0062,-0.2734,0.2923,0.1,1.7,1.1,0.011,0.01,-0.01,1023
2018,5,17,20,19,28.78,-0.9164,-0.0063,-0.2731,0.2924,1.1,3.6,1.3,0.019,0.01,-0.006,1023
2018,5,17,20,19,28.795,-0.9165,-0.0063,-0.2724,0.2926,1.8,6.5,2,0.027,0.008,-0.003,1023
2018,5,17,20,19,28.818,-0.9168,-0.0063,-0.2712,0.2929,2.5,10.3,2.1,0.047,0.013,-0.004,1023
2018,5,17,20,19,28.834,-0.9172,-0.0062,-0.2695,0.2932,3,14.1,2.2,0.073,0.008,0.005,1023
2018,5,17,20,19,28.851,-0.9177,-0.0061,-0.2674,0.2936,4.2,16.9,3,0.08,-0.016,-0.002,1023
2018,5,17,20,19,28.875,-0.9181,-0.0058,-0.2649,0.2945,7,18.1,4.3,0.068,-0.024,-0.006,1023
2018,5,17,20,19,28.893,-0.9186,-0.0058,-0.2621,0.2955,7.3,18.8,5,0.067,-0.002,-0.012,0
2018,5,17,20,19,28.916,-0.9191,-0.0057,-0.2592,0.2964,5.9,21.7,3.2,0.092,-0.001,0,0
2018,5,17,20,19,28.933,-0.9199,-0.0059,-0.2559,0.2969,8.4,24.1,0.7,0.14,0.009,0.007,0
2018,5,17,20,19,28.955,-0.9209,-0.0061,-0.252,0.297,7.2,24.8,-3,0.259,0.034,-0.014,0
2018,5,17,20,19,28.974,-0.9224,-0.0059,-0.2474,0.2963,2,28.5,-6.4,0.298,0.052,-0.029,0
2018,5,17,20,19,28.997,-0.924,-0.0042,-0.2429,0.2951,-7.3,28.8,-7.2,0.208,0.033,-0.046,0
2018,5,17,20,19,29.034,-0.9254,-0.0017,-0.2396,0.2935,-10.5,24.8,-5,0.126,-0.032,-0.07,0
2018,5,17,20,19,29.057,-0.9263,0.0006,-0.237,0.2928,-1.5,21.4,-0.8,0.023,-0.103,-0.082,0
2018,5,17,20,19,29.062,-0.9271,0.0007,-0.2334,0.2931,18,20.4,0.5,-0.049,-0.118,-0.078,0
2018,5,17,20,19,29.075,-0.9278,-0.0016,-0.2288,0.2944,32.9,19.8,-1.9,-0.006,-0.053,0.002,0
2018,5,17,20,19,29.112,-0.9286,-0.0053,-0.2245,0.2951,25.8,15.8,-8.8,0.085,-0.074,0.042,0
2018,5,17,20,19,29.135,-0.9298,-0.0089,-0.221,0.294,29.5,17.2,-15.2,0.138,-0.12,-0.059,0
2018,5,17,20,19,29.14,-0.9313,-0.0151,-0.2153,0.2932,55.3,26.2,-16.9,0.115,-0.205,-0.198,0
2018,5,17,20,19,29.157,-0.9333,-0.0262,-0.2059,0.2928,92,41.1,-21.4,0.052,-0.276,-0.247,0
2018,5,17,20,19,29.175,-0.9354,-0.0421,-0.1925,0.2933,120,50.5,-24.4,0.054,-0.181,-0.146,0
2018,5,17,20,19,29.198,-0.9372,-0.061,-0.1776,0.2936,122.5,33.6,-23,0.575,0.145,0.126,0
2018,5,17,20,19,29.217,-0.9391,-0.0781,-0.1625,0.2922,120.3,57.2,-39.9,0.202,-0.191,-0.207,0
2018,5,17,20,19,29.236,-0.9406,-0.0979,-0.146,0.2903,128.5,36,-27.9,-0.341,0.211,0.177,1023
2018,5,17,20,19,29.259,-0.9415,-0.1121,-0.1332,0.2883,71.5,53.2,-31.6,0.041,0.245,0.02,1023
2018,5,17,20,19,29.275,-0.9428,-0.1213,-0.1201,0.286,74.1,50.7,-24.9,0.008,0.071,-0.022,1023
2018,5,17,20,19,29.294,-0.9428,-0.1336,-0.1061,0.2861,100.6,54.8,-9.4,-0.21,0.082,-0.03,1023
2018,5,17,20,19,29.317,-0.9412,-0.1495,-0.0911,0.2886,112.4,59.3,-1.1,-0.061,0.101,-0.102,1023
2018,5,17,20,19,29.353,-0.9392,-0.1647,-0.0748,0.2917,106.1,69.5,-3.2,0.069,0.037,-0.092,1023
2018,5,17,20,19,29.377,-0.9372,-0.1784,-0.0572,0.2938,102.6,79.8,-11.3,0.216,0.035,-0.029,1023
2018,5,17,20,19,29.38,-0.9355,-0.1901,-0.0378,0.2951,87.1,89.2,-15.5,0.399,0.088,-0.043,1023
2018,5,17,20,19,29.397,-0.9347,-0.1965,-0.0184,0.2955,48,99.4,-23.6,0.552,0.065,-0.162,1023
2018,5,17,20,19,29.419,-0.9353,-0.1959,0.0017,0.2944,15,118.1,-33.3,0.713,0.007,-0.222,0
2018,5,17,20,19,29.438,-0.9365,-0.1906,0.0237,0.293,0.8,132.9,-32.7,0.831,-0.182,-0.181,0
2018,5,17,20,19,29.46,-0.9374,-0.1831,0.0475,0.2922,0.3,142.2,-34.4,0.925,-0.389,-0.232,0
2018,5,17,20,19,29.497,-0.9375,-0.1757,0.0725,0.2914,5,144.9,-32.9,0.904,-0.513,-0.208,0
2018,5,17,20,19,29.52,-0.9369,-0.1693,0.0973,0.2898,19.2,136.7,-38.9,0.982,-0.751,-0.227,0
2018,5,17,20,19,29.525,-0.9355,-0.168,0.1225,0.2853,66.5,128.6,-58.4,1.004,-1.204,-0.543,0
2018,5,17,20,19,29.537,-0.9331,-0.1764,0.1511,0.2744,135,133.3,-92.1,1.316,-1.367,-0.726,0
2018,5,17,20,19,29.555,-0.9294,-0.1911,0.1836,0.2565,150.6,130.2,-127.5,1.221,-1.235,-0.716,0
2018,5,17,20,19,29.58,-0.9278,-0.2006,0.2123,0.2318,83.7,95.5,-171.7,1.008,-1.003,-0.759,0
2018,5,17,20,19,29.598,-0.9303,-0.1969,0.2341,0.2021,16.4,75.4,-207.8,1.223,-1.398,-1.411,0
2018,5,17,20,19,29.617,-0.9344,-0.1858,0.2534,0.1672,0.6,64.5,-241.3,0.97,-1.222,-1.426,0
2018,5,17,20,19,29.64,-0.9396,-0.1655,0.2691,0.1314,-120.4,46.8,-235.4,0.485,0,-0.988,0
2018,5,17,20,19,29.658,-0.9473,-0.1225,0.2768,0.1044,-224.1,34.3,-223.1,0.26,-0.905,-1.845,0
2018,5,17,20,19,29.682,-0.9523,-0.0754,0.2846,0.0789,-164.8,47.5,-195.6,-1.229,-1.749,-1.527,0
2018,5,17,20,19,29.717,-0.9535,-0.0512,0.2903,0.0621,-70.2,29.9,-80.7,-3.131,-0.119,-1.386,0
2018,5,17,20,19,29.74,-0.9526,-0.0387,0.2962,0.0567,-40.3,39.9,-44.9,-2.845,0.343,-0.73,0
2018,5,17,20,19,29.744,-0.9518,-0.0309,0.3009,0.049,-20.9,10.3,-62.4,-2.454,0.899,0.326,0
2018,5,17,20,19,29.759,-0.9536,-0.0236,0.2969,0.0419,-52.7,-59.7,-20,-3.208,1.144,1.104,0
2018,5,17,20,19,29.777,-0.9585,-0.0101,0.2792,0.0551,-140.1,-133.3,117.4,-3.857,0.406,0.244,0
2018,5,17,20,19,29.8,-0.9608,0.0113,0.2587,0.0983,-263.8,-42.1,268.4,-2.969,0.166,-0.771,0
2018,5,17,20,19,29.818,-0.9477,0.0471,0.2734,0.1572,-190.4,309.8,283.4,-1.983,-1.731,0.871,1023
2018,5,17,20,19,29.841,-0.9164,0.0469,0.3504,0.1875,164.9,467.6,149.1,-2.525,-1.726,5.283,1023
2018,5,17,20,19,29.86,-0.8915,0.0169,0.4189,0.1712,357.5,306.1,-65.8,-0.786,0.438,2.946,1023
2018,5,17,20,19,29.883,-0.8803,-0.0419,0.4556,0.1249,503.6,42.9,-82.4,0.872,0.315,0.174,1023
2018,5,17,20,19,29.919,-0.8788,-0.0984,0.4607,0.0755,324.8,-50.7,-81.3,2.639,1.717,-0.175,1023
2018,5,17,20,19,29.943,-0.8811,-0.1248,0.4521,0.0591,50.6,-101.4,48.5,0.944,0.796,0.147,1023
2018,5,17,20,19,29.947,-0.8915,-0.1325,0.4281,0.0651,-20.1,-180.5,65.3,0.541,-0.346,-0.076,1023
2018,5,17,20,19,29.963,-0.9055,-0.1316,0.3961,0.075,-85.4,-187.3,73.4,0.657,-0.15,-0.389,1023
2018,5,17,20,19,29.997,-0.9193,-0.1165,0.3642,0.0923,-189.3,-167,75.1,0.195,0.006,-0.393,1023
2018,5,17,20,19,30.02,-0.9316,-0.0869,0.3338,0.1145,-252.6,-140.2,60.2,-0.012,-0.075,-0.571,1023
2018,5,17,20,19,30.025,-0.9398,-0.0475,0.3097,0.1354,-284.8,-72.8,25.2,0.306,-0.104,-0.729,1023
2018,5,17,20,19,30.042,-0.9425,-0.0007,0.2977,0.1516,-289.8,14.1,-8.3,0.39,-0.25,-0.722,1023
2018,5,17,20,19,30.079,-0.939,0.0453,0.2998,0.1621,-227.9,89.7,-23.1,0.142,-0.43,-0.338,1023
2018,5,17,20,19,30.102,-0.9324,0.0768,0.3115,0.1662,-104.8,104.1,-20.8,-0.163,-0.531,0.088,0
2018,5,17,20,19,30.107,-0.9273,0.0852,0.3255,0.1637,33.3,82.2,-14.7,-0.043,-0.371,0.056,0
2018,5,17,20,19,30.123,-0.9246,0.0737,0.34,0.1549,135.5,71.4,-16.5,0.113,-0.227,-0.214,0
2018,5,17,20,19,30.161,-0.9228,0.047,0.3554,0.1408,223.6,63.6,-8.9,0.109,-0.221,-0.295,0
2018,5,17,20,19,30.161,-0.9218,0.015,0.3668,0.1237,162,26.2,-46.9,-0.339,0.094,0.429,0
2018,5,17,20,19,30.187,-0.9225,0.0086,0.3699,0.109,-10.1,8.1,-71.5,-0.263,0.262,0.471,0
2018,5,17,20,19,30.202,-0.9235,0.0238,0.3692,0.1004,-85.1,1.8,-85.3,-0.305,-0.172,0.124,0
2018,5,17,20,19,30.225,-0.9244,0.0412,0.368,0.0911,-67.6,4.8,-87.4,-0.412,0.012,0.025,0
2018,5,17,20,19,30.245,-0.9241,0.0591,0.3683,0.0816,-81.8,22.1,-90.4,-0.337,0.128,0.008,0
2018,5,17,20,19,30.262,-0.9227,0.0774,0.3706,0.0716,-62,32.5,-88.4,-0.272,0.048,-0.063,0
2018,5,17,20,19,30.285,-0.9212,0.0863,0.3745,0.0597,29,32.3,-65.7,-0.279,-0.038,-0.217,0
2018,5,17,20,19,30.304,-0.9203,0.0811,0.3798,0.046,75.1,30,-52.7,-0.26,0.341,0.026,0
2018,5,17,20,19,30.34,-0.9202,0.0704,0.3836,0.0319,100.3,20.7,-44.8,-0.108,0.245,-0.029,0
2018,5,17,20,19,30.363,-0.9207,0.0538,0.386,0.0176,134.5,7.5,-30.1,-0.121,0.198,-0.022,0
2018,5,17,20,19,30.39,-0.9216,0.0358,0.3862,0.0057,88.2,-0.9,-20.4,-0.181,0.477,0.188,0
2018,5,17,20,19,30.406,-0.9219,0.0335,0.3858,-0.0001,-29.1,-1.2,-30.3,-0.181,0.214,0.126,0
2018,5,17,20,19,30.409,-0.9214,0.0442,0.386,-0.0011,-64.9,-1.5,-26.8,-0.151,-0.065,-0.063,0
2018,5,17,20,19,30.426,-0.9212,0.0534,0.3853,-0.0015,-11.8,-9.4,-15.3,-0.063,-0.223,-0.123,0
2018,5,17,20,19,30.446,-0.9226,0.0493,0.3825,-0.0049,59.4,-21.1,-6.8,-0.018,-0.215,-0.066,0
2018,5,17,20,19,30.483,-0.9245,0.0389,0.3788,-0.0097,61.5,-20.3,2.8,0.027,0.022,0.015,1023
2018,5,17,20,19,30.483,-0.9262,0.032,0.3754,-0.0104,15,-16.5,14.7,0.009,-0.001,0.074,1023
2018,5,17,20,19,30.503,-0.9278,0.03,0.3716,-0.0076,6.2,-23.4,26.6,0.053,-0.047,0.071,1023
2018,5,17,20,19,30.539,-0.9301,0.0277,0.366,-0.0032,4.3,-34.7,31.8,0.065,-0.043,0.07,1023
2018,5,17,20,19,30.56,-0.9328,0.0257,0.3593,0.0018,0.6,-41.6,33.5,0.03,-0.059,-0.023,1023
2018,5,17,20,19,30.564,-0.9352,0.025,0.353,0.0074,-10.9,-39.1,31.9,-0.009,-0.038,-0.077,1023
2018,5,17,20,19,30.597,-0.937,0.0272,0.3478,0.0134,-29.1,-33.8,26.4,-0.041,-0.059,-0.057,1023
2018,5,17,20,19,30.619,-0.9384,0.032,0.3433,0.0197,-43,-28.2,23,-0.049,-0.001,-0.046,1023
2018,5,17,20,19,30.625,-0.9393,0.0388,0.3398,0.0265,-60.6,-21.7,19.1,-0.057,0.068,-0.047,1023
2018,5,17,20,19,30.657,-0.9396,0.0483,0.337,0.0339,-75.9,-15.7,16.9,-0.049,0.087,-0.041,1023
2018,5,17,20,19,30.68,-0.9393,0.0599,0.3351,0.0416,-82.9,-10.2,14.4,-0.051,0.08,-0.036,1023
2018,5,17,20,19,30.687,-0.9385,0.0718,0.3338,0.0489,-76.9,-6.9,12.8,-0.077,0.051,-0.055,1023
2018,5,17,20,19,30.731,-0.9376,0.0814,0.3334,0.0547,-51.9,-4,9.8,-0.07,0.049,-0.042,1023
2018,5,17,20,19,30.731,-0.9368,0.0871,0.3336,0.0586,-29.9,-1.3,6.6,-0.085,0.047,-0.077,0
2018,5,17,20,19,30.752,-0.9363,0.09,0.3337,0.0606,-12.2,0.9,3.3,-0.11,0.078,-0.088,0
2018,5,17,20,19,30.769,-0.9361,0.091,0.334,0.0611,-0.5,4.1,-0.2,-0.156,0.107,-0.134,0
2018,5,17,20,19,30.791,-0.9358,0.0913,0.3349,0.0607,-4.2,0.4,-6.4,-0.045,0.034,-0.037,0
2018,5,17,20,19,30.808,-0.9358,0.0926,0.3347,0.0598,-7.7,-3.2,-8.4,-0.003,0.025,-0.022,0
2018,5,17,20,19,30.826,-0.936,0.0945,0.3338,0.059,-8.2,-7.3,-8.8,-0.014,-0.005,-0.039,0
2018,5,17,20,19,30.85,-0.9363,0.0962,0.3324,0.0582,-6.6,-10.4,-8.3,-0.014,0.004,-0.029,0
2018,5,17,20,19,30.886,-0.9369,0.0977,0.3306,0.0574,-6.5,-12,-7.8,-0.014,0.009,-0.021,0
2018,5,17,20,19,30.908,-0.9375,0.0991,0.3285,0.0568,-6.3,-12.3,-7.2,-0.011,0.005,-0.019,0
2018,5,17,20,19,30.912,-0.9381,0.1003,0.3266,0.0562,-4.9,-11.5,-6.1,-0.008,0.002,-0.018,0
2018,5,17,20,19,30.927,-0.9386,0.1013,0.3248,0.0557,-3.1,-9.8,-4.7,-0.001,-0.005,-0.008,0
2018,5,17,20,19,30.951,-0.9391,0.1019,0.3232,0.0554,-1.2,-8.3,-1.4,0.003,-0.014,-0.011,0
2018,5,17,20,19,30.969,-0.9395,0.102,0.322,0.0555,0.6,-6.7,2.2,0.004,-0.017,-0.014,0
2018,5,17,20,19,30.991,-0.9398,0.1017,0.3211,0.0561,3.1,-4.8,5.5,0,-0.011,-0.008,0
2018,5,17,20,19,31.008,-0.94,0.1007,0.3207,0.0571,4.5,-3.2,8.2,0,0,-0.013,0
2018,5,17,20,19,31.026,-0.9401,0.0994,0.3206,0.0583,4.7,-1.4,9.7,-0.003,0.008,-0.011,0
2018,5,17,20,19,31.049,-0.9401,0.098,0.3208,0.0598,5.1,-0.3,10.7,-0.003,0.01,-0.012,0
2018,5,17,20,19,31.086,-0.94,0.0966,0.3211,0.0614,4.8,0.6,11.4,-0.006,0.012,-0.018,0
2018,5,17,20,19,31.109,-0.9399,0.0951,0.3217,0.063,4.7,1.4,11.5,-0.005,0.012,-0.011,0
2018,5,17,20,19,31.114,-0.9397,0.0937,0.3223,0.0646,3.9,1.9,10.7,-0.002,0.015,-0.008,0
2018,5,17,20,19,31.13,-0.9395,0.0924,0.323,0.0661,2.7,2.3,9.4,-0.013,0.03,-0.015,1023
2018,5,17,20,19,31.153,-0.9392,0.0914,0.3237,0.0673,1.8,2,7.4,-0.013,0.027,-0.012,1023
2018,5,17,20,19,31.17,-0.939,0.0908,0.3243,0.0684,0.6,1.3,5.3,-0.008,0.019,-0.014,1023
2018,5,17,20,19,31.194,-0.9389,0.0904,0.3247,0.0691,0.1,0.7,3.3,-0.009,0.018,-0.016,1023
2018,5,17,20,19,31.212,-0.9388,0.0902,0.325,0.0696,-0.2,0,2.1,-0.006,0.015,-0.02,1023
2018,5,17,20,19,31.235,-0.9387,0.0901,0.3251,0.0699,-0.9,-0.7,1.2,-0.004,0.012,-0.017,1023
2018,5,17,20,19,31.249,-0.9387,0.0902,0.325,0.0702,-1.6,-1.2,0.1,-0.008,0.009,-0.016,1023
2018,5,17,20,19,31.268,-0.9387,0.0905,0.3249,0.0703,-2,-1.8,-0.2,-0.004,0.006,-0.01,1023
2018,5,17,20,19,31.29,-0.9387,0.0909,0.3247,0.0704,-1.9,-1.5,-0.2,-0.001,0.004,-0.011,1023
2018,5,17,20,19,31.308,-0.9388,0.0912,0.3245,0.0705,-1.6,-1,-0.5,0,0.005,-0.006,1023
2018,5,17,20,19,31.331,-0.9388,0.0914,0.3243,0.0705,-1.6,-0.4,-0.2,0,0.004,-0.005,1023
2018,5,17,20,19,31.349,-0.9387,0.0917,0.3244,0.0706,-1.2,0.1,0,0,0.003,-0.013,1023
2018,5,17,20,19,31.374,-0.9387,0.0919,0.3245,0.0707,-1.2,0.2,0.2,-0.005,0.004,-0.012,0
2018,5,17,20,19,31.394,-0.9386,0.0921,0.3247,0.0708,-0.9,0.4,0.2,-0.002,0.002,-0.014,0
2018,5,17,20,19,31.413,-0.9385,0.0922,0.3248,0.0709,-0.6,0.1,0.5,-0.005,0.006,-0.009,0
2018,5,17,20,19,31.436,-0.9385,0.0923,0.3249,0.071,-0.9,-0.1,0.8,-0.002,0.004,-0.013,0
2018,5,17,20,19,31.452,-0.9384,0.0924,0.325,0.0712,-0.4,-0.4,0.7,-0.006,0.006,-0.012,0
2018,5,17,20,19,31.476,-0.9384,0.0924,0.325,0.0714,-0.4,-0.4,1,-0.001,0.006,-0.011,0
2018,5,17,20,19,31.512,-0.9384,0.0924,0.325,0.0716,-0.3,-0.6,1.1,-0.001,0.001,-0.008,0
2018,5,17,20,19,31.512,-0.9384,0.0924,0.325,0.0718,0,-0.5,1.2,-0.001,0.004,-0.01,0
2018,5,17,20,19,31.535,-0.9384,0.0923,0.325,0.0721,0,-0.8,1.6,0,0.003,-0.011,0
2018,5,17,20,19,31.554,-0.9384,0.0922,0.3249,0.0724,0,-1.2,1.8,-0.002,0.004,-0.012,0
2018,5,17,20,19,31.572,-0.9384,0.0921,0.3248,0.0727,0,-1.2,1.9,-0.003,0.004,-0.008,0
2018,5,17,20,19,31.592,-0.9384,0.092,0.3247,0.0731,0.2,-1.4,2.2,0,0.003,-0.01,0
2018,5,17,20,19,31.631,-0.9384,0.0918,0.3246,0.0735,0.4,-0.9,2.6,0,0.004,-0.005,0
2018,5,17,20,19,31.654,-0.9384,0.0915,0.3246,0.0739,0.3,-0.3,2.5,0,0.006,-0.008,0
2018,5,17,20,19,31.659,-0.9384,0.0913,0.3247,0.0743,0.3,0,2.5,-0.003,0.005,-0.012,0
2018,5,17,20,19,31.675,-0.9383,0.0911,0.3248,0.0748,0.3,0.3,2.8,0,0.001,-0.01,0
2018,5,17,20,19,31.697,-0.9382,0.0909,0.325,0.0752,0.4,0.1,2.7,-0.001,0.006,-0.013,0
2018,5,17,20,19,31.713,-0.9382,0.0907,0.3251,0.0756,0.1,0.2,2.1,-0.001,0.009,-0.011,0
2018,5,17,20,19,31.73,-0.9381,0.0906,0.3253,0.076,-0.4,0,1.6,-0.002,0.008,-0.009,0
2018,5,17,20,19,31.753,-0.9381,0.0906,0.3254,0.0762,-0.7,0.5,1.1,0,0.009,-0.01,0
2018,5,17,20,19,31.771,-0.938,0.0906,0.3255,0.0764,-1,0.6,0.5,0,0.007,-0.012,0
2018,5,17,20,19,31.794,-0.9379,0.0908,0.3257,0.0766,-1.3,0.9,0.3,0,0.004,-0.01,1023
2018,5,17,20,19,31.832,-0.9378,0.0911,0.326,0.0767,-1.5,0.9,0,0,0,-0.008,1023
2018,5,17,20,19,31.855,-0.9377,0.0914,0.3261,0.0768,-1.5,0.4,0,0,0.002,-0.01,1023
2018,5,17,20,19,31.86,-0.9376,0.0916,0.3262,0.0768,-1.5,-0.1,0,-0.002,0.001,-0.009,1023
2018,5,17,20,19,31.876,-0.9376,0.0919,0.3262,0.0769,-1.6,-0.1,0,0,0.003,-0.016,1023
2018,5,17,20,19,31.913,-0.9376,0.0922,0.3262,0.077,-1.5,-0.4,0,0.002,-0.001,-0.007,1023
2018,5,17,20,19,31.936,-0.9375,0.0924,0.3262,0.0771,-1.3,-0.2,0,0.001,0.001,-0.011,1023
2018,5,17,20,19,31.94,-0.9375,0.0926,0.3262,0.0772,-1.1,-0.1,0.4,0.001,-0.001,-0.015,1023
2018,5,17,20,19,31.955,-0.9375,0.0928,0.3262,0.0774,-0.6,0,0.7,0.002,0,-0.008,1023
2018,5,17,20,19,31.976,-0.9374,0.0928,0.3262,0.0776,-0.3,0,1.1,-0.001,0.001,-0.007,1023
2018,5,17,20,19,32.012,-0.9374,0.0928,0.3263,0.0778,-0.2,0,1.2,0,0.001,-0.012,1023
2018,5,17,20,19,32.033,-0.9374,0.0928,0.3264,0.078,-0.2,0,1.1,0,0,-0.009,1023
2018,5,17,20,19,32.037,-0.9373,0.0928,0.3264,0.0782,-0.4,-0.2,1.1,0.001,0.003,-0.008,1023
2018,5,17,20,19,32.073,-0.9373,0.0928,0.3264,0.0784,-0.4,-0.2,1,0,0.001,-0.011,0
2018,5,17,20,19,32.095,-0.9373,0.0928,0.3265,0.0786,-0.3,-0.1,0.9,0.001,0.002,-0.011,0
2018,5,17,20,19,32.101,-0.9373,0.0929,0.3265,0.0787,-0.4,-0.4,0.8,0.003,0.002,-0.011,0
2018,5,17,20,19,32.117,-0.9372,0.0929,0.3264,0.0789,-0.4,-0.5,1,0,0,-0.011,0
2018,5,17,20,19,32.138,-0.9372,0.0929,0.3264,0.0791,-0.2,-0.5,1.1,0.002,0,-0.009,0
2018,5,17,20,19,32.159,-0.9372,0.0929,0.3264,0.0794,0,-0.3,1.3,0.002,0,-0.009,0
2018,5,17,20,19,32.179,-0.9372,0.0929,0.3264,0.0796,0,-0.2,1.4,0.002,0.004,-0.011,0
2018,5,17,20,19,32.198,-0.9372,0.0928,0.3264,0.0798,0,-0.4,1.4,0,0.004,-0.015,0
2018,5,17,20,19,32.221,-0.9372,0.0927,0.3264,0.0801,-0.1,-0.6,1.3,0.003,0.004,-0.01,0
2018,5,17,20,19,32.236,-0.9372,0.0926,0.3264,0.0803,-0.1,-0.4,1.3,0.003,-0.001,-0.01,0
2018,5,17,20,19,32.274,-0.9372,0.0926,0.3264,0.0805,-0.1,-0.2,1.3,0.003,0.002,-0.004,0
2018,5,17,20,19,32.298,-0.9372,0.0925,0.3264,0.0807,0,-0.4,1,0.003,0,-0.005,0
2018,5,17,20,19,32.303,-0.9371,0.0925,0.3264,0.0809,-0.3,-0.2,0.9,0.001,0.005,-0.006,0
2018,5,17,20,19,32.319,-0.9371,0.0926,0.3263,0.0811,-0.6,-0.1,0.7,0.004,0.002,-0.009,0
2018,5,17,20,19,32.338,-0.9371,0.0926,0.3263,0.0813,-0.9,-0.2,0.5,0,0.001,-0.007,0
2018,5,17,20,19,32.361,-0.9371,0.0928,0.3264,0.0814,-0.8,-0.2,0.6,0.001,0.002,-0.013,0
2018,5,17,20,19,32.38,-0.9371,0.0929,0.3263,0.0815,-1,-0.1,0.4,0.004,0,-0.006,0
2018,5,17,20,19,32.398,-0.937,0.0931,0.3263,0.0817,-1,0,0.5,0.003,-0.001,-0.006,0
2018,5,17,20,19,32.421,-0.937,0.0933,0.3263,0.0818,-0.9,0.3,0.7,0.006,0.001,-0.006,0
2018,5,17,20,19,32.441,-0.9369,0.0934,0.3264,0.082,-0.8,0.4,0.8,0.005,0,-0.008,0
2018,5,17,20,19,32.458,-0.9369,0.0936,0.3265,0.0821,-0.7,0.8,0.9,0,-0.002,-0.006,1023
2018,5,17,20,19,32.477,-0.9368,0.0936,0.3267,0.0823,-0.8,0.4,1,0.001,0.002,-0.012,1023
2018,5,17,20,19,32.497,-0.9367,0.0937,0.3268,0.0825,-0.6,0.3,0.8,0,0.003,-0.009,1023
2018,5,17,20,19,32.535,-0.9367,0.0938,0.3269,0.0827,-0.7,0,0.7,0.003,0.002,-0.009,1023
2018,5,17,20,19,32.558,-0.9367,0.0939,0.3269,0.0829,-0.9,0,0.8,0.001,0.002,-0.006,1023
2018,5,17,20,19,32.563,-0.9366,0.094,0.3269,0.083,-0.8,-0.1,0.5,0.005,0,-0.007,1023
2018,5,17,20,19,32.578,-0.9366,0.0941,0.3269,0.0832,-0.6,0,0.6,0.002,-0.002,-0.005,1023
2018,5,17,20,19,32.601,-0.9366,0.0942,0.3269,0.0833,-0.7,0,0.9,0.002,0,-0.002,1023
2018,5,17,20,19,32.62,-0.9366,0.0942,0.3269,0.0835,-0.3,0,0.8,0.002,-0.002,-0.009,1023
2018,5,17,20,19,32.641,-0.9365,0.0943,0.3269,0.0837,-0.4,0,0.8,0.003,0.001,-0.004,1023
2018,5,17,20,19,32.677,-0.9365,0.0943,0.327,0.0838,-0.7,0,0.7,0.004,0,-0.012,1023
2018,5,17,20,19,32.7,-0.9365,0.0945,0.327,0.084,-1,0,0.6,0.003,0.001,-0.009,0
2018,5,17,20,19,32.705,-0.9364,0.0946,0.327,0.0841,-0.7,-0.1,0.5,0.004,0.002,-0.004,0
2018,5,17,20,19,32.723,-0.9364,0.0947,0.327,0.0842,-0.9,0,0.4,0.005,0.002,-0.003,0
2018,5,17,20,19,32.747,-0.9364,0.0949,0.327,0.0844,-1,0,0.3,0.003,-0.001,-0.002,0
2018,5,17,20,19,32.761,-0.9364,0.0951,0.327,0.0845,-1,-0.1,0.3,0.003,-0.001,-0.007,0
2018,5,17,20,19,32.779,-0.9363,0.0952,0.327,0.0846,-1,-0.1,0.5,0.006,0.001,-0.008,0
2018,5,17,20,19,32.802,-0.9363,0.0954,0.3269,0.0847,-0.4,0,0.7,0.005,-0.001,-0.005,0
2018,5,17,20,19,32.838,-0.9363,0.0954,0.3269,0.0849,-0.4,0.1,0.9,0.006,-0.002,-0.007,0
2018,5,17,20,19,32.862,-0.9363,0.0955,0.327,0.0851,-0.2,0,1.1,0.002,0,-0.007,0
2018,5,17,20,19,32.866,-0.9362,0.0955,0.327,0.0853,-0.3,0,1.1,0.004,-0.001,-0.006,0
2018,5,17,20,19,32.883,-0.9362,0.0955,0.327,0.0855,-0.1,-0.1,1.1,0.002,0,0,0
2018,5,17,20,19,32.902,-0.9362,0.0955,0.327,0.0857,0,-0.1,1.3,0.006,-0.001,-0.01,0
2018,5,17,20,19,32.924,-0.9362,0.0954,0.327,0.0858,0,-0.1,1.1,0.005,0.004,-0.006,0
2018,5,17,20,19,32.947,-0.9362,0.0954,0.327,0.086,-0.3,-0.3,0.9,0.004,0,-0.004,0
2018,5,17,20,19,32.962,-0.9361,0.0954,0.327,0.0862,-0.7,-0.4,0.6,0.007,0,-0.005,0
2018,5,17,20,19,32.999,-0.9362,0.0955,0.3269,0.0864,-0.5,-0.5,0.8,0.006,0,-0.005,0
2018,5,17,20,19,33.022,-0.9362,0.0956,0.3269,0.0866,-0.6,-0.2,0.8,0.007,0,-0.006,0
2018,5,17,20,19,33.027,-0.9362,0.0957,0.3268,0.0867,-0.7,-0.3,0.7,0.005,0.002,-0.005,0
2018,5,17,20,19,33.043,-0.9361,0.0958,0.3268,0.0869,-0.9,-0.1,0.7,0.006,0.001,0,0
2018,5,17,20,19,33.066,-0.9361,0.0959,0.3267,0.087,-0.6,0.1,0.8,0.005,-0.001,-0.008,0
2018,5,17,20,19,33.084,-0.9361,0.096,0.3268,0.0872,-0.4,0.4,1,0.004,-0.002,-0.007,0
2018,5,17,20,19,33.108,-0.936,0.0961,0.3268,0.0874,-0.1,0.6,1.3,0.006,-0.004,-0.006,0
2018,5,17,20,19,33.142,-0.936,0.096,0.327,0.0876,0,0.8,1.6,0.006,-0.003,-0.004,1023
2018,5,17,20,19,33.163,-0.9359,0.096,0.3271,0.0878,0.3,0.9,1.9,0.007,-0.001,-0.006,1023
2018,5,17,20,19,33.168,-0.9358,0.0959,0.3274,0.0881,0.1,0.9,1.6,0.004,0.001,-0.007,1023
2018,5,17,20,19,33.182,-0.9357,0.0958,0.3276,0.0883,-0.1,1,1.4,0.001,0,-0.009,1023
2018,5,17,20,19,33.219,-0.9356,0.0957,0.3277,0.0885,-0.3,0.7,1.1,0.002,0.001,-0.006,1023
2018,5,17,20,19,33.242,-0.9356,0.0958,0.3279,0.0887,-0.6,0.6,0.8,0.005,0,-0.008,1023
2018,5,17,20,19,33.246,-0.9355,0.0959,0.3279,0.0889,-1,0.4,0.7,0.003,-0.001,-0.004,1023
2018,5,17,20,19,33.264,-0.9355,0.096,0.328,0.089,-0.9,0.1,0.8,0.002,-0.004,-0.009,1023
2018,5,17,20,19,33.282,-0.9354,0.0962,0.328,0.0892,-0.6,0.3,0.9,0.005,-0.003,-0.012,1023
2018,5,17,20,19,33.306,-0.9354,0.0962,0.3281,0.0894,-0.5,0.2,0.8,0.007,-0.002,-0.005,1023
2018,5,17,20,19,33.341,-0.9354,0.0963,0.3282,0.0895,-0.5,0.6,1.1,0.003,-0.003,-0.004,1023
2018,5,17,20,19,33.364,-0.9353,0.0963,0.3282,0.0897,0,0.6,1.4,0.004,-0.003,-0.011,1023
2018,5,17,20,19,33.369,-0.9352,0.0963,0.3284,0.0899,-0.1,0.6,1.3,0.003,0,-0.007,0
2018,5,17,20,19,33.387,-0.9352,0.0962,0.3285,0.0902,-0.1,0.5,1.3,0.006,0,-0.007,0
2018,5,17,20,19,33.411,-0.9351,0.0962,0.3286,0.0904,-0.1,0.4,1.4,0.007,-0.001,-0.007,0
2018,5,17,20,19,33.446,-0.9351,0.0962,0.3287,0.0906,0,0.2,1.4,0.001,-0.001,-0.006,0
2018,5,17,20,19,33.468,-0.935,0.0961,0.3288,0.0908,0,0.3,1.4,0.005,0.002,-0.007,0
2018,5,17,20,19,33.472,-0.935,0.0961,0.3288,0.0911,-0.1,0.1,1.2,0.004,0,-0.007,0
2018,5,17,20,19,33.487,-0.9349,0.0961,0.3289,0.0913,-0.1,0.4,1.4,0.003,-0.001,0,0
2018,5,17,20,19,33.508,-0.9349,0.096,0.329,0.0915,0,0.4,1.5,0.003,-0.001,-0.008,0
2018,5,17,20,19,33.525,-0.9348,0.096,0.3291,0.0918,0,0.6,1.4,0.005,0,-0.007,0
2018,5,17,20,19,33.548,-0.9348,0.0959,0.3292,0.092,0,0.5,1.6,0.004,0,-0.007,0
2018,5,17,20,19,33.566,-0.9347,0.0958,0.3293,0.0922,0.1,0.5,1.4,0.005,0.001,-0.008,0
2018,5,17,20,19,33.59,-0.9347,0.0958,0.3294,0.0924,-0.1,0.6,1.3,0.005,0,-0.002,0
2018,5,17,20,19,33.626,-0.9346,0.0958,0.3295,0.0927,-0.4,0.8,1.1,0.003,0,-0.008,0
2018,5,17,20,19,33.649,-0.9345,0.0958,0.3297,0.0928,-0.5,0.6,1,0.003,-0.003,-0.007,0
2018,5,17,20,19,33.653,-0.9345,0.0959,0.3298,0.093,-0.6,0.3,1.2,0.006,-0.004,-0.009,0
2018,5,17,20,19,33.667,-0.9344,0.0959,0.3299,0.0933,0,0.3,1.4,0.006,-0.004,-0.006,0
2018,5,17,20,19,33.686,-0.9344,0.0959,0.3299,0.0935,0,0.1,1.5,0.006,-0.002,-0.006,0
2018,5,17,20,19,33.71,-0.9343,0.0958,0.33,0.0937,-0.2,0.3,1.4,0.005,0,-0.005,0
2018,5,17,20,19,33.728,-0.9343,0.0958,0.33,0.094,-0.1,0.3,1.4,0.006,-0.001,-0.008,0
2018,5,17,20,19,33.746,-0.9342,0.0958,0.3301,0.0942,0,0.9,1.5,0.007,0,-0.005,0
2018,5,17,20,19,33.768,-0.9342,0.0958,0.3303,0.0944,-0.1,0.9,1.4,0.006,-0.002,-0.006,0
2018,5,17,20,19,33.803,-0.9341,0.0957,0.3304,0.0947,-0.3,0.9,1.4,0.005,0,-0.007,0
2018,5,17,20,19,33.826,-0.934,0.0958,0.3306,0.0949,-0.4,0.9,1.3,0.005,-0.001,-0.006,1023
2018,5,17,20,19,33.831,-0.9339,0.0958,0.3308,0.0951,-0.3,0.8,1.3,0.006,0,-0.01,1023
2018,5,17,20,19,33.85,-0.9339,0.0958,0.3309,0.0953,-0.6,0.8,1,0.004,0.001,-0.005,1023
2018,5,17,20,19,33.873,-0.9338,0.0959,0.331,0.0955,-0.9,0.3,0.7,0.002,-0.002,-0.001,1023
2018,5,17,20,19,33.891,-0.9337,0.0961,0.331,0.0956,-1,0,0.7,0.002,0.001,-0.007,1023
2018,5,17,20,19,33.91,-0.9337,0.0963,0.3311,0.0958,-1.1,0,0.5,0.006,-0.001,-0.008,1023
2018,5,17,20,19,33.933,-0.9337,0.0965,0.331,0.0959,-1.1,0,0.5,0.005,0,-0.009,1023
2018,5,17,20,19,33.949,-0.9337,0.0966,0.331,0.096,-0.9,0.1,0.6,0.005,-0.003,-0.006,1023
2018,5,17,20,19,33.968,-0.9336,0.0968,0.331,0.0962,-0.8,0.1,0.8,0.004,0,-0.001,1023
2018,5,17,20,19,33.99,-0.9336,0.0969,0.331,0.0963,-0.7,0,0.7,0.006,-0.002,-0.006,1023
2018,5,17,20,19,34.008,-0.9336,0.097,0.3311,0.0965,-0.6,-0.1,0.7,0.005,-0.002,-0.007,1023
2018,5,17,20,19,34.031,-0.9335,0.0971,0.3311,0.0966,-0.9,0,0.5,0.007,-0.001,-0.005,1023
2018,5,17,20,19,34.049,-0.9335,0.0973,0.331,0.0968,-1,-0.1,0.5,0.005,-0.001,-0.007,0
2018,5,17,20,19,34.072,-0.9335,0.0974,0.331,0.0969,-0.8,-0.2,0.5,0.005,0,-0.005,0
2018,5,17,20,19,34.09,-0.9335,0.0975,0.3309,0.097,-0.7,-0.6,0.5,0.004,-0.002,-0.005,0
2018,5,17,20,19,34.113,-0.9335,0.0977,0.3308,0.0971,-0.8,-0.5,0.7,0.007,-0.003,-0.002,0
2018,5,17,20,19,34.131,-0.9335,0.0977,0.3307,0.0973,-0.3,-0.3,1,0.005,-0.003,-0.005,0
2018,5,17,20,19,34.154,-0.9335,0.0978,0.3306,0.0975,-0.3,-0.2,1,0.005,-0.003,-0.008,0
2018,5,17,20,19,34.191,-0.9335,0.0977,0.3306,0.0977,-0.2,-0.2,1.1,0.004,-0.001,-0.004,0
2018,5,17,20,19,34.191,-0.9335,0.0977,0.3305,0.0978,0,-0.4,1.1,0.007,-0.001,-0.01,0
2018,5,17,20,19,34.215,-0.9335,0.0977,0.3305,0.098,-0.1,-0.1,1.2,0.006,-0.001,-0.004,0
2018,5,17,20,19,34.232,-0.9335,0.0977,0.3304,0.0982,-0.2,-0.2,0.8,0.004,0.002,-0.005,0
2018,5,17,20,19,34.25,-0.9335,0.0977,0.3304,0.0984,-0.7,-0.1,0.7,0.006,0,-0.003,0
2018,5,17,20,19,34.273,-0.9335,0.0978,0.3304,0.0985,-0.6,-0.2,0.5,0.003,-0.001,-0.008,0
2018,5,17,20,19,34.291,-0.9335,0.098,0.3303,0.0987,-1,-0.5,0.5,0.005,0,-0.007,0
2018,5,17,20,19,34.314,-0.9335,0.0981,0.3302,0.0988,-0.7,-0.7,0.5,0.007,-0.001,-0.004,0
2018,5,17,20,19,34.331,-0.9336,0.0982,0.33,0.099,-0.6,-0.8,0.4,0.008,-0.002,0,0
2018,5,17,20,19,34.354,-0.9336,0.0983,0.3299,0.0991,-0.9,-0.7,0.5,0.007,0.002,-0.004,0
2018,5,17,20,19,34.391,-0.9336,0.0984,0.3297,0.0992,-1.2,-0.4,0.3,0.009,-0.002,-0.002,0
2018,5,17,20,19,34.391,-0.9336,0.0986,0.3296,0.0994,-0.9,-0.1,0.6,0.005,-0.005,-0.003,0
2018,5,17,20,19,34.414,-0.9336,0.0987,0.3296,0.0995,-0.4,0.3,0.7,0.007,-0.004,-0.007,0
2018,5,17,20,19,34.432,-0.9335,0.0988,0.3296,0.0996,-0.6,0.2,0.8,0.004,-0.002,-0.006,0
2018,5,17,20,19,34.451,-0.9335,0.0989,0.3297,0.0998,-0.5,0.3,0.9,0.009,-0.001,-0.006,0
2018,5,17,20,19,34.474,-0.9335,0.099,0.3297,0.1,-0.5,0,0.8,0.004,0,-0.003,0
2018,5,17,20,19,34.492,-0.9334,0.099,0.3298,0.1001,-0.7,0,0.8,0.008,-0.002,-0.003,0
2018,5,17,20,19,34.512,-0.9334,0.0991,0.3298,0.1003,-0.8,-0.1,0.4,0.004,0.001,-0.004,0
2018,5,17,20,19,34.55,-0.9334,0.0993,0.3297,0.1004,-0.8,-0.3,0.4,0.007,-0.002,-0.008,1023
2018,5,17,20,19,34.573,-0.9334,0.0994,0.3296,0.1005,-0.9,-0.4,0.3,0.005,-0.002,-0.004,1023
2018,5,17,20,19,34.578,-0.9334,0.0996,0.3295,0.1006,-0.9,-0.6,0.6,0.006,-0.001,-0.003,1023
2018,5,17,20,19,34.593,-0.9334,0.0997,0.3294,0.1008,-0.9,-0.6,0.5,0.007,-0.002,-0.002,1023
2018,5,17,20,19,34.616,-0.9334,0.0999,0.3293,0.1009,-0.7,-0.6,0.5,0.005,-0.002,-0.008,1023
2018,5,17,20,19,34.654,-0.9334,0.1,0.3292,0.101,-0.9,-0.4,0.6,0.004,-0.001,-0.007,1023
2018,5,17,20,19,34.654,-0.9334,0.1001,0.3291,0.1012,-0.8,-0.2,0.6,0.003,-0.002,-0.005,1023
2018,5,17,20,19,34.677,-0.9334,0.1002,0.329,0.1013,-0.6,-0.2,0.6,0.004,-0.003,-0.007,1023
2018,5,17,20,19,34.696,-0.9334,0.1003,0.329,0.1015,-0.7,-0.4,0.5,0.005,-0.003,-0.003,1023
2018,5,17,20,19,34.715,-0.9334,0.1004,0.3289,0.1016,-0.9,-0.4,0.4,0.007,-0.001,-0.009,1023
2018,5,17,20,19,34.733,-0.9334,0.1006,0.3287,0.1018,-0.9,-0.4,0.5,0.009,-0.003,-0.006,1023
2018,5,17,20,19,34.756,-0.9335,0.1007,0.3286,0.1019,-0.7,-0.5,0.4,0.007,-0.002,-0.005,1023
2018,5,17,20,19,34.775,-0.9335,0.1008,0.3285,0.102,-0.7,-0.6,0.7,0.005,-0.003,-0.004,1023
2018,5,17,20,19,34.794,-0.9335,0.1009,0.3284,0.1022,-0.6,-0.7,0.7,0.006,-0.001,-0.007,0
2018,5,17,20,19,34.832,-0.9335,0.101,0.3283,0.1023,-0.6,-0.6,0.7,0.005,-0.004,-0.006,0
2018,5,17,20,19,34.856,-0.9335,0.1011,0.3281,0.1025,-0.5,-0.7,0.7,0.007,-0.001,-0.005,0
2018,5,17,20,19,34.861,-0.9335,0.1011,0.328,0.1027,-0.6,-0.7,1,0.006,-0.002,-0.004,0
2018,5,17,20,19,34.877,-0.9336,0.1011,0.3279,0.1028,-0.4,-0.6,0.9,0.006,-0.001,-0.012,0
2018,5,17,20,19,34.9,-0.9336,0.1012,0.3278,0.103,-0.2,-0.5,0.8,0.009,-0.002,-0.001,0
2018,5,17,20,19,34.917,-0.9336,0.1012,0.3277,0.1032,-0.4,-0.4,0.8,0.005,-0.002,-0.005,0
2018,5,17,20,19,34.953,-0.9336,0.1012,0.3276,0.1033,-0.4,-0.3,0.8,0.008,0,-0.003,0
2018,5,17,20,19,34.976,-0.9336,0.1012,0.3275,0.1035,-0.4,-0.3,0.7,0.004,0,-0.006,0
2018,5,17,20,19,34.98,-0.9336,0.1013,0.3274,0.1036,-0.7,-0.5,0.6,0.005,-0.002,-0.009,0
2018,5,17,20,19,34.998,-0.9336,0.1014,0.3273,0.1038,-0.7,-0.8,0.7,0.006,-0.002,-0.008,0
2018,5,17,20,19,35.016,-0.9337,0.1014,0.3272,0.104,-0.2,-0.9,0.7,0.007,-0.004,-0.007,0
2018,5,17,20,19,35.037,-0.9337,0.1015,0.327,0.1041,-0.7,-0.7,0.7,0.007,0,-0.004,0
2018,5,17,20,19,35.076,-0.9337,0.1016,0.3269,0.1043,-0.9,-0.7,0.7,0.007,-0.002,-0.01,0
2018,5,17,20,19,35.099,-0.9337,0.1017,0.3268,0.1044,-0.7,-0.3,0.7,0.007,-0.004,-0.007,0
2018,5,17,20,19,35.104,-0.9337,0.1018,0.3267,0.1046,-0.7,0,0.8,0.007,-0.003,-0.006,0
2018,5,17,20,19,35.118,-0.9337,0.1019,0.3267,0.1047,-0.6,0,0.8,0.006,-0.004,-0.01,0
2018,5,17,20,19,35.138,-0.9337,0.102,0.3267,0.1049,-0.5,-0.1,0.7,0.004,-0.002,-0.008,0
2018,5,17,20,19,35.155,-0.9337,0.1021,0.3266,0.1051,-0.5,-0.2,0.8,0.008,-0.003,-0.007,0
2018,5,17,20,19,35.177,-0.9336,0.1021,0.3266,0.1052,-0.6,-0.1,0.8,0.005,-0.003,-0.01,0
2018,5,17,20,19,35.212,-0.9336,0.1023,0.3266,0.1054,-0.7,-0.2,0.7,0.006,-0.004,-0.003,0
2018,5,17,20,19,35.234,-0.9336,0.1024,0.3265,0.1055,-0.6,-0.3,0.7,0.006,-0.003,-0.004,0
2018,5,17,20,19,35.24,-0.9336,0.1024,0.3264,0.1057,-0.5,-0.4,0.8,0.006,0,-0.008,1023
2018,5,17,20,19,35.257,-0.9336,0.1025,0.3264,0.1058,-0.6,-0.1,0.8,0.008,-0.004,-0.006,1023
2018,5,17,20,19,35.28,-0.9336,0.1026,0.3263,0.106,-0.6,-0.3,0.7,0.007,-0.002,-0.005,1023
2018,5,17,20,19,35.298,-0.9336,0.1026,0.3263,0.1062,-0.4,-0.2,0.8,0.008,-0.002,-0.005,1023
2018,5,17,20,19,35.321,-0.9336,0.1027,0.3262,0.1063,-0.4,-0.3,1,0.008,-0.005,-0.009,1023
2018,5,17,20,19,35.358,-0.9336,0.1027,0.3261,0.1065,-0.4,-0.3,0.9,0.006,-0.002,-0.006,1023
2018,5,17,20,19,35.38,-0.9336,0.1028,0.3261,0.1067,-0.4,-0.1,1,0.007,-0.003,-0.003,1023
2018,5,17,20,19,35.385,-0.9336,0.1028,0.3261,0.1069,-0.6,-0.1,0.9,0.005,0,-0.007,1023
2018,5,17,20,19,35.407,-0.9336,0.1029,0.326,0.1071,-0.6,-0.2,0.7,0.007,0.001,-0.005,1023
2018,5,17,20,19,35.434,-0.9335,0.103,0.326,0.1072,-0.6,0,0.8,0.007,-0.004,-0.003,1023
2018,5,17,20,19,35.44,-0.9335,0.1031,0.3259,0.1074,-0.7,-0.2,0.7,0.004,-0.007,-0.004,1023
2018,5,17,20,19,35.458,-0.9335,0.1032,0.3259,0.1075,-0.5,-0.4,0.8,0.005,-0.001,-0.007,1023
2018,5,17,20,19,35.478,-0.9335,0.1033,0.3258,0.1077,-0.7,-0.2,0.7,0.007,-0.003,-0.003,0
2018,5,17,20,19,35.515,-0.9335,0.1034,0.3258,0.1078,-0.6,-0.1,0.8,0.008,-0.004,-0.01,0
2018,5,17,20,19,35.538,-0.9335,0.1035,0.3257,0.108,-0.5,0,0.7,0.007,-0.004,-0.004,0
2018,5,17,20,19,35.543,-0.9335,0.1035,0.3257,0.1081,-0.4,-0.1,0.9,0.004,0,-0.008,0
2018,5,17,20,19,35.577,-0.9335,0.1036,0.3256,0.1083,-0.6,-0.2,0.8,0.006,-0.002,-0.006,0
2018,5,17,20,19,35.6,-0.9334,0.1037,0.3256,0.1085,-0.3,-0.1,1,0.005,-0.003,-0.005,0
2018,5,17,20,19,35.604,-0.9334,0.1037,0.3256,0.1087,-0.1,0,1.1,0.007,-0.003,-0.005,0
2018,5,17,20,19,35.641,-0.9334,0.1037,0.3256,0.1088,-0.1,0.1,1.2,0.006,-0.002,-0.006,0
2018,5,17,20,19,35.641,-0.9334,0.1037,0.3256,0.109,0,0.2,1.4,0.008,-0.002,-0.005,0
2018,5,17,20,19,35.664,-0.9334,0.1036,0.3256,0.1093,0,0.1,1.4,0.005,-0.003,-0.008,0
2018,5,17,20,19,35.683,-0.9333,0.1036,0.3257,0.1095,0,0.2,1.6,0.005,0,-0.006,0
2018,5,17,20,19,35.702,-0.9333,0.1035,0.3257,0.1097,0,0.3,1.3,0.007,0,-0.001,0
2018,5,17,20,19,35.725,-0.9332,0.1034,0.3258,0.1099,0,0.5,1.3,0.007,-0.001,-0.003,0
2018,5,17,20,19,35.744,-0.9332,0.1034,0.3259,0.1101,-0.4,0.3,1.2,0.004,-0.003,-0.004,0
2018,5,17,20,19,35.765,-0.9331,0.1035,0.3259,0.1103,-0.3,0.4,1.1,0.007,0,-0.004,0
2018,5,17,20,19,35.8,-0.9331,0.1035,0.326,0.1105,-0.2,0.8,1.1,0.007,-0.001,-0.007,0
2018,5,17,20,19,35.8,-0.933,0.1035,0.3262,0.1107,-0.3,0.9,1.1,0.01,0,-0.01,0
2018,5,17,20,19,35.823,-0.9329,0.1036,0.3263,0.1108,-0.2,0.8,1,0.005,-0.003,-0.002,0
2018,5,17,20,19,35.859,-0.9329,0.1036,0.3264,0.111,-0.2,0.9,1.1,0.004,0,-0.003,0
2018,5,17,20,19,35.859,-0.9328,0.1036,0.3266,0.1112,-0.2,0.8,1.3,0.008,-0.003,-0.009,0
2018,5,17,20,19,35.881,-0.9327,0.1036,0.3267,0.1114,-0.1,0.6,1.4,0.006,-0.002,-0.005,0
2018,5,17,20,19,35.917,-0.9327,0.1036,0.3268,0.1116,0,0.8,1.5,0.004,-0.001,-0.004,0
2018,5,17,20,19,35.938,-0.9326,0.1035,0.327,0.1119,-0.1,0.8,1.4,0.006,-0.001,-0.003,0
2018,5,17,20,19,35.944,-0.9325,0.1035,0.3271,0.1121,-0.2,0.6,1.4,0.004,-0.002,-0.009,1023
2018,5,17,20,19,35.962,-0.9324,0.1035,0.3272,0.1123,0,0.8,1.6,0.006,-0.002,-0.007,1023
2018,5,17,20,19,35.983,-0.9324,0.1034,0.3274,0.1126,0,0.8,1.6,0.006,-0.002,-0.005,1023
2018,5,17,20,19,36.02,-0.9323,0.1034,0.3275,0.1128,-0.1,0.8,1.4,0.007,0,-0.006,1023
2018,5,17,20,19,36.041,-0.9322,0.1034,0.3276,0.113,-0.2,0.6,1.3,0.006,-0.002,-0.009,1023
2018,5,17,20,19,36.043,-0.9322,0.1034,0.3277,0.1132,-0.2,0.6,1.3,0.005,-0.001,-0.007,1023
2018,5,17,20,19,36.08,-0.9321,0.1034,0.3278,0.1134,-0.4,0.6,1.2,0.006,-0.002,-0.008,1023
2018,5,17,20,19,36.103,-0.9321,0.1034,0.3279,0.1136,-0.1,0.8,1.1,0.006,-0.003,-0.009,1023
2018,5,17,20,19,36.107,-0.932,0.1034,0.328,0.1138,-0.2,0.8,1.1,0.003,-0.004,-0.007,1023
2018,5,17,20,19,36.124,-0.9319,0.1035,0.3281,0.114,-0.2,0.5,1.2,0.006,-0.002,0,1023
2018,5,17,20,19,36.143,-0.9319,0.1035,0.3282,0.1141,-0.4,0.5,1,0.008,-0.002,-0.007,1023
2018,5,17,20,19,36.165,-0.9318,0.1036,0.3283,0.1143,-0.6,0.4,0.9,0.004,-0.004,-0.009,1023
2018,5,17,20,19,36.183,-0.9317,0.1037,0.3284,0.1145,-0.2,0.3,1,0.002,-0.003,-0.008,0
2018,5,17,20,19,36.206,-0.9317,0.1037,0.3285,0.1147,-0.2,0.2,1.2,0.006,-0.003,-0.005,0
2018,5,17,20,19,36.225,-0.9317,0.1037,0.3285,0.1149,-0.2,0.2,1.2,0.008,-0.002,-0.002,0
2018,5,17,20,19,36.247,-0.9316,0.1038,0.3286,0.1151,0,0.4,1.3,0.007,-0.007,-0.004,0
2018,5,17,20,19,36.266,-0.9316,0.1037,0.3286,0.1153,0.3,0.3,1.7,0.006,-0.004,-0.006,0
2018,5,17,20,19,36.289,-0.9315,0.1036,0.3287,0.1155,0.4,0.3,1.7,0.006,-0.005,-0.011,0
2018,5,17,20,19,36.307,-0.9315,0.1034,0.3288,0.1158,0.4,0.1,1.7,0.005,-0.003,-0.009,0
2018,5,17,20,19,36.33,-0.9314,0.1033,0.3289,0.116,0,0.3,1.6,0.008,-0.001,-0.006,0
2018,5,17,20,19,36.348,-0.9314,0.1032,0.3289,0.1163,0,0.3,1.4,0.005,-0.001,-0.005,0
2018,5,17,20,19,36.371,-0.9313,0.1031,0.329,0.1165,0,0.4,1.3,0.006,-0.001,-0.008,0
2018,5,17,20,19,36.387,-0.9313,0.1031,0.3291,0.1167,-0.2,0.6,1.3,0.003,0,-0.002,0
2018,5,17,20,19,36.405,-0.9312,0.1031,0.3292,0.1169,-0.2,0.3,1.1,0.005,-0.002,-0.007,0
2018,5,17,20,19,36.425,-0.9312,0.1032,0.3292,0.1171,-0.4,0.1,1.1,0.006,-0.003,-0.007,0
2018,5,17,20,19,36.464,-0.9311,0.1032,0.3293,0.1173,-0.4,0.4,1.2,0.007,0,-0.005,0
2018,5,17,20,19,36.487,-0.9311,0.1033,0.3293,0.1175,-0.6,0.4,1,0.008,0.001,0,0
2018,5,17,20,19,36.492,-0.931,0.1033,0.3293,0.1177,-0.7,0.4,1,0.007,-0.004,-0.012,0
2018,5,17,20,19,36.51,-0.931,0.1034,0.3294,0.1179,-0.3,0.6,1,0.006,-0.001,-0.005,0
2018,5,17,20,19,36.528,-0.9309,0.1035,0.3295,0.118,-0.5,0.8,1,0.006,-0.001,-0.004,0
2018,5,17,20,19,36.55,-0.9308,0.1035,0.3297,0.1182,-0.6,0.9,0.9,0.006,-0.002,-0.01,0
2018,5,17,20,19,36.567,-0.9308,0.1036,0.3298,0.1184,-0.8,0.7,0.8,0.006,-0.002,-0.006,0
2018,5,17,20,19,36.604,-0.9307,0.1037,0.3299,0.1186,-0.7,0.3,0.5,0.005,0,-0.006,0
2018,5,17,20,19,36.624,-0.9307,0.1039,0.3299,0.1187,-1,0,0.4,0.006,-0.001,-0.009,0
2018,5,17,20,19,36.629,-0.9306,0.1041,0.3299,0.1188,-1,0,0.5,0.002,-0.003,-0.005,0
2018,5,17,20,19,36.665,-0.9306,0.1042,0.3298,0.1189,-0.9,-0.4,0.4,0.005,-0.007,-0.008,0
2018,5,17,20,19,36.688,-0.9306,0.1044,0.3297,0.1191,-0.8,-0.2,0.7,0.004,-0.005,-0.008,0
2018,5,17,20,19,36.693,-0.9306,0.1045,0.3297,0.1192,-0.6,-0.2,0.7,0.006,-0.003,-0.003,0
2018,5,17,20,19,36.71,-0.9306,0.1046,0.3296,0.1193,-0.6,-0.2,0.6,0.006,-0.003,-0.006,0
2018,5,17,20,19,36.746,-0.9306,0.1047,0.3295,0.1195,-0.6,-0.1,0.8,0.007,-0.003,-0.006,1023
2018,5,17,20,19,36.769,-0.9306,0.1048,0.3295,0.1197,-0.4,-0.1,1,0.004,-0.005,-0.006,1023
2018,5,17,20,19,36.774,-0.9306,0.1048,0.3294,0.1198,-0.4,-0.1,0.9,0.007,-0.003,-0.004,1023
2018,5,17,20,19,36.789,-0.9306,0.1049,0.3294,0.12,-0.5,-0.1,0.8,0.006,-0.003,-0.01,1023
2018,5,17,20,19,36.812,-0.9305,0.1049,0.3294,0.1202,-0.6,-0.2,0.8,0.006,0,-0.009,1023
2018,5,17,20,19,36.828,-0.9305,0.105,0.3293,0.1203,-0.7,-0.3,0.8,0.007,0,-0.004,1023
2018,5,17,20,19,36.851,-0.9305,0.1051,0.3293,0.1205,-0.9,-0.1,0.5,0.004,0,-0.007,1023
2018,5,17,20,19,36.869,-0.9305,0.1053,0.3292,0.1206,-1.2,-0.2,0.4,0.006,-0.004,-0.006,1023
2018,5,17,20,19,36.891,-0.9305,0.1055,0.3291,0.1207,-1,-0.4,0.4,0.005,0,-0.005,1023
2018,5,17,20,19,36.911,-0.9305,0.1056,0.329,0.1208,-0.9,-0.5,0.4,0.006,-0.003,-0.007,1023
2018,5,17,20,19,36.929,-0.9305,0.1058,0.3289,0.121,-0.9,-0.6,0.3,0.006,-0.002,-0.006,1023
2018,5,17,20,19,36.952,-0.9305,0.106,0.3287,0.1211,-0.8,-0.5,0.5,0.007,-0.006,-0.001,1023
2018,5,17,20,19,36.971,-0.9306,0.1061,0.3286,0.1212,-0.6,-0.4,0.7,0.006,-0.003,-0.007,1023
2018,5,17,20,19,36.994,-0.9306,0.1061,0.3285,0.1214,-0.4,-0.6,1,0.007,-0.003,-0.004,0
2018,5,17,20,19,37.012,-0.9306,0.1061,0.3284,0.1216,-0.2,-0.5,1,0.007,-0.002,-0.007,0
2018,5,17,20,19,37.051,-0.9306,0.1061,0.3283,0.1218,-0.2,-0.4,1,0.009,-0.003,-0.007,0
2018,5,17,20,19,37.074,-0.9306,0.1061,0.3282,0.122,-0.3,-0.4,1,0.006,0,-0.005,0
2018,5,17,20,19,37.078,-0.9306,0.1061,0.3281,0.1221,-0.3,-0.4,0.7,0.008,0,-0.006,0
2018,5,17,20,19,37.093,-0.9306,0.1061,0.3281,0.1223,-0.3,-0.4,0.7,0.007,0,-0.005,0
2018,5,17,20,19,37.11,-0.9306,0.1062,0.328,0.1225,-0.8,-0.6,0.7,0.006,-0.005,-0.003,0
2018,5,17,20,19,37.133,-0.9306,0.1063,0.3278,0.1226,-0.7,-0.9,0.5,0.005,-0.004,-0.005,0
2018,5,17,20,19,37.151,-0.9307,0.1064,0.3276,0.1228,-0.7,-0.9,0.6,0.008,-0.001,-0.006,0
2018,5,17,20,19,37.188,-0.9307,0.1065,0.3274,0.1229,-1,-0.7,0.6,0.008,0.001,-0.005,0
2018,5,17,20,19,37.211,-0.9307,0.1066,0.3273,0.1231,-0.9,-0.5,0.3,0.008,-0.002,-0.004,0
2018,5,17,20,19,37.216,-0.9307,0.1068,0.3272,0.1232,-0.9,-0.1,0.5,0.008,-0.002,-0.005,0
2018,5,17,20,19,37.233,-0.9307,0.1069,0.3271,0.1233,-0.9,0,0.6,0.008,-0.002,-0.002,0
2018,5,17,20,19,37.256,-0.9307,0.1071,0.327,0.1234,-0.9,-0.1,0.7,0.006,-0.003,-0.005,0
2018,5,17,20,19,37.274,-0.9307,0.1072,0.327,0.1236,-0.9,-0.2,0.6,0.005,0,0,0
2018,5,17,20,19,37.292,-0.9307,0.1074,0.3269,0.1237,-0.9,-0.5,0.4,0.009,0,-0.008,0
2018,5,17,20,19,37.312,-0.9307,0.1075,0.3268,0.1238,-0.8,-0.4,0.5,0.005,-0.007,-0.004,0
2018,5,17,20,19,37.35,-0.9307,0.1076,0.3267,0.124,-0.6,-0.6,0.6,0.007,-0.004,-0.006,0
2018,5,17,20,19,37.373,-0.9307,0.1077,0.3266,0.1241,-0.6,-0.4,0.7,0.006,-0.002,-0.001,0
2018,5,17,20,19,37.377,-0.9307,0.1078,0.3265,0.1243,-0.5,-0.5,0.8,0.007,-0.003,0,0
2018,5,17,20,19,37.395,-0.9307,0.1078,0.3264,0.1244,-0.5,-0.4,0.8,0.005,-0.001,-0.004,0
2018,5,17,20,19,37.414,-0.9307,0.1079,0.3263,0.1246,-0.3,-0.4,0.7,0.006,0,-0.006,0
2018,5,17,20,19,37.45,-0.9307,0.1079,0.3262,0.1247,-0.4,-0.4,0.8,0.008,0,-0.005,0
2018,5,17,20,19,37.471,-0.9307,0.108,0.3261,0.1249,-0.3,-0.6,0.8,0.007,0,-0.003,0
2018,5,17,20,19,37.475,-0.9307,0.108,0.326,0.1251,-0.5,-0.7,0.7,0.004,-0.003,0.001,1023
2018,5,17,20,19,37.511,-0.9308,0.1081,0.3258,0.1253,-0.7,-0.4,0.7,0.005,-0.002,-0.006,1023
2018,5,17,20,19,37.532,-0.9307,0.1082,0.3258,0.1254,-0.7,-0.4,0.6,0.006,-0.003,-0.009,1023
2018,5,17,20,19,37.535,-0.9307,0.1083,0.3257,0.1256,-0.8,-0.2,0.6,0.009,0,-0.004,1023
2018,5,17,20,19,37.571,-0.9307,0.1084,0.3256,0.1257,-1,-0.4,0.4,0.005,0.001,-0.007,1023
2018,5,17,20,19,37.594,-0.9307,0.1086,0.3255,0.1259,-1.1,-0.2,0.3,0.006,0,-0.007,1023
2018,5,17,20,19,37.598,-0.9307,0.1087,0.3254,0.126,-0.7,-0.4,0.6,0.006,-0.004,-0.005,1023
2018,5,17,20,19,37.631,-0.9307,0.1089,0.3253,0.1261,-0.9,-0.6,0.5,0.007,-0.001,-0.006,1023
2018,5,17,20,19,37.631,-0.9307,0.109,0.3252,0.1262,-0.7,-0.5,0.7,0.006,0,-0.007,1023
2018,5,17,20,19,37.654,-0.9307,0.1091,0.3251,0.1264,-0.6,-0.5,0.6,0.004,-0.001,-0.005,1023
2018,5,17,20,19,37.691,-0.9307,0.1092,0.325,0.1265,-0.6,-0.4,0.7,0.003,-0.004,-0.006,1023
2018,5,17,20,19,37.714,-0.9308,0.1092,0.3249,0.1267,-0.6,-0.6,0.8,0.007,-0.004,-0.009,1023
2018,5,17,20,19,37.719,-0.9308,0.1093,0.3248,0.1269,-0.4,-0.6,0.8,0.007,-0.002,-0.003,0
2018,5,17,20,19,37.735,-0.9308,0.1093,0.3246,0.127,-0.2,-0.7,1.1,0.007,-0.005,-0.005,0
2018,5,17,20,19,37.759,-0.9308,0.1093,0.3245,0.1272,-0.1,-0.4,1.1,0.01,-0.001,-0.004,0
2018,5,17,20,19,37.776,-0.9308,0.1093,0.3245,0.1274,-0.2,-0.2,1,0.005,-0.003,-0.003,0
2018,5,17,20,19,37.799,-0.9308,0.1093,0.3244,0.1276,-0.2,-0.2,0.9,0.008,-0.001,-0.005,0
2018,5,17,20,19,37.815,-0.9308,0.1094,0.3244,0.1278,-0.6,-0.6,0.9,0.004,-0.002,-0.004,0
2018,5,17,20,19,37.834,-0.9308,0.1094,0.3243,0.1279,-0.5,-0.6,0.9,0.004,-0.001,-0.006,0
2018,5,17,20,19,37.856,-0.9308,0.1095,0.3242,0.1281,-0.5,-0.6,0.7,0.006,0,-0.001,0
2018,5,17,20,19,37.894,-0.9308,0.1096,0.324,0.1282,-0.9,-0.4,0.5,0.006,0,-0.007,0
2018,5,17,20,19,37.917,-0.9308,0.1097,0.3239,0.1284,-1,-0.3,0.5,0.004,-0.002,-0.008,0
2018,5,17,20,19,37.922,-0.9308,0.1099,0.3239,0.1285,-0.9,-0.2,0.6,0.008,-0.002,-0.007,0
2018,5,17,20,19,37.939,-0.9308,0.11,0.3238,0.1287,-0.7,-0.1,0.6,0.008,-0.005,-0.003,0
2018,5,17,20,19,37.976,-0.9308,0.1101,0.3238,0.1288,-0.6,0.3,0.9,0.007,-0.001,-0.005,0
2018,5,17,20,19,37.998,-0.9307,0.1102,0.3238,0.129,-0.4,0.2,0.8,0.005,0,-0.003,0
2018,5,17,20,19,38.003,-0.9307,0.1103,0.3238,0.1292,-0.6,0.1,0.8,0.004,-0.002,-0.008,0
2018,5,17,20,19,38.018,-0.9307,0.1104,0.3238,0.1293,-0.5,-0.1,0.8,0.007,-0.004,-0.004,0
2018,5,17,20,19,38.036,-0.9306,0.1104,0.3238,0.1295,-0.5,-0.2,0.8,0.007,-0.003,-0.005,0
2018,5,17,20,19,38.059,-0.9306,0.1105,0.3237,0.1296,-0.5,-0.3,0.8,0.003,-0.005,-0.007,0
2018,5,17,20,19,38.079,-0.9306,0.1106,0.3237,0.1298,-0.5,-0.2,0.8,0.006,-0.004,-0.007,0
2018,5,17,20,19,38.115,-0.9306,0.1106,0.3236,0.13,-0.5,-0.2,1,0.005,-0.001,-0.006,0
2018,5,17,20,19,38.137,-0.9306,0.1107,0.3236,0.1302,-0.4,0,0.8,0.009,-0.005,-0.007,0
2018,5,17,20,19,38.142,-0.9306,0.1107,0.3235,0.1303,-0.3,-0.1,1,0.007,0,-0.006,0
2018,5,17,20,19,38.158,-0.9305,0.1108,0.3235,0.1305,-0.4,-0.1,0.8,0.006,0,-0.001,1023
2018,5,17,20,19,38.181,-0.9305,0.1108,0.3235,0.1307,-0.6,-0.1,1,0.009,0,-0.005,1023
2018,5,17,20,19,38.2,-0.9305,0.1109,0.3234,0.1308,-0.6,0,0.8,0.006,-0.001,-0.01,1023
2018,5,17,20,19,38.223,-0.9305,0.1109,0.3234,0.131,-0.4,-0.1,1,0.008,-0.002,-0.006,1023
2018,5,17,20,19,38.243,-0.9305,0.111,0.3233,0.1312,-0.7,0,0.8,0.007,-0.001,-0.008,1023
2018,5,17,20,19,38.26,-0.9304,0.1111,0.3233,0.1314,-0.6,0,0.9,0.005,-0.003,-0.003,1023
2018,5,17,20,19,38.28,-0.9304,0.1112,0.3233,0.1315,-0.7,-0.1,0.7,0.004,-0.002,-0.004,1023
