heart,z,y,x,w,droll,dpitch,dyaw,ax,ay,az,time_1,time_2,time_3,time_4,time_5,time_6
1023,-0.4722,-0.1662,-0.4195,0.7571,-11.5,4.6,-4.4,-0.024,-0.063,-0.041,2018,4,24,23,10,7.793
1023,-0.4713,-0.1665,-0.4224,0.756,0.1,6.3,-4.2,-0.021,0.009,-0.059,2018,4,24,23,10,7.815
1023,-0.4702,-0.1681,-0.4236,0.7557,11.7,7.6,-3.3,-0.021,0.048,-0.052,2018,4,24,23,10,7.82
1023,-0.4691,-0.1709,-0.4233,0.7559,18.1,7.6,-2.7,-0.034,0.066,-0.047,2018,4,24,23,10,7.856
1023,-0.4678,-0.1735,-0.4226,0.7565,16.8,5.3,-3.2,-0.037,0.067,-0.029,2018,4,24,23,10,7.879
1023,-0.4669,-0.1752,-0.422,0.757,10.5,1.7,-3.7,-0.034,0.044,-0.005,2018,4,24,23,10,7.883
1023,-0.4665,-0.1759,-0.4219,0.7571,4,-1.9,-4.5,-0.022,0.013,0.011,2018,4,24,23,10,7.899
1023,-0.4664,-0.1752,-0.4221,0.7572,-3.5,-5.3,-4.7,-0.014,0.026,0.031,2018,4,24,23,10,7.923
1023,-0.4667,-0.1733,-0.4232,0.7569,-9.5,-7.4,-4.3,-0.014,0.015,0.031,2018,4,24,23,10,7.941
1023,-0.4674,-0.1712,-0.4243,0.7563,-10.1,-7.7,-1.9,-0.006,0.01,0.031,2018,4,24,23,10,7.965
1023,-0.4683,-0.1693,-0.4253,0.7556,-6.5,-6.7,0.2,-0.01,0.009,0.036,2018,4,24,23,10,7.982
1023,-0.4693,-0.1683,-0.4259,0.7549,-2.6,-5.1,1.4,-0.009,0.02,0.025,2018,4,24,23,10,8.006
1023,-0.4702,-0.1679,-0.426,0.7544,-0.9,-3,1.6,-0.011,0.037,0.015,2018,4,24,23,10,8.021
0,-0.471,-0.1679,-0.4264,0.7536,-1,-1.3,1.3,-0.009,0.047,0.002,2018,4,24,23,10,8.039
0,-0.4713,-0.1675,-0.4271,0.7531,-2.3,-0.1,1.5,-0.012,0.037,0.002,2018,4,24,23,10,8.062
0,-0.4719,-0.1676,-0.428,0.7522,-2.7,0.1,1,-0.005,0.015,0.006,2018,4,24,23,10,8.08
0,-0.4722,-0.1674,-0.429,0.7515,-3.1,-0.1,-0.4,-0.001,-0.007,0.006,2018,4,24,23,10,8.103
0,-0.4724,-0.167,-0.4299,0.751,-3.2,-1.1,-1.7,0.017,-0.01,0.004,2018,4,24,23,10,8.122
0,-0.4724,-0.166,-0.4309,0.7506,-2.6,-1.4,-2.6,0.027,-0.002,-0.005,2018,4,24,23,10,8.145
0,-0.4724,-0.1653,-0.4318,0.7503,-2.4,-1.3,-2.4,0.03,0.002,-0.007,2018,4,24,23,10,8.163
0,-0.4724,-0.1646,-0.4326,0.75,-1.7,-0.4,-2.6,0.025,-0.01,-0.006,2018,4,24,23,10,8.186
0,-0.4721,-0.164,-0.4335,0.7498,-0.1,0.4,-3.2,0.019,-0.012,-0.011,2018,4,24,23,10,8.204
0,-0.4716,-0.1638,-0.4341,0.7498,1.7,1.9,-4,0.008,-0.01,-0.006,2018,4,24,23,10,8.227
0,-0.4711,-0.1641,-0.4346,0.7497,3.5,3.3,-5.1,0.008,0,0.004,2018,4,24,23,10,8.243
0,-0.4701,-0.1644,-0.435,0.7501,5.1,4.9,-6.3,0.01,0.002,0.02,2018,4,24,23,10,8.261
0,-0.4687,-0.1647,-0.4352,0.7507,4.6,6.4,-8.6,0.013,0.007,0.01,2018,4,24,23,10,8.284
0,-0.4671,-0.1652,-0.4358,0.7513,2.5,7.9,-11.5,0.011,0.01,0.006,2018,4,24,23,10,8.302
0,-0.4649,-0.1652,-0.437,0.752,1.3,9,-14.5,0.012,0.014,0.014,2018,4,24,23,10,8.325
0,-0.4624,-0.1652,-0.4382,0.7528,1.8,9.6,-16.2,0.018,0.037,0.002,2018,4,24,23,10,8.344
0,-0.4598,-0.1653,-0.4393,0.7537,0.4,10.1,-17.1,0.018,0.064,-0.003,2018,4,24,23,10,8.381
0,-0.4573,-0.1654,-0.4407,0.7544,-3.9,10.2,-16.9,0.023,0.089,-0.01,2018,4,24,23,10,8.404
1023,-0.4552,-0.1649,-0.4428,0.7546,-12.6,10.1,-15.6,0.015,0.109,-0.022,2018,4,24,23,10,8.408
1023,-0.4537,-0.1641,-0.4458,0.7538,-21,9.8,-13.1,0.02,0.083,-0.009,2018,4,24,23,10,8.442
1023,-0.4526,-0.1624,-0.4498,0.7525,-26.9,9,-11.4,0.023,0.056,0.018,2018,4,24,23,10,8.465
1023,-0.4516,-0.16,-0.4543,0.7509,-31.6,7.8,-11,0.032,0.025,0.023,2018,4,24,23,10,8.469
1023,-0.4509,-0.1569,-0.4596,0.7487,-39.9,6.4,-10.5,0.048,0.094,0.001,2018,4,24,23,10,8.484
1023,-0.4508,-0.1529,-0.4661,0.7457,-50.7,6.2,-8.1,0.065,0.067,-0.001,2018,4,24,23,10,8.501
1023,-0.451,-0.1484,-0.4736,0.7417,-55.3,6.7,-5.2,0.068,0.009,0.019,2018,4,24,23,10,8.524
1023,-0.4517,-0.1443,-0.4813,0.7371,-55.1,7.5,-3.3,0.068,-0.016,0.025,2018,4,24,23,10,8.562
1023,-0.4523,-0.14,-0.4895,0.7322,-61.2,9.6,-1.5,0.101,0.082,-0.018,2018,4,24,23,10,8.585
1023,-0.453,-0.1356,-0.4988,0.7263,-68,14.2,1.9,0.108,0.042,-0.019,2018,4,24,23,10,8.59
1023,-0.4537,-0.1319,-0.5086,0.7196,-63.9,18.2,7,0.099,-0.03,0.022,2018,4,24,23,10,8.603
1023,-0.4543,-0.1297,-0.5179,0.713,-57.5,22.7,11.1,0.087,-0.048,0.029,2018,4,24,23,10,8.626
1023,-0.4549,-0.1285,-0.5268,0.7062,-56.5,26.2,13.8,0.083,0.001,0.028,2018,4,24,23,10,8.663
1023,-0.4556,-0.128,-0.536,0.699,-61.2,30.1,16.8,0.08,0.035,-0.01,2018,4,24,23,10,8.686
1023,-0.4557,-0.1279,-0.5463,0.6909,-59.8,36.4,19.4,0.039,-0.01,-0.015,2018,4,24,23,10,8.69
0,-0.4554,-0.1294,-0.5562,0.6829,-51.1,42.9,22.9,0.026,-0.026,0.022,2018,4,24,23,10,8.709
0,-0.4546,-0.1324,-0.5651,0.6754,-45.4,47.3,25.2,0.042,0.029,0.044,2018,4,24,23,10,8.745
0,-0.4534,-0.136,-0.5741,0.668,-45.5,52,27.1,0.065,0.04,0,2018,4,24,23,10,8.768
0,-0.4515,-0.1408,-0.5838,0.6598,-43.4,62.5,29.7,0.078,-0.015,-0.043,2018,4,24,23,10,8.772
0,-0.4484,-0.1475,-0.5933,0.6519,-33.8,73.1,33.7,0.052,0.009,0.021,2018,4,24,23,10,8.786
0,-0.445,-0.1566,-0.6011,0.6449,-19.9,77.6,38.7,0.043,0.02,0.079,2018,4,24,23,10,8.822
0,-0.4431,-0.1702,-0.6072,0.637,-9.7,79.3,47.2,0.131,0.055,0.072,2018,4,24,23,10,8.846
0,-0.441,-0.1844,-0.6127,0.6292,-8.7,80.7,53.9,0.079,-0.035,0.054,2018,4,24,23,10,8.85
0,-0.4379,-0.1968,-0.6183,0.6221,-15.4,83.2,59.3,0.037,-0.03,0.056,2018,4,24,23,10,8.867
0,-0.4355,-0.2089,-0.6249,0.6132,-28.9,81.9,63.8,0.036,-0.013,0.013,2018,4,24,23,10,8.89
0,-0.4333,-0.221,-0.6317,0.6035,-19.6,81.8,70.2,-0.003,-0.072,-0.015,2018,4,24,23,10,8.907
0,-0.4307,-0.2346,-0.637,0.5945,-7.5,84.7,71.2,-0.042,-0.184,0.004,2018,4,24,23,10,8.931
0,-0.4278,-0.249,-0.6413,0.5861,-11.2,83.6,70.4,-0.077,-0.035,0.025,2018,4,24,23,10,8.966
0,-0.4265,-0.2622,-0.6459,0.5761,-30.9,77.6,72.2,-0.049,0.038,0.006,2018,4,24,23,10,8.989
0,-0.427,-0.2743,-0.6512,0.5641,-37.1,69,81.6,-0.068,0.02,-0.011,2018,4,24,23,10,8.994
0,-0.4294,-0.2863,-0.6546,0.5521,-30.1,57,91.4,-0.112,0.035,0.033,2018,4,24,23,10,9.008
0,-0.4343,-0.2983,-0.6558,0.5405,-32.8,41.4,98.3,-0.18,0.021,0.031,2018,4,24,23,10,9.025
0,-0.4416,-0.3087,-0.6567,0.5275,-49,29.5,104.6,-0.247,0.024,0.019,2018,4,24,23,10,9.047
1023,-0.452,-0.3179,-0.6575,0.512,-65.5,19.5,110.8,-0.356,-0.098,0.082,2018,4,24,23,10,9.083
1023,-0.4648,-0.3273,-0.6576,0.4942,-67.4,10.3,122.6,-0.457,-0.086,0.168,2018,4,24,23,10,9.106
1023,-0.479,-0.3372,-0.6555,0.4764,-56,1.1,132,-0.483,-0.069,0.237,2018,4,24,23,10,9.111
1023,-0.4933,-0.3484,-0.6502,0.4607,-28.4,-10.9,134.9,-0.515,-0.092,0.317,2018,4,24,23,10,9.146
1023,-0.5077,-0.36,-0.6413,0.4484,-12.5,-29.9,132.7,-0.618,-0.119,0.309,2018,4,24,23,10,9.168
1023,-0.5224,-0.3709,-0.6296,0.4393,5.2,-44.4,123.3,-0.595,-0.203,0.169,2018,4,24,23,10,9.173
1023,-0.535,-0.3791,-0.6167,0.4354,19.4,-54,105.2,-0.486,-0.207,0.029,2018,4,24,23,10,9.209
1023,-0.5455,-0.3844,-0.6047,0.4345,20.5,-58.5,83.7,-0.376,-0.165,-0.016,2018,4,24,23,10,9.209
1023,-0.5542,-0.3879,-0.5929,0.4366,34.3,-62,65.4,-0.203,-0.048,0.001,2018,4,24,23,10,9.232
1023,-0.562,-0.3905,-0.5811,0.4402,26.9,-64.6,49.4,-0.131,0.147,-0.002,2018,4,24,23,10,9.268
1023,-0.5703,-0.3916,-0.5703,0.4426,14.6,-63.9,36.8,-0.061,0.251,-0.049,2018,4,24,23,10,9.268
1023,-0.5784,-0.3908,-0.5612,0.4445,2.6,-61.3,28.3,0.015,0.334,-0.072,2018,4,24,23,10,9.29
1023,-0.5864,-0.3883,-0.5537,0.4457,-9.8,-59.4,22.3,0.043,0.286,-0.056,2018,4,24,23,10,9.325
1023,-0.5948,-0.3835,-0.5482,0.4454,-32.5,-55.5,16.1,0.144,0.195,-0.068,2018,4,24,23,10,9.348
1023,-0.6024,-0.3754,-0.5461,0.4446,-42.5,-51.8,13.8,0.217,0.09,-0.068,2018,4,24,23,10,9.353
1023,-0.6091,-0.3667,-0.5449,0.4443,-33.1,-48.5,13.7,0.263,0.045,-0.052,2018,4,24,23,10,9.37
1023,-0.6145,-0.3593,-0.543,0.4453,-18,-46.3,11.8,0.306,0.065,-0.056,2018,4,24,23,10,9.393
1023,-0.6186,-0.3532,-0.5402,0.448,-4.9,-44.2,7.6,0.337,0.083,-0.075,2018,4,24,23,10,9.41
0,-0.6214,-0.3477,-0.5371,0.452,2.3,-42.6,1,0.355,0.098,-0.086,2018,4,24,23,10,9.433
0,-0.6234,-0.3422,-0.5341,0.4569,2.8,-41.6,-5.8,0.35,0.109,-0.086,2018,4,24,23,10,9.451
0,-0.625,-0.3361,-0.5315,0.4623,2.3,-42.6,-11.4,0.312,0.109,-0.087,2018,4,24,23,10,9.474
0,-0.6265,-0.3295,-0.529,0.4679,0.4,-43.8,-14.3,0.277,0.108,-0.095,2018,4,24,23,10,9.492
0,-0.6281,-0.3228,-0.5266,0.4731,-0.9,-44.6,-12.8,0.22,0.104,-0.103,2018,4,24,23,10,9.516
0,-0.63,-0.3165,-0.524,0.4777,-0.9,-45.6,-7.4,0.148,0.088,-0.113,2018,4,24,23,10,9.532
0,-0.6324,-0.3109,-0.521,0.4814,-0.5,-45.9,1.3,0.067,0.065,-0.129,2018,4,24,23,10,9.55
0,-0.6371,-0.3073,-0.516,0.4829,-5.2,-45.3,14,-0.04,0.061,-0.155,2018,4,24,23,10,9.573
0,-0.6434,-0.3043,-0.5108,0.482,-15.3,-43.2,27.8,-0.118,0.047,-0.179,2018,4,24,23,10,9.592
0,-0.6512,-0.3013,-0.5062,0.4782,-30.3,-39.6,40.5,-0.175,0.03,-0.187,2018,4,24,23,10,9.614
0,-0.6602,-0.2978,-0.5026,0.4718,-43.8,-36.2,46.5,-0.098,0,-0.175,2018,4,24,23,10,9.632
0,-0.6698,-0.293,-0.5006,0.4634,-59.3,-31.5,47.5,-0.118,-0.023,-0.192,2018,4,24,23,10,9.655
0,-0.6791,-0.2873,-0.4999,0.454,-63.2,-25.4,44,-0.084,-0.065,-0.183,2018,4,24,23,10,9.674
0,-0.6872,-0.282,-0.4999,0.4452,-53,-20.2,36.5,-0.05,-0.109,-0.155,2018,4,24,23,10,9.696
0,-0.6932,-0.2785,-0.4994,0.4385,-28.7,-14.7,27.9,-0.03,-0.15,-0.141,2018,4,24,23,10,9.733
0,-0.6965,-0.2783,-0.4976,0.4355,7.4,-10.4,18.2,-0.027,-0.186,-0.125,2018,4,24,23,10,9.756
0,-0.6969,-0.2822,-0.4936,0.4368,47.6,-8.4,8.9,-0.033,-0.189,-0.1,2018,4,24,23,10,9.76
1023,-0.6947,-0.2899,-0.4872,0.4424,81.2,-10.4,0.1,-0.014,-0.165,-0.071,2018,4,24,23,10,9.774
1023,-0.6907,-0.2997,-0.4786,0.4515,101,-16.2,-9.3,0.017,-0.118,-0.078,2018,4,24,23,10,9.792
1023,-0.6857,-0.3093,-0.4687,0.4629,101.2,-24.6,-19.5,0.05,-0.038,-0.133,2018,4,24,23,10,9.812
1023,-0.681,-0.3158,-0.4593,0.4747,77.7,-31.1,-29.4,0.025,0.043,-0.211,2018,4,24,23,10,9.851
1023,-0.6778,-0.317,-0.4525,0.485,34.7,-34.6,-36.2,-0.063,0.1,-0.258,2018,4,24,23,10,9.875
1023,-0.6769,-0.3117,-0.4499,0.492,-20.5,-35.8,-39.7,-0.154,0.144,-0.255,2018,4,24,23,10,9.879
1023,-0.6789,-0.2996,-0.4523,0.4946,-76.2,-32.9,-39.2,-0.192,0.134,-0.246,2018,4,24,23,10,9.895
1023,-0.6831,-0.2822,-0.4593,0.4926,-118.2,-26.3,-36.1,-0.131,0.113,-0.218,2018,4,24,23,10,9.916
1023,-0.6882,-0.2619,-0.4696,0.487,-139.2,-16.2,-31.2,-0.011,0.061,-0.18,2018,4,24,23,10,9.935
1023,-0.6917,-0.2412,-0.4826,0.4799,-130.8,-3,-26.1,0.126,0.012,-0.139,2018,4,24,23,10,9.958
1023,-0.6931,-0.2248,-0.4946,0.4735,-91.8,12.8,-20.8,0.22,-0.016,-0.11,2018,4,24,23,10,9.979
1023,-0.692,-0.218,-0.5027,0.4698,-24.5,29.9,-15.2,0.26,-0.055,-0.099,2018,4,24,23,10,10.015
1023,-0.6869,-0.2224,-0.5063,0.4715,59,46.2,-9.2,0.243,-0.046,-0.092,2018,4,24,23,10,10.038
1023,-0.6768,-0.236,-0.5059,0.4797,128.9,58.5,-4.5,0.189,-0.002,-0.073,2018,4,24,23,10,10.043
1023,-0.6631,-0.2572,-0.5015,0.4924,178.4,65.4,-0.2,0.103,0.032,-0.044,2018,4,24,23,10,10.057
1023,-0.6476,-0.2835,-0.4933,0.5067,198.9,65.9,3.2,0.013,0.099,-0.015,2018,4,24,23,10,10.075
1023,-0.6322,-0.3108,-0.4831,0.5198,186.4,61.7,6.6,-0.051,0.163,0.017,2018,4,24,23,10,10.098
1023,-0.6188,-0.3349,-0.4736,0.5295,145.1,52.6,10.7,-0.097,0.208,0.042,2018,4,24,23,10,10.116
0,-0.6093,-0.3527,-0.4672,0.5348,85.7,41.2,14.2,-0.105,0.23,0.06,2018,4,24,23,10,10.139
0,-0.6046,-0.3627,-0.465,0.5352,22.2,29.4,16.5,-0.106,0.219,0.057,2018,4,24,23,10,10.157
0,-0.6047,-0.3656,-0.4671,0.5314,-28.7,19.6,16.3,-0.086,0.167,0.042,2018,4,24,23,10,10.181
0,-0.6076,-0.3628,-0.4722,0.5255,-58.4,12.5,13.3,-0.079,0.104,0.044,2018,4,24,23,10,10.2
0,-0.6114,-0.3564,-0.4788,0.5193,-65.8,7.6,8.8,-0.079,0.033,0.055,2018,4,24,23,10,10.218
0,-0.6148,-0.3491,-0.4852,0.5143,-56,4.6,3.8,-0.073,-0.009,0.068,2018,4,24,23,10,10.241
0,-0.6168,-0.3427,-0.4903,0.5113,-37.8,3.1,-0.3,-0.045,-0.007,0.072,2018,4,24,23,10,10.26
0,-0.6176,-0.338,-0.4938,0.5102,-20,2.9,-3.4,-0.018,0.006,0.064,2018,4,24,23,10,10.283
0,-0.6172,-0.3348,-0.496,0.5107,-6.2,3.1,-4.5,0,0.03,0.05,2018,4,24,23,10,10.298
0,-0.6162,-0.333,-0.4971,0.5119,1.7,3.7,-3.3,0.012,0.052,0.041,2018,4,24,23,10,10.335
0,-0.6151,-0.3322,-0.4976,0.5133,6.2,4,0.2,0.001,0.049,0.044,2018,4,24,23,10,10.357
0,-0.6141,-0.3322,-0.4976,0.5144,9,3.6,5,-0.015,0.04,0.043,2018,4,24,23,10,10.36
0,-0.6136,-0.3329,-0.497,0.5153,9.8,2.5,10.2,-0.031,0.038,0.043,2018,4,24,23,10,10.378
0,-0.6137,-0.3337,-0.4961,0.5155,7.1,0.4,14.6,-0.03,0.037,0.033,2018,4,24,23,10,10.401
0,-0.6144,-0.3342,-0.4952,0.5151,1.5,-2,16.8,-0.015,0.029,0.02,2018,4,24,23,10,10.418
0,-0.6158,-0.3338,-0.4947,0.5143,-5,-4.6,16.3,-0.008,0.018,0.01,2018,4,24,23,10,10.442
0,-0.6175,-0.3324,-0.4946,0.5132,-11.3,-7.2,14.1,0.001,0.006,0.003,2018,4,24,23,10,10.46
1023,-0.6195,-0.3298,-0.495,0.5121,-15.6,-9.5,10.7,0.006,-0.007,-0.013,2018,4,24,23,10,10.484
1023,-0.6213,-0.3265,-0.4958,0.5113,-16.8,-11.3,6.8,0.023,-0.016,-0.026,2018,4,24,23,10,10.5
1023,-0.6228,-0.3226,-0.4967,0.511,-16.3,-12.5,3,0.036,-0.021,-0.041,2018,4,24,23,10,10.523
1023,-0.6239,-0.3185,-0.4978,0.5112,-14.1,-12.9,-0.2,0.034,-0.019,-0.053,2018,4,24,23,10,10.54
1023,-0.6247,-0.3146,-0.4988,0.5117,-11.4,-12.9,-2,0.029,-0.014,-0.064,2018,4,24,23,10,10.577
1023,-0.6251,-0.3109,-0.4997,0.5125,-9.3,-12.5,-2.7,0.03,-0.009,-0.073,2018,4,24,23,10,10.6
1023,-0.6254,-0.3076,-0.5006,0.5134,-8.5,-11.2,-2.5,0.019,-0.004,-0.087,2018,4,24,23,10,10.604
1023,-0.6255,-0.3046,-0.5017,0.5139,-9.4,-9.6,-1.3,-0.014,-0.01,-0.092,2018,4,24,23,10,10.622
1023,-0.6256,-0.3019,-0.5031,0.5139,-10.6,-6.9,0.4,-0.066,-0.02,-0.096,2018,4,24,23,10,10.641
1023,-0.6258,-0.2996,-0.5048,0.5134,-11.2,-4.6,2.9,-0.111,-0.033,-0.086,2018,4,24,23,10,10.665
1023,-0.6259,-0.2977,-0.5067,0.5125,-11.6,-2,4.3,-0.112,-0.035,-0.069,2018,4,24,23,10,10.682
1023,-0.626,-0.296,-0.5087,0.5115,-11.2,0,3.8,-0.08,-0.035,-0.07,2018,4,24,23,10,10.7
1023,-0.6256,-0.2942,-0.5109,0.5108,-9.4,2,0.6,-0.028,-0.032,-0.069,2018,4,24,23,10,10.724
1023,-0.6245,-0.2925,-0.5132,0.5107,-5.2,4.4,-4.8,0,-0.029,-0.073,2018,4,24,23,10,10.742
1023,-0.6224,-0.2911,-0.5156,0.5117,1,7,-10.1,0.017,-0.021,-0.067,2018,4,24,23,10,10.763
0,-0.6195,-0.2902,-0.5179,0.5135,5.6,9.4,-14.5,0.029,0.003,-0.065,2018,4,24,23,10,10.8
0,-0.6159,-0.2897,-0.5202,0.5157,6.7,12.8,-16.6,0.019,0.024,-0.061,2018,4,24,23,10,10.823
0,-0.6121,-0.2895,-0.5229,0.5176,5.2,16.5,-16.6,0.007,0.04,-0.044,2018,4,24,23,10,10.828
0,-0.6082,-0.2895,-0.5259,0.5191,2.4,20,-14.9,0.023,0.05,-0.038,2018,4,24,23,10,10.841
0,-0.6044,-0.2898,-0.5293,0.5199,0.6,23.6,-12.8,0.059,0.048,-0.029,2018,4,24,23,10,10.863
0,-0.6005,-0.2902,-0.533,0.5205,0.4,26.6,-11.7,0.104,0.053,-0.028,2018,4,24,23,10,10.881
0,-0.5963,-0.2909,-0.5369,0.5209,1,29.6,-12.1,0.156,0.071,-0.049,2018,4,24,23,10,10.901
0,-0.5916,-0.2919,-0.5412,0.5213,1,32.9,-13.8,0.21,0.08,-0.053,2018,4,24,23,10,10.938
0,-0.5865,-0.2927,-0.5459,0.5218,-0.3,35.8,-16.3,0.263,0.097,-0.052,2018,4,24,23,10,10.961
0,-0.581,-0.2932,-0.5508,0.5224,-0.9,37.5,-18.3,0.303,0.103,-0.03,2018,4,24,23,10,10.966
0,-0.5754,-0.2937,-0.5556,0.5233,1.8,37.5,-18.7,0.291,0.096,-0.026,2018,4,24,23,10,10.983
0,-0.5696,-0.2948,-0.56,0.5243,7.3,35.9,-16.3,0.215,0.088,-0.045,2018,4,24,23,10,11.007
0,-0.5639,-0.2974,-0.5638,0.5249,11.6,34.8,-7.6,0.045,0.08,-0.099,2018,4,24,23,10,11.044
0,-0.5598,-0.3018,-0.5661,0.5243,13.5,33.4,8.7,-0.149,0.044,-0.122,2018,4,24,23,10,11.044
0,-0.5578,-0.308,-0.5669,0.522,13.1,29.1,29.9,-0.304,0.013,-0.12,2018,4,24,23,10,11.066
0,-0.5583,-0.3155,-0.5662,0.5177,9.2,23.2,51.2,-0.398,-0.017,-0.104,2018,4,24,23,10,11.084
0,-0.5616,-0.3235,-0.5644,0.5112,-3.9,14.5,65.6,-0.414,-0.037,-0.095,2018,4,24,23,10,11.121
0,-0.5676,-0.3292,-0.5631,0.5022,-33.1,5.6,66.4,-0.358,-0.037,-0.116,2018,4,24,23,10,11.144
1023,-0.5753,-0.33,-0.5649,0.4907,-71.3,0.4,53.3,-0.25,-0.035,-0.123,2018,4,24,23,10,11.148
1023,-0.583,-0.3251,-0.5708,0.4779,-98.1,-1.7,32.5,-0.151,-0.048,-0.085,2018,4,24,23,10,11.164
1023,-0.59,-0.3157,-0.5788,0.4658,-105.8,-2.8,11,-0.081,-0.073,-0.019,2018,4,24,23,10,11.187
1023,-0.5949,-0.3042,-0.5871,0.4568,-87.4,-3,-7,-0.029,-0.14,0.005,2018,4,24,23,10,11.206
1023,-0.5964,-0.2939,-0.594,0.4527,-47.1,-0.2,-19.5,0.018,-0.179,-0.011,2018,4,24,23,10,11.228
1023,-0.5954,-0.2895,-0.5971,0.4528,3.4,4.5,-25.8,0.052,-0.163,-0.021,2018,4,24,23,10,11.246
1023,-0.5902,-0.2888,-0.5977,0.4592,48.3,8.2,-27.6,0.068,-0.098,-0.017,2018,4,24,23,10,11.269
1023,-0.5828,-0.2923,-0.5954,0.4693,80.6,10.6,-25.1,0.085,-0.037,-0.002,2018,4,24,23,10,11.287
1023,-0.5747,-0.2991,-0.5905,0.481,95.1,10.7,-19.7,0.089,0.039,-0.005,2018,4,24,23,10,11.311
1023,-0.5671,-0.3074,-0.5846,0.4919,89.9,10.2,-10.8,0.078,0.083,-0.013,2018,4,24,23,10,11.327
1023,-0.5611,-0.3156,-0.579,0.5001,70.3,9.8,0.7,0.077,0.106,-0.016,2018,4,24,23,10,11.344
1023,-0.5577,-0.3223,-0.5747,0.5046,39.2,7.3,9.9,0.152,0.13,-0.027,2018,4,24,23,10,11.365
1023,-0.557,-0.3261,-0.573,0.505,1.4,5.8,13.8,0.235,0.146,-0.064,2018,4,24,23,10,11.403
1023,-0.5581,-0.3264,-0.5748,0.5014,-31.6,8.1,13.8,0.282,0.113,-0.098,2018,4,24,23,10,11.426
1023,-0.5597,-0.3242,-0.5798,0.4952,-50.7,13.9,11.6,0.268,0.062,-0.093,2018,4,24,23,10,11.431
0,-0.5608,-0.3212,-0.5862,0.4884,-47.5,21.2,10.2,0.161,-0.007,-0.058,2018,4,24,23,10,11.45
0,-0.5602,-0.3199,-0.5919,0.4831,-21.4,28.6,11,0.071,-0.076,-0.024,2018,4,24,23,10,11.467
0,-0.5569,-0.3224,-0.5953,0.4809,18.5,36,10.7,0.02,-0.108,-0.01,2018,4,24,23,10,11.488
0,-0.5505,-0.3294,-0.5959,0.4828,56,42.1,5.7,0.025,-0.053,-0.01,2018,4,24,23,10,11.526
0,-0.5414,-0.3391,-0.5948,0.4878,77.2,46.6,-3.8,0.041,0.003,-0.014,2018,4,24,23,10,11.548
0,-0.5304,-0.3494,-0.5932,0.4945,82,49.4,-15.9,0.057,0.048,0,2018,4,24,23,10,11.553
0,-0.5183,-0.3584,-0.5923,0.5019,74.7,50.1,-28.4,0.091,0.084,0.01,2018,4,24,23,10,11.567
0,-0.5058,-0.3652,-0.5927,0.5092,63.6,50.9,-40.1,0.131,0.104,0.03,2018,4,24,23,10,11.604
0,-0.493,-0.3699,-0.5944,0.5163,54.6,52,-50.5,0.137,0.119,0.058,2018,4,24,23,10,11.627
0,-0.4796,-0.3732,-0.5972,0.5233,51.5,53.1,-57.2,0.083,0.117,0.075,2018,4,24,23,10,11.632
0,-0.4653,-0.3764,-0.6003,0.5302,55.9,53.7,-58.5,0.038,0.125,0.067,2018,4,24,23,10,11.648
0,-0.4503,-0.3802,-0.6028,0.5377,65.9,52.9,-56.7,0.001,0.118,0.092,2018,4,24,23,10,11.671
0,-0.4349,-0.3847,-0.6036,0.5461,75.6,48.8,-54.7,0.018,0.14,0.109,2018,4,24,23,10,11.689
0,-0.4196,-0.3892,-0.6033,0.5553,77.5,42.3,-54.4,0.032,0.182,0.103,2018,4,24,23,10,11.713
0,-0.4052,-0.3925,-0.6024,0.5645,70.8,33.9,-55,0.036,0.205,0.066,2018,4,24,23,10,11.731
0,-0.3922,-0.3941,-0.6018,0.5731,59.9,25,-55.9,-0.004,0.187,0.05,2018,4,24,23,10,11.753
0,-0.3806,-0.394,-0.6014,0.5814,53.9,14.5,-55.7,-0.088,0.132,0.057,2018,4,24,23,10,11.773
0,-0.3706,-0.3924,-0.5998,0.5906,57.5,0.9,-57.6,-0.2,0.004,0.07,2018,4,24,23,10,11.789
0,-0.3611,-0.3889,-0.5967,0.6018,67.5,-16,-62.3,-0.326,-0.125,0.038,2018,4,24,23,10,11.806
1023,-0.3513,-0.3845,-0.5895,0.6172,115.3,-38.8,-60.5,-0.435,-0.254,0.123,2018,4,24,23,10,11.829
1023,-0.3403,-0.3817,-0.5731,0.6401,177.9,-65.6,-54.8,-0.464,-0.129,0.304,2018,4,24,23,10,11.866
1023,-0.3308,-0.3766,-0.5537,0.6649,128.9,-92.8,-58.8,-0.46,0.166,0.33,2018,4,24,23,10,11.888
1023,-0.3292,-0.3631,-0.542,0.6825,39.3,-117,-54.1,-0.39,0.053,0.245,2018,4,24,23,10,11.893
1023,-0.3338,-0.3438,-0.5371,0.6941,-15.9,-126.9,-53.7,-0.278,0.052,0.098,2018,4,24,23,10,11.91
1023,-0.3419,-0.321,-0.5371,0.701,-58.2,-128.9,-56.9,-0.217,0.038,0.018,2018,4,24,23,10,11.933
1023,-0.3506,-0.2959,-0.5411,0.7046,-76.5,-126.2,-61.5,-0.21,-0.023,-0.016,2018,4,24,23,10,11.951
1023,-0.3581,-0.2703,-0.5459,0.7074,-67.8,-120.8,-65.2,-0.2,-0.091,-0.05,2018,4,24,23,10,11.972
1023,-0.3634,-0.2461,-0.549,0.7112,-42.5,-112.3,-66.8,-0.176,-0.106,-0.088,2018,4,24,23,10,12.01
1023,-0.3664,-0.2248,-0.5481,0.7174,-11.7,-100.8,-66.2,-0.147,-0.11,-0.111,2018,4,24,23,10,12.033
1023,-0.3671,-0.2065,-0.5446,0.7251,7.4,-90.2,-66.2,-0.167,-0.112,-0.108,2018,4,24,23,10,12.038
1023,-0.3664,-0.1901,-0.54,0.7334,11.9,-81.3,-66.5,-0.175,-0.046,-0.101,2018,4,24,23,10,12.054
1023,-0.3647,-0.1746,-0.5356,0.7413,14.3,-74.5,-65.6,-0.181,-0.012,-0.118,2018,4,24,23,10,12.076
1023,-0.3626,-0.1608,-0.5305,0.749,22.1,-67.2,-59.5,-0.167,0.01,-0.161,2018,4,24,23,10,12.093
1023,-0.3606,-0.1492,-0.5246,0.7565,28.6,-57.8,-48,-0.151,0.025,-0.194,2018,4,24,23,10,12.111
1023,-0.3593,-0.1403,-0.5186,0.763,27.9,-47.9,-33.4,-0.126,0.053,-0.172,2018,4,24,23,10,12.134
1023,-0.359,-0.1338,-0.5129,0.7681,25.3,-39.4,-21.9,-0.093,0.069,-0.139,2018,4,24,23,10,12.152
1023,-0.3592,-0.1289,-0.5079,0.7722,21.8,-32.3,-15.5,-0.031,0.107,-0.107,2018,4,24,23,10,12.175
0,-0.3593,-0.1254,-0.5039,0.7753,21.9,-24.8,-12.2,0.04,0.128,-0.095,2018,4,24,23,10,12.193
0,-0.359,-0.1227,-0.4994,0.7787,27.2,-18,-9.9,0.091,0.148,-0.066,2018,4,24,23,10,12.215
0,-0.3583,-0.1212,-0.4936,0.783,39.7,-13.7,-8,0.127,0.153,-0.023,2018,4,24,23,10,12.233
0,-0.3573,-0.1214,-0.4858,0.7883,58,-12.5,-6.8,0.145,0.153,0.008,2018,4,24,23,10,12.256
0,-0.3561,-0.1231,-0.4759,0.7946,72.1,-14.5,-6.2,0.162,0.133,0.038,2018,4,24,23,10,12.274
0,-0.355,-0.1245,-0.4653,0.8011,63.8,-20.9,-8.4,0.161,0.146,0.126,2018,4,24,23,10,12.298
0,-0.3547,-0.1234,-0.4562,0.8067,46.2,-32.1,-10,0.136,0.084,0.25,2018,4,24,23,10,12.315
0,-0.3553,-0.1195,-0.4486,0.8112,31,-43.5,-11.6,0.132,0.034,0.304,2018,4,24,23,10,12.34
0,-0.357,-0.1131,-0.4425,0.8147,15.6,-53.7,-11,0.128,0.048,0.278,2018,4,24,23,10,12.355
0,-0.36,-0.1045,-0.4384,0.8168,-5.4,-59.8,-7.6,0.1,0.097,0.206,2018,4,24,23,10,12.39
0,-0.3641,-0.0943,-0.437,0.8169,-25.1,-61.4,-4.5,0.096,0.107,0.126,2018,4,24,23,10,12.413
0,-0.3688,-0.0833,-0.4374,0.8158,-34.8,-59,-2.2,0.074,0.096,0.062,2018,4,24,23,10,12.419
0,-0.3733,-0.0722,-0.4383,0.8143,-34.5,-54.5,-0.6,0.06,0.044,0.043,2018,4,24,23,10,12.436
0,-0.3775,-0.0618,-0.4391,0.8128,-34.3,-51.2,0.5,0.006,0.042,0.018,2018,4,24,23,10,12.454
0,-0.3814,-0.052,-0.4408,0.8108,-31.2,-44.6,0.1,0.039,-0.026,-0.015,2018,4,24,23,10,12.475
0,-0.3841,-0.0438,-0.4419,0.8094,-18.4,-36.4,-1.2,0.034,-0.04,-0.018,2018,4,24,23,10,12.514
1023,-0.3861,-0.0376,-0.4417,0.8089,-5.7,-29.5,-2.2,0.024,-0.012,-0.033,2018,4,24,23,10,12.535
1023,-0.3876,-0.0332,-0.4402,0.8092,5.9,-24,-1.5,0.007,0.007,-0.035,2018,4,24,23,10,12.54
1023,-0.3889,-0.0304,-0.437,0.8104,17.9,-20.4,-0.1,-0.016,0.047,-0.047,2018,4,24,23,10,12.558
1023,-0.3903,-0.0291,-0.4327,0.812,24.3,-17.3,2.9,0.005,0.06,-0.058,2018,4,24,23,10,12.574
1023,-0.3918,-0.0285,-0.4284,0.8136,20.9,-14.6,5.3,0.016,0.045,-0.046,2018,4,24,23,10,12.594
1023,-0.3933,-0.0275,-0.425,0.8147,14.1,-13.1,5.2,0.033,0,0.007,2018,4,24,23,10,12.633
1023,-0.3945,-0.0261,-0.4223,0.8156,10.5,-12.5,3.2,0.015,-0.016,0.03,2018,4,24,23,10,12.656
1023,-0.3953,-0.0241,-0.4201,0.8164,4.8,-11.5,0.7,0.05,-0.009,0.019,2018,4,24,23,10,12.66
1023,-0.3956,-0.0216,-0.4192,0.8168,-2.1,-8.4,-1.8,0.085,-0.01,-0.011,2018,4,24,23,10,12.68
1023,-0.3952,-0.0194,-0.419,0.8171,-0.7,-3.2,-2.7,0.086,-0.008,-0.001,2018,4,24,23,10,12.699
1023,-0.3945,-0.018,-0.4184,0.8178,5.6,0,-3.4,0.076,0,0.027,2018,4,24,23,10,12.716
1023,-0.3934,-0.0178,-0.4165,0.8193,14.9,3.2,-4.2,0.063,0.008,0.045,2018,4,24,23,10,12.739
1023,-0.3922,-0.0184,-0.414,0.8211,16.9,4.3,-4.5,0.089,0,0.034,2018,4,24,23,10,12.757
1023,-0.3909,-0.0191,-0.4116,0.823,15.6,4.8,-4.8,0.073,0.025,0.029,2018,4,24,23,10,12.78
1023,-0.3896,-0.0198,-0.4095,0.8246,11.6,4.6,-4.8,0.049,0.036,0.042,2018,4,24,23,10,12.798
1023,-0.3886,-0.0204,-0.4078,0.8259,8.7,4,-4,0.051,0.049,0.042,2018,4,24,23,10,12.841
1023,-0.3877,-0.0206,-0.4065,0.827,5.6,2.9,-3.3,0.03,0.046,0.023,2018,4,24,23,10,12.844
1023,-0.387,-0.0206,-0.4056,0.8277,3.3,2.1,-2.5,0.032,0.046,0.02,2018,4,24,23,10,12.861
1023,-0.3865,-0.0205,-0.405,0.8283,1.6,2.1,-0.9,0.027,0.046,0.016,2018,4,24,23,10,12.88
0,-0.3862,-0.0206,-0.4046,0.8286,0.7,2.4,0.4,0.011,0.035,0.009,2018,4,24,23,10,12.898
0,-0.3861,-0.0208,-0.4046,0.8286,-0.6,2.5,1.3,-0.003,0.031,-0.007,2018,4,24,23,10,12.92
0,-0.3861,-0.0211,-0.4049,0.8284,-2.3,3.5,1.8,-0.012,0.021,-0.008,2018,4,24,23,10,12.937
0,-0.3861,-0.0215,-0.4056,0.8281,-2.8,4,1.5,-0.019,0.014,-0.009,2018,4,24,23,10,12.957
0,-0.3859,-0.0219,-0.4064,0.8278,-3.4,4.1,0.8,-0.017,0.005,-0.015,2018,4,24,23,10,12.993
0,-0.3856,-0.0221,-0.4074,0.8274,-3.5,4,0.4,-0.012,-0.002,-0.02,2018,4,24,23,10,13.016
0,-0.3853,-0.0223,-0.4083,0.8272,-2.7,4.2,0.1,-0.012,0,-0.016,2018,4,24,23,10,13.018
0,-0.3849,-0.0225,-0.4091,0.827,-1.8,4,0,-0.009,-0.003,-0.014,2018,4,24,23,10,13.056
0,-0.3845,-0.0228,-0.4097,0.8268,-1.3,3.5,-0.1,-0.009,0,-0.013,2018,4,24,23,10,13.076
0,-0.3841,-0.023,-0.4102,0.8267,-0.7,3,0.1,-0.004,0.007,-0.014,2018,4,24,23,10,13.082
0,-0.3839,-0.0232,-0.4105,0.8267,-0.1,2.8,0.2,-0.004,0.01,-0.014,2018,4,24,23,10,13.119
0,-0.3836,-0.0234,-0.4106,0.8267,0.6,2.3,0.1,-0.007,0.015,-0.002,2018,4,24,23,10,13.119
0,-0.3835,-0.0236,-0.4106,0.8268,0.9,1.7,0,-0.013,0.023,0,2018,4,24,23,10,13.142
1023,-0.3834,-0.0238,-0.4105,0.8269,0.4,0.5,-0.1,-0.015,0.029,-0.002,2018,4,24,23,10,13.16
1023,-0.3834,-0.0238,-0.4104,0.827,-0.5,-0.4,0,-0.018,0.033,-0.008,2018,4,24,23,10,13.179
1023,-0.3835,-0.0237,-0.4104,0.8269,-2.1,-1,0,-0.018,0.035,-0.002,2018,4,24,23,10,13.199
1023,-0.3837,-0.0233,-0.4106,0.8267,-3.5,-1.5,0,-0.021,0.027,-0.002,2018,4,24,23,10,13.222
1023,-0.3838,-0.0228,-0.4111,0.8265,-4.9,-2,0,-0.018,0.021,-0.004,2018,4,24,23,10,13.259
1023,-0.384,-0.022,-0.4117,0.8261,-5.3,-2.4,0,-0.016,0.01,-0.01,2018,4,24,23,10,13.281
1023,-0.3841,-0.0213,-0.4124,0.8257,-6.1,-2.3,-0.5,-0.016,0.009,-0.005,2018,4,24,23,10,13.284
1023,-0.3842,-0.0204,-0.4133,0.8252,-7.7,-2.1,-1.2,-0.02,0.002,-0.006,2018,4,24,23,10,13.32
1023,-0.384,-0.0193,-0.4145,0.8247,-8.2,-2.1,-2.2,-0.02,-0.008,-0.006,2018,4,24,23,10,13.341
1023,-0.3837,-0.0182,-0.4157,0.8243,-7.4,-2.4,-3.5,-0.021,-0.013,0.001,2018,4,24,23,10,13.343
1023,-0.3833,-0.017,-0.4166,0.8241,-6.5,-2.5,-4.5,-0.017,-0.007,-0.004,2018,4,24,23,10,13.379
0,-0.3827,-0.0157,-0.4176,0.8239,-6.8,-2.2,-5.9,-0.019,-0.005,-0.011,2018,4,24,23,10,13.399
0,-0.3818,-0.0145,-0.4185,0.8239,-5.1,-1.6,-7.2,-0.016,-0.001,0,2018,4,24,23,10,13.404
0,-0.3807,-0.0135,-0.4188,0.8242,-1,-0.9,-8.6,-0.012,0.019,0.009,2018,4,24,23,10,13.42
0,-0.3795,-0.0128,-0.4184,0.825,2.6,-0.4,-10.1,-0.01,0.042,0.033,2018,4,24,23,10,13.441
0,-0.3781,-0.0122,-0.4175,0.8261,1.8,-0.1,-10.8,-0.007,0.063,0.031,2018,4,24,23,10,13.481
0,-0.3767,-0.0115,-0.4172,0.8269,-4.4,0.7,-11.1,0.001,0.08,0.016,2018,4,24,23,10,13.504
0,-0.375,-0.0104,-0.418,0.8273,-12.1,2.3,-12.2,0.01,0.085,0.024,2018,4,24,23,10,13.508
0,-0.3731,-0.0089,-0.4199,0.8272,-19.7,3,-13.2,0.018,0.07,0.034,2018,4,24,23,10,13.527
0,-0.371,-0.0068,-0.4228,0.8267,-24.8,3.6,-13.8,0.035,0.081,0.016,2018,4,24,23,10,13.563
0,-0.3688,-0.0043,-0.4265,0.8258,-31.3,4.8,-13,0.047,0.093,-0.004,2018,4,24,23,10,13.586
0,-0.3667,-0.0018,-0.4311,0.8243,-36,5.9,-11.2,0.055,0.107,-0.004,2018,4,24,23,10,13.588
0,-0.3648,0.0008,-0.4363,0.8224,-41.2,6.5,-8.1,0.071,0.11,0,2018,4,24,23,10,13.607
0,-0.3634,0.0034,-0.442,0.82,-44.6,6.7,-3.7,0.088,0.117,0.019,2018,4,24,23,10,13.623
0,-0.3627,0.0056,-0.4491,0.8164,-50.8,6.4,1.3,0.105,0.117,0.02,2018,4,24,23,10,13.641
0,-0.3628,0.0078,-0.4572,0.8119,-56.2,6.4,6.9,0.123,0.112,0.017,2018,4,24,23,10,13.665
0,-0.3635,0.0097,-0.466,0.8065,-60.1,7.5,12.7,0.148,0.059,0.03,2018,4,24,23,10,13.682
0,-0.365,0.0111,-0.475,0.8006,-59.5,7.9,19.5,0.18,0.05,0.044,2018,4,24,23,10,13.705
0,-0.3673,0.0117,-0.4835,0.7943,-57.3,9,24.2,0.161,0.058,0.052,2018,4,24,23,10,13.724
0,-0.3697,0.0121,-0.4935,0.7871,-78.1,14.3,27.9,0.103,0.074,0.033,2018,4,24,23,10,13.748
0,-0.3723,0.0128,-0.5052,0.7784,-82.3,16.1,30.4,0.047,0.063,0.055,2018,4,24,23,10,13.765
0,-0.3745,0.0142,-0.5182,0.7687,-92.5,19.2,30.7,0.105,-0.008,-0.036,2018,4,24,23,10,13.788
0,-0.3756,0.0146,-0.5325,0.7583,-88.5,30.2,30.2,0.075,-0.079,-0.053,2018,4,24,23,10,13.824
1023,-0.3754,0.0132,-0.5464,0.7485,-78.2,39.8,28.3,-0.049,-0.051,-0.036,2018,4,24,23,10,13.824
1023,-0.3744,0.0099,-0.5587,0.7399,-58.4,46.6,28.6,0.045,-0.067,-0.073,2018,4,24,23,10,13.846
1023,-0.3722,0.0041,-0.5694,0.7329,-48.4,59.8,27.1,0.024,-0.02,-0.158,2018,4,24,23,10,13.865
1023,-0.3686,-0.004,-0.5803,0.7261,-52.8,78.1,26.8,0,0.01,-0.183,2018,4,24,23,10,13.885
1023,-0.3636,-0.0144,-0.5928,0.7183,-50.7,88.9,31.5,-0.034,-0.026,-0.008,2018,4,24,23,10,13.904
1023,-0.3588,-0.0268,-0.6038,0.7112,-41.5,91.9,35.4,-0.066,0.063,0.003,2018,4,24,23,10,13.925
1023,-0.3535,-0.0395,-0.615,0.7036,-42.5,96.2,40.9,0.029,0.011,-0.122,2018,4,24,23,10,13.963
1023,-0.3478,-0.054,-0.627,0.6948,-40.5,105.9,49.1,-0.002,-0.066,-0.022,2018,4,24,23,10,13.985
1023,-0.3429,-0.071,-0.6359,0.6876,-18.2,106.1,56.8,-0.084,-0.087,0.134,2018,4,24,23,10,13.99
1023,-0.3385,-0.0888,-0.6422,0.6818,-11.2,102.8,58.7,0.012,-0.126,0.031,2018,4,24,23,10,14.007
1023,-0.3335,-0.1064,-0.6488,0.6755,-12.3,104.5,60.4,0.026,-0.123,0.01,2018,4,24,23,10,14.03
1023,-0.3287,-0.1238,-0.6552,0.6687,-18.5,101.2,57.9,-0.059,-0.263,0.113,2018,4,24,23,10,14.049
1023,-0.3241,-0.1399,-0.6612,0.6619,-14,94.8,58.1,-0.059,-0.232,0.072,2018,4,24,23,10,14.072
1023,-0.3207,-0.1567,-0.6661,0.6548,-13.6,88.6,66,-0.018,0.045,0.009,2018,4,24,23,10,14.091
1023,-0.3205,-0.1735,-0.6711,0.6455,-35.6,76.5,78.3,-0.08,0.145,0.069,2018,4,24,23,10,14.109
1023,-0.3233,-0.1886,-0.6771,0.6335,-53.5,60.4,88.1,-0.093,0.134,0.106,2018,4,24,23,10,14.132
0,-0.3291,-0.2015,-0.6837,0.6192,-64.8,44.6,91.3,-0.175,-0.066,0.125,2018,4,24,23,10,14.148
0,-0.3369,-0.2132,-0.6886,0.6056,-46.2,25.1,96.2,-0.214,-0.214,0.206,2018,4,24,23,10,14.166
0,-0.3471,-0.2246,-0.6893,0.5947,-33.6,2.9,104.1,-0.339,-0.093,0.198,2018,4,24,23,10,14.189
0,-0.3611,-0.234,-0.6886,0.5835,-51.5,-21.6,111.8,-0.471,-0.032,0.203,2018,4,24,23,10,14.207
0,-0.3797,-0.2398,-0.6888,0.5689,-90.6,-44.5,117.5,-0.646,-0.012,0.251,2018,4,24,23,10,14.23
0,-0.4026,-0.241,-0.6916,0.5489,-141.9,-59.4,120.2,-0.825,0.052,0.176,2018,4,24,23,10,14.248
0,-0.4292,-0.2368,-0.6969,0.5232,-172.3,-82,119,-0.889,-0.017,-0.026,2018,4,24,23,10,14.268
0,-0.4567,-0.2314,-0.699,0.4991,-125.5,-95,111.5,-0.737,-0.137,-0.132,2018,4,24,23,10,14.306
0,-0.48,-0.2289,-0.6953,0.4833,-58.5,-87.8,88.8,-0.51,-0.136,-0.088,2018,4,24,23,10,14.329
0,-0.4991,-0.2299,-0.6859,0.4769,17.3,-90.6,75.6,-0.434,-0.008,-0.032,2018,4,24,23,10,14.333
0,-0.5135,-0.2369,-0.6703,0.4803,93.7,-85.9,68.2,-0.237,0.06,-0.041,2018,4,24,23,10,14.352
0,-0.5236,-0.2481,-0.6499,0.4917,134,-80.7,60.1,-0.086,0.262,-0.061,2018,4,24,23,10,14.375
0,-0.5313,-0.26,-0.6285,0.5049,130.6,-76.5,53.1,0.051,0.259,-0.058,2018,4,24,23,10,14.391
0,-0.5383,-0.2695,-0.6088,0.5165,97.9,-74.8,44.9,0.119,0.266,-0.038,2018,4,24,23,10,14.428
0,-0.547,-0.2732,-0.5937,0.523,34,-77.9,38.8,0.218,0.253,-0.021,2018,4,24,23,10,14.451
0,-0.5586,-0.2693,-0.5844,0.5232,-33.1,-82.4,32.3,0.276,0.206,-0.034,2018,4,24,23,10,14.456
0,-0.573,-0.2586,-0.5802,0.5176,-86.4,-86,25.7,0.341,0.154,-0.073,2018,4,24,23,10,14.469
1023,-0.5882,-0.2428,-0.5798,0.5086,-114.3,-87.2,20.7,0.379,0.116,-0.118,2018,4,24,23,10,14.492
1023,-0.6032,-0.2244,-0.5812,0.4979,-123.9,-86,17.7,0.393,0.077,-0.155,2018,4,24,23,10,14.529
1023,-0.6178,-0.2057,-0.582,0.4869,-118.1,-83.2,15.8,0.422,0.043,-0.182,2018,4,24,23,10,14.552
1023,-0.6311,-0.1883,-0.582,0.4767,-103.5,-78.4,14.5,0.446,0.023,-0.204,2018,4,24,23,10,14.556
1023,-0.6429,-0.173,-0.5811,0.4678,-88,-71.8,13.8,0.459,0.033,-0.223,2018,4,24,23,10,14.575
1023,-0.6533,-0.1597,-0.5797,0.4599,-77.5,-63.1,14.3,0.45,0.053,-0.235,2018,4,24,23,10,14.593
1023,-0.6623,-0.1479,-0.5787,0.4521,-74.4,-52.4,16.2,0.426,0.062,-0.23,2018,4,24,23,10,14.616
1023,-0.6702,-0.1375,-0.5787,0.4436,-75,-40.1,19.4,0.393,0.051,-0.221,2018,4,24,23,10,14.63
1023,-0.677,-0.1283,-0.58,0.4343,-74.1,-27,23.3,0.345,0.027,-0.192,2018,4,24,23,10,14.669
1023,-0.6826,-0.1207,-0.5825,0.4244,-70.3,-14.7,26.6,0.286,-0.002,-0.161,2018,4,24,23,10,14.693
1023,-0.6868,-0.115,-0.5858,0.4144,-62.9,-2.6,28.8,0.233,-0.019,-0.138,2018,4,24,23,10,14.697
1023,-0.6897,-0.1114,-0.5897,0.405,-50,9.2,29.6,0.141,-0.04,-0.128,2018,4,24,23,10,14.713
1023,-0.691,-0.1106,-0.594,0.3967,-33.7,21.8,31.3,-0.005,-0.072,-0.132,2018,4,24,23,10,14.75
1023,-0.6907,-0.1133,-0.5983,0.3898,-11.4,34,34.4,-0.139,-0.115,-0.098,2018,4,24,23,10,14.772
1023,-0.6884,-0.1197,-0.6028,0.3851,16.4,42.8,37.1,-0.224,-0.16,-0.03,2018,4,24,23,10,14.777
1023,-0.6848,-0.1299,-0.6059,0.3832,45.1,47.9,37,-0.238,-0.187,0.023,2018,4,24,23,10,14.793
1023,-0.6801,-0.1431,-0.6073,0.3846,69.8,49.3,31,-0.191,-0.19,0.046,2018,4,24,23,10,14.816
1023,-0.6741,-0.1576,-0.6073,0.3895,88.7,48.3,18.5,-0.1,-0.164,0.059,2018,4,24,23,10,14.834
0,-0.667,-0.172,-0.6057,0.398,100,43.5,0.8,-0.007,-0.112,0.078,2018,4,24,23,10,14.857
0,-0.6591,-0.1847,-0.6032,0.4092,101.4,35.9,-17.6,0.001,-0.059,0.085,2018,4,24,23,10,14.875
0,-0.6508,-0.1951,-0.6002,0.4218,93.8,27,-32.3,-0.088,-0.028,0.052,2018,4,24,23,10,14.898
0,-0.6427,-0.2028,-0.5975,0.4343,81.4,18.8,-39.5,-0.217,-0.02,0.029,2018,4,24,23,10,14.915
0,-0.6355,-0.2081,-0.5949,0.4458,67.1,9.1,-40.7,-0.253,-0.017,0.028,2018,4,24,23,10,14.934
0,-0.6299,-0.2111,-0.5922,0.4558,49.5,-1.2,-38.9,-0.21,0.005,0.029,2018,4,24,23,10,14.957
0,-0.6261,-0.2114,-0.5897,0.4641,31,-11.2,-37.8,-0.132,0.023,0.005,2018,4,24,23,10,14.975
0,-0.6239,-0.2087,-0.5878,0.4707,11.8,-20.6,-40.2,-0.051,0.038,-0.041,2018,4,24,23,10,14.993
0,-0.6226,-0.2032,-0.5867,0.4762,-2.1,-28.2,-44.4,-0.001,0.045,-0.083,2018,4,24,23,10,15.015
0,-0.6218,-0.1956,-0.5861,0.4811,-10.3,-34.3,-48.2,0.022,0.053,-0.117,2018,4,24,23,10,15.051
0,-0.6215,-0.1866,-0.5852,0.486,-10.9,-39.6,-49.2,0.017,0.055,-0.128,2018,4,24,23,10,15.074
0,-0.622,-0.1772,-0.5829,0.4918,-5.4,-44.9,-47.2,0.024,0.056,-0.133,2018,4,24,23,10,15.078
0,-0.6229,-0.1683,-0.5795,0.4976,-1.5,-51.2,-42.5,0.039,0.089,-0.127,2018,4,24,23,10,15.097
0,-0.6251,-0.1591,-0.575,0.5031,-7.1,-57.9,-36.8,0.032,0.134,-0.141,2018,4,24,23,10,15.12
0,-0.6287,-0.1487,-0.5706,0.5069,-25.3,-62.6,-29.8,-0.033,0.185,-0.194,2018,4,24,23,10,15.137
0,-0.6337,-0.1361,-0.5679,0.5072,-56.3,-62.4,-21.4,-0.11,0.216,-0.23,2018,4,24,23,10,15.172
1023,-0.6399,-0.1209,-0.5682,0.503,-90.3,-56.6,-10.8,-0.183,0.195,-0.243,2018,4,24,23,10,15.196
1023,-0.6466,-0.1044,-0.5714,0.4942,-112,-46.7,1.3,-0.233,0.141,-0.215,2018,4,24,23,10,15.2
1023,-0.6532,-0.0886,-0.5767,0.4824,-117,-33.3,13,-0.202,0.083,-0.166,2018,4,24,23,10,15.219
1023,-0.6589,-0.0755,-0.5827,0.4695,-102.6,-18.3,20.4,-0.078,0.044,-0.104,2018,4,24,23,10,15.235
1023,-0.6625,-0.067,-0.5889,0.4579,-71.2,-1.8,21.3,0.051,0.031,-0.043,2018,4,24,23,10,15.258
1023,-0.6637,-0.0638,-0.5932,0.451,-20.9,14.8,16.8,0.147,0.006,-0.003,2018,4,24,23,10,15.276
1023,-0.6621,-0.0675,-0.5944,0.4512,44.4,29.3,9.9,0.186,-0.004,-0.005,2018,4,24,23,10,15.299
1023,-0.6579,-0.0792,-0.5919,0.4587,106.5,39.3,4.7,0.171,0.026,-0.024,2018,4,24,23,10,15.318
1023,-0.6517,-0.0978,-0.5859,0.4715,153.5,44.6,3.5,0.137,0.06,-0.042,2018,4,24,23,10,15.341
1023,-0.6442,-0.1213,-0.577,0.487,176.9,45.5,6.2,0.091,0.116,-0.054,2018,4,24,23,10,15.358
1023,-0.6367,-0.1463,-0.5664,0.5022,171.1,42.6,13.1,0.026,0.184,-0.041,2018,4,24,23,10,15.381
1023,-0.6302,-0.1687,-0.5565,0.5143,136.5,35.9,23,-0.04,0.227,0,2018,4,24,23,10,15.399
1023,-0.6265,-0.1862,-0.5493,0.5205,79.7,26.2,34.5,-0.085,0.233,0.027,2018,4,24,23,10,15.422
1023,-0.6267,-0.1968,-0.5461,0.5197,13.2,15.4,45.2,-0.102,0.22,0.035,2018,4,24,23,10,15.44
1023,-0.6309,-0.2003,-0.5472,0.5121,-46.3,5.2,53.3,-0.088,0.15,0.015,2018,4,24,23,10,15.456
1023,-0.6385,-0.1985,-0.5514,0.4987,-90.1,-3.1,56.6,-0.065,0.082,-0.003,2018,4,24,23,10,15.479
1023,-0.6475,-0.1921,-0.5577,0.4822,-113.2,-8.5,55.2,-0.033,0.004,-0.02,2018,4,24,23,10,15.497
1023,-0.6564,-0.1829,-0.5648,0.4652,-116.3,-11.2,49.4,-0.012,-0.07,-0.022,2018,4,24,23,10,15.52
1023,-0.6641,-0.1731,-0.5714,0.4498,-103.4,-11,40.7,0.007,-0.111,-0.016,2018,4,24,23,10,15.539
0,-0.67,-0.1643,-0.5768,0.4373,-78.4,-8.7,30.6,0.008,-0.141,-0.024,2018,4,24,23,10,15.563
0,-0.6742,-0.1589,-0.5801,0.4283,-46.8,-4.6,21.3,-0.002,-0.155,-0.027,2018,4,24,23,10,15.579
0,-0.6766,-0.1569,-0.5815,0.4233,-15.4,-0.7,13.3,-0.004,-0.158,-0.027,2018,4,24,23,10,15.602
0,-0.6769,-0.1571,-0.582,0.4222,6.9,2.9,7.5,-0.013,-0.12,-0.026,2018,4,24,23,10,15.62
0,-0.676,-0.1589,-0.5818,0.4232,18,5.1,3.5,-0.014,-0.088,-0.013,2018,4,24,23,10,15.643
0,-0.6747,-0.1613,-0.5812,0.4251,19.5,5.6,0.8,-0.013,-0.062,-0.001,2018,4,24,23,10,15.662
0,-0.6734,-0.1634,-0.5807,0.427,15.9,5.3,-0.9,-0.01,-0.052,0.003,2018,4,24,23,10,15.683
0,-0.6723,-0.1648,-0.5805,0.4287,10.3,4.2,-2.3,0,-0.045,0.002,2018,4,24,23,10,15.701
0,-0.6713,-0.1652,-0.5805,0.4299,4.9,2.6,-3.5,0.001,-0.044,0.011,2018,4,24,23,10,15.72
0,-0.6705,-0.1649,-0.5808,0.4309,0.7,1.2,-5.3,0.001,-0.047,0.002,2018,4,24,23,10,15.743
0,-0.6698,-0.1639,-0.5812,0.4318,-1.1,0.2,-7.4,0.002,-0.041,-0.003,2018,4,24,23,10,15.763
0,-0.669,-0.1625,-0.5817,0.4329,-1.2,-0.4,-10.2,0.001,-0.044,-0.004,2018,4,24,23,10,15.783
0,-0.668,-0.1609,-0.5822,0.4345,0.7,-0.1,-13.2,-0.005,-0.038,-0.006,2018,4,24,23,10,15.819
0,-0.6666,-0.1594,-0.5826,0.4365,3.9,0.3,-15.8,-0.022,-0.032,-0.007,2018,4,24,23,10,15.842
0,-0.6649,-0.1583,-0.5828,0.4392,8.4,0.4,-17.9,-0.035,-0.025,-0.007,2018,4,24,23,10,15.847
1023,-0.663,-0.1576,-0.5828,0.4425,12.4,0.6,-19.7,-0.035,-0.012,-0.007,2018,4,24,23,10,15.863
1023,-0.6609,-0.1572,-0.5825,0.4462,14.9,0.4,-21.6,-0.039,0.007,-0.01,2018,4,24,23,10,15.886
1023,-0.6586,-0.1569,-0.582,0.4502,15.5,0,-22.9,-0.041,0.018,-0.008,2018,4,24,23,10,15.904
1023,-0.6563,-0.1566,-0.5816,0.4542,14.5,-0.2,-23.9,-0.048,0.029,-0.012,2018,4,24,23,10,15.926
1023,-0.6541,-0.156,-0.5813,0.458,12,-0.2,-24.7,-0.046,0.042,-0.015,2018,4,24,23,10,15.943
1023,-0.6519,-0.1551,-0.5812,0.4616,9.3,0.2,-25.2,-0.037,0.055,-0.024,2018,4,24,23,10,15.96
1023,-0.6495,-0.154,-0.5814,0.465,7.7,1.4,-25.9,-0.016,0.058,-0.03,2018,4,24,23,10,15.982
1023,-0.647,-0.1529,-0.5818,0.4683,7.5,3,-26.4,0.003,0.064,-0.029,2018,4,24,23,10,16.02
1023,-0.6443,-0.1519,-0.5825,0.4716,8.8,5.4,-27,0.026,0.074,-0.047,2018,4,24,23,10,16.043
1023,-0.6411,-0.1514,-0.5833,0.475,10.6,8.5,-27,0.04,0.081,-0.059,2018,4,24,23,10,16.047
1023,-0.6375,-0.1514,-0.5845,0.4785,12.1,12.4,-26.3,0.053,0.094,-0.066,2018,4,24,23,10,16.064
1023,-0.6336,-0.152,-0.5859,0.4817,12.8,16.5,-24.7,0.061,0.107,-0.071,2018,4,24,23,10,16.087
1023,-0.6294,-0.1534,-0.5878,0.4844,12,20.2,-21.9,0.06,0.117,-0.075,2018,4,24,23,10,16.103
1023,-0.6252,-0.1551,-0.5902,0.4864,7.8,23.7,-18.3,0.055,0.129,-0.085,2018,4,24,23,10,16.126
0,-0.6211,-0.157,-0.5933,0.4872,1.5,26.4,-15.2,0.077,0.138,-0.099,2018,4,24,23,10,16.144
0,-0.6171,-0.1587,-0.5972,0.4869,-5.2,29.3,-12.7,0.1,0.14,-0.104,2018,4,24,23,10,16.168
0,-0.6131,-0.1601,-0.6019,0.4858,-8.4,31.6,-10.7,0.122,0.13,-0.105,2018,4,24,23,10,16.186
0,-0.6089,-0.1618,-0.6067,0.4845,-3.7,33,-7.8,0.117,0.104,-0.107,2018,4,24,23,10,16.208
0,-0.6046,-0.1647,-0.6109,0.4837,7,32.5,-3.7,0.098,0.09,-0.118,2018,4,24,23,10,16.226
0,-0.6006,-0.169,-0.6134,0.484,19.3,31.4,2.3,0.06,0.087,-0.143,2018,4,24,23,10,16.244
0,-0.5971,-0.175,-0.6143,0.4851,31.1,29.9,11.6,-0.045,0.065,-0.166,2018,4,24,23,10,16.268
0,-0.5945,-0.183,-0.6136,0.4862,38.6,26,24,-0.194,0.048,-0.165,2018,4,24,23,10,16.284
0,-0.5935,-0.1922,-0.6117,0.4863,34.4,19.3,36.5,-0.281,0.054,-0.16,2018,4,24,23,10,16.307
0,-0.5944,-0.2006,-0.6096,0.4844,17.7,11.8,44.4,-0.277,0.058,-0.145,2018,4,24,23,10,16.325
0,-0.5973,-0.2065,-0.6085,0.4797,-10.7,3.4,45.8,-0.251,0.061,-0.133,2018,4,24,23,10,16.348
0,-0.602,-0.2081,-0.6092,0.4722,-43.2,-4,39.6,-0.201,0.056,-0.13,2018,4,24,23,10,16.385
0,-0.6076,-0.2051,-0.6119,0.4627,-68.5,-8.5,28.7,-0.145,0.03,-0.128,2018,4,24,23,10,16.408
0,-0.6128,-0.1989,-0.6166,0.4523,-78.9,-10.4,16.6,-0.102,-0.009,-0.105,2018,4,24,23,10,16.412
0,-0.6169,-0.1912,-0.6218,0.4428,-71.4,-9.9,6,-0.055,-0.054,-0.079,2018,4,24,23,10,16.427
0,-0.6193,-0.184,-0.626,0.4365,-46.4,-7.9,-1.1,-0.004,-0.08,-0.061,2018,4,24,23,10,16.443
0,-0.62,-0.1796,-0.6283,0.4341,-11.9,-4.8,-4.3,0.03,-0.072,-0.064,2018,4,24,23,10,16.467
0,-0.6192,-0.1791,-0.6283,0.4354,19.9,-1.9,-4.8,0.052,-0.032,-0.073,2018,4,24,23,10,16.485
0,-0.6175,-0.1818,-0.6266,0.4392,38.2,0,-3.1,0.081,0.02,-0.072,2018,4,24,23,10,16.507
0,-0.6157,-0.1863,-0.624,0.4436,42,0.5,-0.3,0.087,0.06,-0.079,2018,4,24,23,10,16.526
1023,-0.6142,-0.1911,-0.6214,0.447,34.1,0.2,3.6,0.092,0.081,-0.081,2018,4,24,23,10,16.549
1023,-0.6135,-0.1954,-0.6196,0.4488,21.7,0.1,8.8,0.085,0.08,-0.102,2018,4,24,23,10,16.567
1023,-0.6135,-0.1989,-0.6186,0.4485,9.5,1.2,14.4,0.043,0.063,-0.09,2018,4,24,23,10,16.591
1023,-0.6143,-0.2019,-0.6183,0.4465,0.2,1.8,19.4,-0.022,0.047,-0.072,2018,4,24,23,10,16.609
1023,-0.6156,-0.2047,-0.6187,0.443,-8,4.6,25,-0.044,0.043,-0.095,2018,4,24,23,10,16.631
1023,-0.617,-0.2075,-0.62,0.4379,-14.1,11.8,29.4,-0.027,0.024,-0.055,2018,4,24,23,10,16.668
1023,-0.618,-0.2108,-0.6218,0.4323,-11.7,20.1,32.2,0.001,-0.001,0.007,2018,4,24,23,10,16.691
1023,-0.6181,-0.2153,-0.6234,0.4274,-0.1,29.2,33.8,0.015,-0.016,0.067,2018,4,24,23,10,16.695
1023,-0.6168,-0.2223,-0.6247,0.4239,21.9,40.1,35.3,0.013,-0.057,0.073,2018,4,24,23,10,16.71
1023,-0.6131,-0.2333,-0.6249,0.4232,57.2,52,36.2,-0.011,-0.057,0.114,2018,4,24,23,10,16.727
1023,-0.6063,-0.2498,-0.623,0.4262,104.2,61.7,36.3,-0.023,-0.046,0.157,2018,4,24,23,10,16.75
1023,-0.5963,-0.2715,-0.6187,0.4333,141.5,64.9,32.7,-0.019,0.049,0.208,2018,4,24,23,10,16.769
1023,-0.5844,-0.2951,-0.6123,0.443,151.2,61.9,29.3,-0.003,0.205,0.193,2018,4,24,23,10,16.792
1023,-0.5729,-0.3169,-0.6058,0.4518,124.7,55.7,28.5,0.008,0.329,0.172,2018,4,24,23,10,16.81
0,-0.5643,-0.3338,-0.6014,0.4564,72,46.5,30.2,0.047,0.393,0.176,2018,4,24,23,10,16.828
0,-0.5602,-0.3443,-0.6005,0.4549,8.9,36.8,33.8,0.113,0.364,0.176,2018,4,24,23,10,16.852
0,-0.5607,-0.349,-0.6028,0.4475,-38.4,28.9,38.5,0.136,0.273,0.176,2018,4,24,23,10,16.87
0,-0.5642,-0.3501,-0.607,0.4364,-59.5,25.2,42.1,0.157,0.161,0.138,2018,4,24,23,10,16.893
0,-0.5683,-0.351,-0.6111,0.4245,-50.7,27.8,43.2,0.184,0.066,0.097,2018,4,24,23,10,16.911
0,-0.571,-0.354,-0.6134,0.415,-17.3,33,42.7,0.204,-0.02,0.108,2018,4,24,23,10,16.934
0,-0.5698,-0.362,-0.6138,0.4091,28.5,39,39.2,0.226,-0.018,0.117,2018,4,24,23,10,16.949
0,-0.5652,-0.3742,-0.6113,0.4083,74.8,43.9,35.7,0.229,-0.017,0.068,2018,4,24,23,10,16.986
0,-0.5561,-0.3909,-0.606,0.413,125.2,48.2,31.7,0.214,0.013,0.027,2018,4,24,23,10,17.009
0,-0.5436,-0.4115,-0.5976,0.4217,155.3,46.8,26.6,0.198,0.165,0.076,2018,4,24,23,10,17.012
0,-0.5294,-0.4321,-0.5881,0.4324,153.4,39.2,24.1,0.196,0.248,0.174,2018,4,24,23,10,17.048
0,-0.517,-0.4495,-0.5791,0.4417,122.4,31.3,19.5,0.189,0.187,0.143,2018,4,24,23,10,17.07
0,-0.5066,-0.4642,-0.571,0.449,111.8,30.7,19.9,0.175,0.032,0.015,2018,4,24,23,10,17.074
0,-0.496,-0.4788,-0.563,0.4556,112.1,32.3,21.3,0.015,0.017,0.039,2018,4,24,23,10,17.092
0,-0.4862,-0.4922,-0.555,0.4617,95.3,27.5,19.6,-0.148,0.099,0.107,2018,4,24,23,10,17.115
0,-0.4794,-0.5023,-0.5485,0.4658,62.1,15.7,14.9,-0.176,0.056,-0.014,2018,4,24,23,10,17.133
0,-0.4733,-0.5092,-0.5451,0.4684,50.9,15.3,2,-0.375,0.123,-0.254,2018,4,24,23,10,17.171
0,-0.4701,-0.5103,-0.5435,0.4723,15.7,-12.4,-20.5,-0.28,0.008,0.25,2018,4,24,23,10,17.171
1023,-0.4686,-0.508,-0.5419,0.4779,21.7,-30.9,-23,-0.193,0.155,0.318,2018,4,24,23,10,17.195
1023,-0.4687,-0.5037,-0.5399,0.4847,9.8,-40.8,-28.3,0.004,0.063,0.16,2018,4,24,23,10,17.214
1023,-0.4695,-0.4977,-0.5378,0.4924,13.2,-43.1,-33.4,0.064,-0.007,0.068,2018,4,24,23,10,17.232
1023,-0.4694,-0.4911,-0.5362,0.5008,9.5,-43,-40.6,0.02,-0.035,0.057,2018,4,24,23,10,17.255
1023,-0.4697,-0.4841,-0.5344,0.5092,14.3,-51.8,-38.4,-0.036,-0.039,0.23,2018,4,24,23,10,17.271
1023,-0.47,-0.4766,-0.5312,0.5193,21.9,-63.2,-40.8,-0.11,-0.048,0.17,2018,4,24,23,10,17.294
1023,-0.4711,-0.4672,-0.5277,0.5301,7.3,-77.5,-48.7,-0.103,-0.103,0.206,2018,4,24,23,10,17.313
1023,-0.4741,-0.4551,-0.5243,0.5413,1.1,-89.7,-49.1,-0.089,-0.075,0.161,2018,4,24,23,10,17.334
1023,-0.478,-0.4412,-0.5206,0.5529,-4.2,-96.7,-51.7,-0.082,-0.088,0.163,2018,4,24,23,10,17.37
1023,-0.4821,-0.4261,-0.5163,0.5651,1.2,-100.9,-53.6,-0.104,-0.111,0.153,2018,4,24,23,10,17.391
1023,-0.4854,-0.4113,-0.5111,0.5777,7.6,-104.7,-56.2,-0.116,-0.087,0.196,2018,4,24,23,10,17.396
1023,-0.4886,-0.3955,-0.505,0.5913,3.9,-106.8,-58.4,-0.147,-0.082,0.202,2018,4,24,23,10,17.434
1023,-0.4926,-0.3783,-0.4989,0.6042,0.6,-109.4,-55.6,-0.212,-0.073,0.195,2018,4,24,23,10,17.457
1023,-0.4961,-0.3625,-0.4919,0.6167,10.4,-103.9,-48.4,-0.253,-0.062,0.167,2018,4,24,23,10,17.463
1023,-0.4999,-0.3487,-0.4845,0.6273,4.9,-95,-35.2,-0.23,0,0.094,2018,4,24,23,10,17.478
1023,-0.504,-0.3372,-0.4779,0.6354,5.1,-82.3,-25.2,-0.159,0,0.013,2018,4,24,23,10,17.496
1023,-0.5076,-0.328,-0.4722,0.6415,1.7,-66.7,-17.1,-0.056,0.015,-0.077,2018,4,24,23,10,17.53
1023,-0.5107,-0.3204,-0.4674,0.6464,4.6,-51.8,-14.4,0.111,-0.02,0.008,2018,4,24,23,10,17.554
0,-0.5122,-0.315,-0.4626,0.6513,20.6,-39.2,-12,0.094,0.022,-0.025,2018,4,24,23,10,17.558
0,-0.5122,-0.3119,-0.4575,0.6564,21.4,-30.7,-14.9,0.146,0.106,0.049,2018,4,24,23,10,17.578
0,-0.5115,-0.3096,-0.4522,0.6617,37.9,-27.4,-12.7,0.075,0.075,0.045,2018,4,24,23,10,17.614
0,-0.5103,-0.3084,-0.4467,0.6669,25.1,-26.9,-13.4,0.107,0.127,0.012,2018,4,24,23,10,17.638
0,-0.5093,-0.3069,-0.4413,0.6719,34.4,-24.9,-15,0.069,0.023,0.012,2018,4,24,23,10,17.642
0,-0.5079,-0.3057,-0.4361,0.6769,29.2,-23.8,-13,-0.019,0.016,-0.012,2018,4,24,23,10,17.658
0,-0.5071,-0.3043,-0.4318,0.681,16.8,-24.2,-12.3,-0.069,0.044,0.044,2018,4,24,23,10,17.68
0,-0.5071,-0.3018,-0.428,0.6844,15.1,-26.1,-11.1,-0.121,-0.026,0.057,2018,4,24,23,10,17.7
0,-0.5073,-0.2988,-0.4238,0.6882,14.2,-30.3,-11.9,-0.052,-0.017,0.083,2018,4,24,23,10,17.718
0,-0.5075,-0.2963,-0.4188,0.6921,25.4,-29.4,-6.4,-0.041,0.074,0.082,2018,4,24,23,10,17.753
0,-0.5082,-0.2945,-0.4142,0.6952,9.9,-24.5,-5.2,-0.021,0.014,-0.029,2018,4,24,23,10,17.776
0,-0.5085,-0.2925,-0.4115,0.6974,13.5,-19.7,-4.5,-0.045,-0.038,0.041,2018,4,24,23,10,17.782
0,-0.5084,-0.291,-0.4081,0.7001,16.8,-17.2,-4.1,0.016,0.024,0.012,2018,4,24,23,10,17.799
0,-0.5085,-0.2903,-0.4044,0.7025,20.5,-12.2,-0.3,0.059,-0.043,-0.021,2018,4,24,23,10,17.817
1023,-0.508,-0.2916,-0.3993,0.7052,35.3,-10.7,6.4,0.03,0.131,0.125,2018,4,24,23,10,17.84
1023,-0.5079,-0.294,-0.3926,0.708,43.3,-13,8.4,0.077,0.01,0.109,2018,4,24,23,10,17.879
1023,-0.5079,-0.2964,-0.3852,0.7111,38.9,-9.8,9.4,0.085,0.035,0.047,2018,4,24,23,10,17.883
1023,-0.5082,-0.2986,-0.3789,0.7133,31.7,-7.8,11.4,0.079,0.021,0.043,2018,4,24,23,10,17.899
1023,-0.5091,-0.3007,-0.3737,0.7146,22.3,-6.8,14,0.042,0.03,0.036,2018,4,24,23,10,17.919
1023,-0.5106,-0.3018,-0.3702,0.7148,9.9,-7.4,13.8,0.001,-0.024,0.012,2018,4,24,23,10,17.957
1023,-0.5125,-0.302,-0.3681,0.7145,0.6,-7.9,13.6,0.018,0.009,-0.004,2018,4,24,23,10,17.98
1023,-0.5147,-0.3017,-0.3671,0.7135,-4.2,-7.3,12.6,-0.006,0.015,-0.029,2018,4,24,23,10,17.985
1023,-0.5171,-0.3013,-0.3668,0.7121,-11.8,-7.1,12,-0.018,0.046,-0.052,2018,4,24,23,10,17.999
1023,-0.5203,-0.3002,-0.3682,0.7095,-30.6,-5.4,12.2,-0.029,0.072,-0.096,2018,4,24,23,10,18.017
1023,-0.5242,-0.2977,-0.3725,0.7055,-47.8,-3.9,12.2,-0.061,0.037,-0.114,2018,4,24,23,10,18.038
1023,-0.5283,-0.2944,-0.3784,0.7006,-51,-2.9,11.6,-0.093,0.024,-0.098,2018,4,24,23,10,18.076
1023,-0.5322,-0.2914,-0.3838,0.696,-41.1,-2.6,11,-0.064,0.032,-0.061,2018,4,24,23,10,18.1
1023,-0.535,-0.2902,-0.3866,0.6927,-15.9,-2,10,-0.064,0.057,-0.07,2018,4,24,23,10,18.104
1023,-0.5371,-0.29,-0.387,0.691,-12.5,-5.4,6.1,-0.046,0.101,0.043,2018,4,24,23,10,18.12
1023,-0.5393,-0.2883,-0.3874,0.6898,-18.5,-7.9,2.1,-0.008,0.069,0.021,2018,4,24,23,10,18.144
0,-0.541,-0.2859,-0.3886,0.6888,-17.8,-6.2,-0.6,0.015,0.04,0.006,2018,4,24,23,10,18.162
0,-0.5421,-0.2837,-0.3899,0.688,-15.6,-2.8,-1.3,0.018,0.019,0.012,2018,4,24,23,10,18.198
0,-0.5427,-0.2822,-0.3913,0.6874,-10,1,-2,0.019,0,0.009,2018,4,24,23,10,18.221
0,-0.5425,-0.2816,-0.3925,0.6871,-3.7,4.8,-2.2,0.015,-0.019,0.007,2018,4,24,23,10,18.226
0,-0.5418,-0.2819,-0.3933,0.6871,0.3,6.9,-2,0.01,-0.003,0,2018,4,24,23,10,18.242
0,-0.5411,-0.2828,-0.3939,0.6869,1,7.4,-1.8,0.006,0.026,-0.009,2018,4,24,23,10,18.265
0,-0.5405,-0.2837,-0.3946,0.6867,-0.6,7.3,-1.4,0.003,0.021,-0.01,2018,4,24,23,10,18.282
0,-0.5399,-0.2844,-0.3953,0.6864,-0.2,6.7,-1.8,0.002,0.009,0.001,2018,4,24,23,10,18.317
0,-0.5393,-0.2852,-0.3959,0.6862,0.4,6.8,-1.8,0.002,0.028,-0.005,2018,4,24,23,10,18.34
0,-0.5387,-0.2861,-0.3965,0.686,-0.3,6.5,-1.5,0.011,0.039,-0.004,2018,4,24,23,10,18.345
0,-0.5381,-0.2869,-0.3971,0.6857,-0.6,6.9,-1.7,0.002,0.013,-0.001,2018,4,24,23,10,18.361
0,-0.5375,-0.2876,-0.3978,0.6855,0.1,6.5,-1.6,0.002,0.014,-0.005,2018,4,24,23,10,18.384
0,-0.5369,-0.2884,-0.3984,0.6853,0.2,6,-1.5,0,0.02,-0.01,2018,4,24,23,10,18.402
0,-0.5363,-0.2891,-0.3989,0.6852,0.7,5.1,-1.6,-0.003,0.009,-0.006,2018,4,24,23,10,18.425
0,-0.5358,-0.2896,-0.3993,0.6851,1,3.6,-1.7,-0.007,0.013,0.004,2018,4,24,23,10,18.443
0,-0.5354,-0.29,-0.3994,0.6852,1.2,2,-2.3,-0.009,0.012,0.001,2018,4,24,23,10,18.466
0,-0.5349,-0.2902,-0.3994,0.6855,0.9,0.4,-3,-0.007,0.024,0.004,2018,4,24,23,10,18.483
0,-0.5346,-0.2901,-0.3994,0.6859,0.7,-1.1,-4.7,-0.01,0.012,0.009,2018,4,24,23,10,18.519
1023,-0.534,-0.2897,-0.3992,0.6866,2.3,-2.7,-7.3,-0.014,0.016,0.028,2018,4,24,23,10,18.542
1023,-0.5332,-0.2886,-0.3986,0.688,1,-6.8,-12,-0.023,0.017,0.068,2018,4,24,23,10,18.547
1023,-0.5325,-0.2856,-0.3982,0.69,-9.8,-17.6,-19.1,0.079,0.035,0.155,2018,4,24,23,10,18.563
1023,-0.5324,-0.2784,-0.3991,0.6925,-22,-30.8,-30.2,0.084,-0.129,0.205,2018,4,24,23,10,18.602
1023,-0.5323,-0.269,-0.4008,0.6953,-38.2,-35.4,-35.1,0.056,0.003,0.131,2018,4,24,23,10,18.602
1023,-0.5324,-0.2582,-0.4028,0.6982,-29.5,-35.1,-33.3,0.043,0.033,0.128,2018,4,24,23,10,18.624
1023,-0.5321,-0.2495,-0.4026,0.7017,-11.1,-30.7,-28.7,0.069,0.055,0.061,2018,4,24,23,10,18.663
1023,-0.5312,-0.244,-0.4006,0.7054,11.8,-24.2,-20.8,0.104,0.025,0.01,2018,4,24,23,10,18.685
1023,-0.5295,-0.2425,-0.3958,0.7099,39.3,-14.8,-13.2,0.123,0.054,-0.023,2018,4,24,23,10,18.69
1023,-0.527,-0.2447,-0.3887,0.7149,55.9,-6.2,-8.3,0.132,0.029,-0.034,2018,4,24,23,10,18.704
1023,-0.5231,-0.2492,-0.3815,0.7201,67,5,-8.1,0.112,-0.044,-0.079,2018,4,24,23,10,18.727
1023,-0.5179,-0.2554,-0.3748,0.7252,65.3,13.4,-11,0.078,-0.033,-0.043,2018,4,24,23,10,18.745
1023,-0.5125,-0.2615,-0.3689,0.7298,61.6,15.3,-10.9,0.056,-0.082,-0.002,2018,4,24,23,10,18.766
0,-0.5072,-0.2674,-0.3638,0.734,50.9,15.3,-11.4,0.014,-0.02,-0.001,2018,4,24,23,10,18.784
0,-0.5026,-0.2728,-0.3605,0.7368,36.2,19.7,-11.2,-0.021,0,-0.074,2018,4,24,23,10,18.806
0,-0.4979,-0.2782,-0.3593,0.7385,32.6,25.3,-10.8,-0.068,-0.055,-0.135,2018,4,24,23,10,18.843
0,-0.4934,-0.2838,-0.3582,0.7399,24.5,29.6,-8.9,-0.109,0.06,-0.174,2018,4,24,23,10,18.865
0,-0.4895,-0.2888,-0.3596,0.7399,8.5,36.3,-7.5,-0.142,0.081,-0.179,2018,4,24,23,10,18.869
0,-0.486,-0.2941,-0.3626,0.7387,2.1,43.6,-3.7,-0.187,0.151,-0.256,2018,4,24,23,10,18.903
0,-0.4833,-0.2991,-0.3675,0.736,-16.7,43,-1.9,-0.128,0.168,-0.139,2018,4,24,23,10,18.926
0,-0.4812,-0.3029,-0.3736,0.7328,-18.5,43.4,-1.2,-0.019,0.095,-0.086,2018,4,24,23,10,18.931
0,-0.4794,-0.3078,-0.3797,0.7288,-20.6,49.5,1.8,0.006,0.03,0.029,2018,4,24,23,10,18.948
0,-0.478,-0.3122,-0.3864,0.7243,-30.3,53.1,5.2,0.038,-0.005,0.077,2018,4,24,23,10,18.966
0,-0.4772,-0.316,-0.3949,0.7185,-41,59.7,10.5,0.092,-0.003,0.028,2018,4,24,23,10,18.989
0,-0.4763,-0.3214,-0.4046,0.7113,-33.1,73.6,14.5,0.071,-0.114,0.048,2018,4,24,23,10,19.005
0,-0.4738,-0.3305,-0.4128,0.704,-13,84.2,18,-0.024,-0.107,0.113,2018,4,24,23,10,19.028
0,-0.4703,-0.3414,-0.42,0.697,-7.1,90.9,19.9,-0.043,0.023,0.026,2018,4,24,23,10,19.045
0,-0.4665,-0.3544,-0.4273,0.6885,-11.2,101.5,21.2,-0.044,0.077,-0.003,2018,4,24,23,10,19.067
0,-0.4622,-0.3681,-0.4359,0.6787,-15.7,111.7,22.7,-0.025,0.026,0.016,2018,4,24,23,10,19.085
0,-0.4567,-0.3827,-0.4445,0.6687,0.6,120.7,26.8,-0.017,-0.049,0.072,2018,4,24,23,10,19.109
0,-0.4496,-0.4,-0.451,0.659,18.7,130.1,32.6,-0.005,-0.026,0.096,2018,4,24,23,10,19.126
0,-0.4415,-0.4186,-0.4563,0.6492,20.3,135.3,32.4,0.014,-0.026,0.072,2018,4,24,23,10,19.149
0,-0.4325,-0.4388,-0.4611,0.6385,30.9,139.2,34.1,-0.016,0.062,-0.073,2018,4,24,23,10,19.168
0,-0.4224,-0.4599,-0.4656,0.627,31.8,140.6,34.3,-0.114,0.075,-0.056,2018,4,24,23,10,19.188
1023,-0.4119,-0.4804,-0.4693,0.6157,30.6,134.2,32.3,-0.205,0.008,-0.002,2018,4,24,23,10,19.207
1023,-0.4031,-0.4985,-0.4734,0.6039,17.3,127.6,34.1,-0.264,-0.068,0.023,2018,4,24,23,10,19.244
1023,-0.3956,-0.5147,-0.4778,0.5917,4.2,122,34.4,-0.316,-0.089,0.125,2018,4,24,23,10,19.265
1023,-0.39,-0.5286,-0.4826,0.5791,-12.3,109.5,32.9,-0.356,-0.013,0.287,2018,4,24,23,10,19.27
1023,-0.3866,-0.5403,-0.4882,0.5658,-22.6,93.5,33.7,-0.388,-0.006,0.345,2018,4,24,23,10,19.286
1023,-0.3845,-0.5498,-0.4933,0.5535,-25,81.5,26.9,-0.39,-0.153,0.402,2018,4,24,23,10,19.309
1023,-0.3829,-0.5569,-0.4988,0.5424,-36.4,63.2,16.9,-0.492,-0.146,0.663,2018,4,24,23,10,19.347
1023,-0.3851,-0.5591,-0.5043,0.5335,-44.5,21.8,15.2,-0.462,-0.078,0.746,2018,4,24,23,10,19.37
1023,-0.3908,-0.5578,-0.5063,0.5287,-41.4,-18.1,20.4,-0.385,0.101,0.481,2018,4,24,23,10,19.375
1023,-0.3999,-0.5536,-0.5056,0.527,-40.3,-41,17.9,-0.302,-0.026,0.094,2018,4,24,23,10,19.391
1023,-0.409,-0.5475,-0.5054,0.5267,-49.5,-48.8,4,-0.236,0.062,-0.226,2018,4,24,23,10,19.409
1023,-0.4199,-0.5376,-0.5081,0.5256,-93.1,-54.8,-7.7,-0.246,0.297,-0.404,2018,4,24,23,10,19.432
1023,-0.436,-0.5213,-0.5169,0.5203,-164.5,-60.7,-17.3,-0.1,0.409,-0.362,2018,4,24,23,10,19.45
1023,-0.4555,-0.5003,-0.5297,0.5114,-172.5,-63.9,-21.9,-0.034,0.18,-0.269,2018,4,24,23,10,19.473
1023,-0.4733,-0.4791,-0.5403,0.5042,-145.6,-70.8,-25.8,0.029,0.14,-0.173,2018,4,24,23,10,19.509
1023,-0.4887,-0.459,-0.548,0.5,-119.9,-75.3,-28.4,0.067,0.122,-0.092,2018,4,24,23,10,19.532
1023,-0.5025,-0.4405,-0.553,0.4975,-102,-79.5,-29.5,0.093,0.087,-0.027,2018,4,24,23,10,19.537
0,-0.5153,-0.4225,-0.556,0.4967,-92.3,-82.1,-31,0.128,0.107,0.024,2018,4,24,23,10,19.552
0,-0.528,-0.4037,-0.5586,0.4961,-101,-84.2,-30.6,0.172,0.169,0.062,2018,4,24,23,10,19.588
0,-0.5412,-0.383,-0.5624,0.4939,-119.1,-84.6,-31.4,0.196,0.182,0.076,2018,4,24,23,10,19.611
0,-0.5551,-0.3603,-0.5673,0.4899,-134.7,-84.2,-32.9,0.213,0.195,0.051,2018,4,24,23,10,19.615
0,-0.5689,-0.3364,-0.5729,0.4845,-137.1,-82,-34,0.23,0.149,0.005,2018,4,24,23,10,19.634
0,-0.582,-0.3137,-0.5772,0.479,-121.8,-78.5,-33.4,0.258,0.11,-0.028,2018,4,24,23,10,19.652
0,-0.5933,-0.2932,-0.58,0.4748,-101.5,-74.8,-32.3,0.294,0.132,-0.05,2018,4,24,23,10,19.673
0,-0.6029,-0.275,-0.5814,0.4719,-84.1,-70.3,-32.8,0.315,0.13,-0.068,2018,4,24,23,10,19.711
0,-0.6107,-0.2585,-0.582,0.4704,-70,-64.6,-35.3,0.315,0.122,-0.072,2018,4,24,23,10,19.735
0,-0.6169,-0.2433,-0.5821,0.4702,-57.9,-58.8,-37.4,0.29,0.117,-0.071,2018,4,24,23,10,19.738
0,-0.6218,-0.2296,-0.5819,0.471,-47.5,-52.7,-38.7,0.252,0.103,-0.068,2018,4,24,23,10,19.752
0,-0.6254,-0.2174,-0.5815,0.4726,-37.9,-46.8,-38.9,0.22,0.108,-0.064,2018,4,24,23,10,19.77
0,-0.6279,-0.2066,-0.581,0.4746,-31.1,-39.7,-37.7,0.2,0.105,-0.072,2018,4,24,23,10,19.792
0,-0.6295,-0.1972,-0.5808,0.4767,-26.6,-32,-36.2,0.18,0.101,-0.072,2018,4,24,23,10,19.811
0,-0.6303,-0.189,-0.581,0.4788,-21,-24.3,-34,0.176,0.093,-0.06,2018,4,24,23,10,19.831
1023,-0.6303,-0.1823,-0.5813,0.481,-14.5,-17.2,-31.5,0.131,0.084,-0.058,2018,4,24,23,10,19.869
1023,-0.6295,-0.1775,-0.5818,0.4833,-6.4,-9.9,-27.2,0.047,0.062,-0.059,2018,4,24,23,10,19.892
1023,-0.6281,-0.1748,-0.5822,0.4857,4.2,-3.3,-21.5,-0.03,0.045,-0.048,2018,4,24,23,10,19.894
1023,-0.6263,-0.1746,-0.582,0.4883,16.1,1.5,-15.1,-0.069,0.042,-0.026,2018,4,24,23,10,19.914
1023,-0.6243,-0.1767,-0.581,0.4911,26.5,4.7,-7.7,-0.116,0.025,-0.019,2018,4,24,23,10,19.935
1023,-0.6224,-0.1806,-0.5794,0.494,33.2,7,-1.4,-0.131,0.032,-0.032,2018,4,24,23,10,19.972
1023,-0.6206,-0.186,-0.5773,0.4967,38.7,7.9,4.7,-0.12,0.034,-0.026,2018,4,24,23,10,19.994
1023,-0.6192,-0.1923,-0.5745,0.4994,42.1,6.1,9,-0.06,0.034,-0.023,2018,4,24,23,10,19.999
1023,-0.6183,-0.1986,-0.571,0.5021,40.9,2.5,10.1,0.005,0.039,-0.033,2018,4,24,23,10,20.032
1023,-0.6177,-0.2043,-0.5676,0.5043,36.3,-0.6,11.8,-0.043,0.028,-0.065,2018,4,24,23,10,20.032
1023,-0.6176,-0.2096,-0.5646,0.5056,28.9,-3.4,14.5,-0.144,0.017,-0.09,2018,4,24,23,10,20.054
1023,-0.6185,-0.2141,-0.5619,0.5057,18.3,-8.1,17.7,-0.182,0.015,-0.081,2018,4,24,23,10,20.089
1023,-0.6206,-0.2168,-0.5598,0.5043,0.1,-14.1,19.4,-0.166,0.024,-0.085,2018,4,24,23,10,20.113
1023,-0.6241,-0.2165,-0.559,0.501,-24.4,-19.6,17.9,-0.089,0.025,-0.092,2018,4,24,23,10,20.117
1023,-0.6287,-0.2126,-0.5599,0.4959,-46.8,-23.8,13.5,-0.02,0.015,-0.109,2018,4,24,23,10,20.134
0,-0.6336,-0.2057,-0.5622,0.4898,-61.5,-27.1,7.6,0.019,0.007,-0.114,2018,4,24,23,10,20.157
0,-0.6385,-0.1971,-0.5652,0.4837,-62,-28.1,4.3,0.037,-0.03,-0.121,2018,4,24,23,10,20.175
0,-0.6434,-0.1888,-0.5668,0.4786,-50.1,-27.4,3.5,0.048,-0.061,-0.129,2018,4,24,23,10,20.197
0,-0.6477,-0.1825,-0.5669,0.475,-29.5,-25.7,5.4,0.062,-0.071,-0.143,2018,4,24,23,10,20.234
0,-0.6512,-0.1793,-0.5654,0.4732,-6.6,-23.2,9.3,0.043,-0.079,-0.147,2018,4,24,23,10,20.257
0,-0.6543,-0.179,-0.5621,0.473,12.1,-21.4,13.8,-0.003,-0.069,-0.143,2018,4,24,23,10,20.261
0,-0.6571,-0.1806,-0.5579,0.4734,17.3,-20.9,17.3,-0.053,-0.048,-0.141,2018,4,24,23,10,20.277
0,-0.6602,-0.1823,-0.5538,0.4733,8.3,-21.2,18.2,-0.092,-0.019,-0.164,2018,4,24,23,10,20.295
0,-0.6638,-0.182,-0.5509,0.4718,-12.6,-20.4,16.1,-0.105,-0.014,-0.199,2018,4,24,23,10,20.319
0,-0.6675,-0.1787,-0.5504,0.4683,-37,-17.6,10.8,-0.089,-0.021,-0.205,2018,4,24,23,10,20.336
0,-0.6711,-0.1727,-0.5522,0.4634,-55.1,-13,4.2,-0.047,-0.03,-0.203,2018,4,24,23,10,20.359
0,-0.6739,-0.1648,-0.556,0.4577,-64.1,-6.2,-2.3,0.019,-0.034,-0.185,2018,4,24,23,10,20.378
0,-0.6754,-0.1567,-0.5609,0.4522,-60.4,2.3,-7.8,0.089,-0.046,-0.152,2018,4,24,23,10,20.415
0,-0.6752,-0.1502,-0.5662,0.448,-42.3,12.5,-11.2,0.147,-0.066,-0.128,2018,4,24,23,10,20.438
0,-0.6732,-0.1473,-0.5707,0.4463,-10,23.4,-11.9,0.173,-0.087,-0.113,2018,4,24,23,10,20.442
0,-0.6692,-0.1497,-0.5735,0.4481,31.4,33.2,-10.3,0.166,-0.088,-0.09,2018,4,24,23,10,20.458
1023,-0.6631,-0.1576,-0.5742,0.4534,68.7,40.7,-7.5,0.134,-0.055,-0.063,2018,4,24,23,10,20.479
1023,-0.6555,-0.1696,-0.573,0.4615,95.9,45.3,-3.6,0.069,-0.026,-0.042,2018,4,24,23,10,20.502
1023,-0.6475,-0.1848,-0.5701,0.4706,106.7,45.8,0.6,0.022,0.006,-0.008,2018,4,24,23,10,20.517
1023,-0.6399,-0.2006,-0.5662,0.4791,100.1,43.1,4,-0.017,0.033,0.022,2018,4,24,23,10,20.536
1023,-0.6334,-0.2149,-0.5625,0.4858,79.4,37.8,6.8,-0.046,0.049,0.058,2018,4,24,23,10,20.556
1023,-0.6288,-0.226,-0.5598,0.4899,51.6,30,8.8,-0.062,0.044,0.085,2018,4,24,23,10,20.596
1023,-0.6261,-0.2332,-0.5584,0.4915,22.9,21.4,9,-0.054,0.034,0.094,2018,4,24,23,10,20.617
1023,-0.6253,-0.2365,-0.5585,0.4909,-2.5,13.4,7.1,-0.033,0.019,0.087,2018,4,24,23,10,20.621
1023,-0.6256,-0.2364,-0.5599,0.4889,-18.8,6.8,3.3,-0.016,-0.004,0.077,2018,4,24,23,10,20.658
1023,-0.6265,-0.234,-0.5618,0.4867,-25,2.1,-1.9,-0.009,-0.021,0.07,2018,4,24,23,10,20.658
1023,-0.6272,-0.2305,-0.5639,0.4851,-23.8,-0.9,-7.6,-0.008,-0.026,0.059,2018,4,24,23,10,20.681
1023,-0.6275,-0.2266,-0.5656,0.4846,-18.2,-3.1,-12.4,-0.012,-0.03,0.059,2018,4,24,23,10,20.699
1023,-0.6274,-0.2229,-0.5667,0.4851,-12.1,-4.3,-15.4,-0.014,-0.019,0.055,2018,4,24,23,10,20.722
1023,-0.6271,-0.2197,-0.5673,0.4863,-7.1,-4.8,-16.1,-0.023,-0.006,0.043,2018,4,24,23,10,20.74
1023,-0.6266,-0.2171,-0.5676,0.4877,-3.8,-5.1,-15.3,-0.03,0.009,0.035,2018,4,24,23,10,20.763
1023,-0.6262,-0.2151,-0.5675,0.4892,-1.7,-5.2,-13,-0.026,0.018,0.029,2018,4,24,23,10,20.782
1023,-0.626,-0.2135,-0.5673,0.4905,-0.7,-5.1,-9.9,-0.018,0.024,0.02,2018,4,24,23,10,20.806
1023,-0.626,-0.2124,-0.5669,0.4915,0.1,-5.1,-6.7,-0.011,0.025,0.011,2018,4,24,23,10,20.823
0,-0.6261,-0.2116,-0.5663,0.4922,0.4,-5.1,-4.2,-0.006,0.03,0.012,2018,4,24,23,10,20.846
0,-0.6266,-0.2111,-0.5657,0.4926,-0.1,-5.1,-1.8,-0.005,0.035,-0.002,2018,4,24,23,10,20.861
0,-0.6272,-0.2108,-0.5651,0.4926,-1.3,-5.1,0.4,-0.001,0.031,-0.006,2018,4,24,23,10,20.882
0,-0.6279,-0.2106,-0.5646,0.4923,-2.1,-4.9,2.4,0.005,0.031,-0.013,2018,4,24,23,10,20.9
0,-0.6288,-0.2104,-0.5642,0.4918,-2.5,-4.1,4.1,0.007,0.023,-0.015,2018,4,24,23,10,20.923
0,-0.6297,-0.2106,-0.5639,0.491,-2.2,-3.1,6,0.005,0.017,-0.021,2018,4,24,23,10,20.942
0,-0.6305,-0.2109,-0.5637,0.49,-1.5,-1.7,7.5,-0.002,0.008,-0.024,2018,4,24,23,10,20.965
0,-0.6312,-0.2117,-0.5636,0.4888,-0.9,0.2,9.5,-0.009,-0.004,-0.034,2018,4,24,23,10,20.981
0,-0.6318,-0.2129,-0.5637,0.4875,0.3,2.3,11.2,-0.011,-0.014,-0.028,2018,4,24,23,10,21.004
0,-0.6322,-0.2144,-0.5639,0.486,1.3,4.5,12.1,-0.008,-0.019,-0.037,2018,4,24,23,10,21.041
0,-0.6323,-0.2162,-0.5644,0.4845,0.5,7.4,11.8,0.003,-0.021,-0.042,2018,4,24,23,10,21.041
0,-0.6321,-0.218,-0.5653,0.4829,-0.6,10.1,10.4,0.015,-0.03,-0.043,2018,4,24,23,10,21.064
0,-0.6314,-0.2195,-0.5667,0.4815,-0.8,13.1,7.6,0.046,-0.034,-0.051,2018,4,24,23,10,21.098
0,-0.63,-0.221,-0.5686,0.4804,0.3,15.9,4,0.086,-0.033,-0.049,2018,4,24,23,10,21.122
0,-0.628,-0.2224,-0.5707,0.4798,2.8,19.4,0.5,0.13,-0.027,-0.057,2018,4,24,23,10,21.126
0,-0.6252,-0.2241,-0.5731,0.4799,6.2,23.2,-2.4,0.172,-0.022,-0.064,2018,4,24,23,10,21.147
1023,-0.6216,-0.2262,-0.5758,0.4803,9,26.7,-4.4,0.189,-0.009,-0.074,2018,4,24,23,10,21.163
1023,-0.6174,-0.2287,-0.5788,0.4809,9.3,30.4,-5.3,0.188,-0.001,-0.081,2018,4,24,23,10,21.186
1023,-0.6128,-0.2314,-0.5824,0.4812,7,33.7,-6.4,0.193,0.01,-0.096,2018,4,24,23,10,21.204
1023,-0.6078,-0.234,-0.5867,0.4811,4.2,37,-8,0.197,0.009,-0.105,2018,4,24,23,10,21.227
1023,-0.6022,-0.2365,-0.5916,0.4809,4.4,40.1,-10,0.22,0.004,-0.1,2018,4,24,23,10,21.245
1023,-0.596,-0.2393,-0.5965,0.4811,10.1,43.2,-10.2,0.218,-0.006,-0.1,2018,4,24,23,10,21.268
1023,-0.5899,-0.2438,-0.6002,0.4818,22.8,45.7,-6.8,0.165,-0.036,-0.104,2018,4,24,23,10,21.286
1023,-0.5835,-0.2508,-0.6022,0.4835,41.6,45.7,2.4,0.02,-0.079,-0.105,2018,4,24,23,10,21.31
1023,-0.5774,-0.2607,-0.6019,0.4861,60.5,41.9,15.8,-0.153,-0.102,-0.13,2018,4,24,23,10,21.325
1023,-0.5721,-0.2734,-0.5989,0.489,73.7,36.2,30.2,-0.289,-0.124,-0.144,2018,4,24,23,10,21.342
1023,-0.5676,-0.2875,-0.5945,0.4915,75.6,25.9,39.2,-0.357,-0.122,-0.126,2018,4,24,23,10,21.365
1023,-0.5648,-0.3002,-0.5894,0.4932,56.4,12.6,37.4,-0.354,-0.093,-0.135,2018,4,24,23,10,21.383
0,-0.5643,-0.308,-0.5862,0.4928,13.8,0.6,23.8,-0.309,-0.048,-0.16,2018,4,24,23,10,21.406
0,-0.5666,-0.3076,-0.5863,0.4903,-39.5,-8.9,1.9,-0.261,-0.024,-0.151,2018,4,24,23,10,21.424
0,-0.5702,-0.2995,-0.5917,0.4845,-87.8,-16.7,-21,-0.227,0.025,-0.107,2018,4,24,23,10,21.447
0,-0.5749,-0.2847,-0.6006,0.4771,-116.1,-22.4,-39.1,-0.167,-0.006,-0.08,2018,4,24,23,10,21.465
0,-0.5783,-0.2672,-0.6101,0.4709,-95.4,-21.7,-48.8,-0.071,-0.105,-0.109,2018,4,24,23,10,21.486
0,-0.5794,-0.2533,-0.6161,0.4694,-40.9,-16,-49.8,0.038,-0.104,-0.15,2018,4,24,23,10,21.525
0,-0.5771,-0.2465,-0.6176,0.4738,21,-6.8,-43.4,0.12,-0.014,-0.166,2018,4,24,23,10,21.548
0,-0.5721,-0.2471,-0.6152,0.4827,67.4,1.7,-31.7,0.164,0.094,-0.144,2018,4,24,23,10,21.553
0,-0.5662,-0.2526,-0.61,0.4933,82.8,5.3,-17.1,0.202,0.241,-0.124,2018,4,24,23,10,21.566
0,-0.5613,-0.26,-0.6041,0.5022,71.4,6.8,-0.7,0.219,0.328,-0.131,2018,4,24,23,10,21.603
0,-0.5587,-0.2668,-0.5996,0.507,37.6,6.6,14.6,0.179,0.342,-0.121,2018,4,24,23,10,21.627
0,-0.5594,-0.2711,-0.5977,0.5062,-4.4,3.5,29.4,0.13,0.324,-0.121,2018,4,24,23,10,21.631
0,-0.5636,-0.2726,-0.5983,0.4999,-41.4,0.8,42.4,0.077,0.282,-0.154,2018,4,24,23,10,21.649
0,-0.5702,-0.2725,-0.6006,0.4896,-60,0.3,53.5,-0.007,0.21,-0.176,2018,4,24,23,10,21.668
0,-0.5779,-0.2726,-0.6031,0.4773,-58.7,2.1,62.4,-0.1,0.129,-0.178,2018,4,24,23,10,21.69
0,-0.5854,-0.2747,-0.6046,0.4648,-45.4,6.9,70.2,-0.186,0.075,-0.167,2018,4,24,23,10,21.708
0,-0.5919,-0.2795,-0.6053,0.4528,-29.7,16.2,74.4,-0.155,0.041,-0.18,2018,4,24,23,10,21.729
0,-0.5962,-0.2869,-0.606,0.4413,-17,32.3,75.1,-0.111,0.006,-0.145,2018,4,24,23,10,21.748
0,-0.5973,-0.2977,-0.6075,0.4304,6.5,50.4,75.8,-0.145,-0.05,-0.016,2018,4,24,23,10,21.771
0,-0.5956,-0.3123,-0.6078,0.4221,39.1,65.9,75.9,-0.206,-0.076,0.122,2018,4,24,23,10,21.788
1023,-0.5904,-0.3312,-0.6065,0.4169,76.2,76.8,73.3,-0.174,-0.122,0.192,2018,4,24,23,10,21.807
1023,-0.5814,-0.3545,-0.6035,0.4146,110.6,82.1,66.7,-0.101,-0.109,0.229,2018,4,24,23,10,21.83
1023,-0.5696,-0.3792,-0.5992,0.4154,122.7,82.3,56.5,-0.013,0.002,0.222,2018,4,24,23,10,21.848
1023,-0.557,-0.4019,-0.5952,0.4168,106.2,79.2,44.7,0.071,0.1,0.227,2018,4,24,23,10,21.87
1023,-0.546,-0.4202,-0.5928,0.4168,73.6,71.8,33.8,0.142,0.129,0.244,2018,4,24,23,10,21.889
1023,-0.5369,-0.4337,-0.5927,0.415,47.1,63.9,25.4,0.211,0.093,0.266,2018,4,24,23,10,21.912
1023,-0.5292,-0.4442,-0.5933,0.4128,39.4,54,20.4,0.248,0.092,0.265,2018,4,24,23,10,21.931
1023,-0.5225,-0.4532,-0.5936,0.4111,35.9,44.8,18,0.271,0.126,0.254,2018,4,24,23,10,21.968
1023,-0.5171,-0.4609,-0.5935,0.4095,27.2,36.3,19,0.258,0.131,0.232,2018,4,24,23,10,21.968
1023,-0.5133,-0.4674,-0.5929,0.4077,24.9,25.3,21,0.233,0.066,0.167,2018,4,24,23,10,21.99
1023,-0.5103,-0.4738,-0.5903,0.4079,43.3,19.4,21.2,0.249,-0.004,0.095,2018,4,24,23,10,22.029
1023,-0.5064,-0.4817,-0.5858,0.4101,58.1,12.9,20.1,0.233,0.093,0.067,2018,4,24,23,10,22.053
1023,-0.5021,-0.4894,-0.5809,0.4133,51.5,5.7,20.4,0.184,0.23,0.124,2018,4,24,23,10,22.057
1023,-0.499,-0.4957,-0.5762,0.4161,50.1,4.5,17.9,0.214,0.129,0.024,2018,4,24,23,10,22.073
1023,-0.4943,-0.5038,-0.5701,0.4202,76.5,8.5,16.6,0.168,0.05,0.079,2018,4,24,23,10,22.092
1023,-0.488,-0.5126,-0.5637,0.4255,69.1,8.8,17.6,0.053,0.214,0.114,2018,4,24,23,10,22.11
1023,-0.4836,-0.52,-0.5585,0.4285,44.4,10.2,18.8,-0.005,0.096,0.024,2018,4,24,23,10,22.129
1023,-0.481,-0.5254,-0.5558,0.4284,12.9,16.9,14.3,-0.059,0.037,-0.049,2018,4,24,23,10,22.151
0,-0.4786,-0.5283,-0.5588,0.4236,-14.5,38.4,2,-0.429,-0.068,-0.103,2018,4,24,23,10,22.17
0,-0.474,-0.5312,-0.561,0.4222,65.9,24.2,-2.4,-0.39,-0.334,0.068,2018,4,24,23,10,22.193
0,-0.4616,-0.5398,-0.5565,0.4308,69.6,13.1,-20,-0.401,0.308,0.457,2018,4,24,23,10,22.212
0,-0.4584,-0.5388,-0.5566,0.4353,5.9,-26.1,-25.6,-0.386,-0.036,0.82,2018,4,24,23,10,22.235
0,-0.4597,-0.5332,-0.5559,0.4418,-2.6,-44.6,-28.9,-0.084,0.116,0.242,2018,4,24,23,10,22.253
0,-0.4618,-0.5267,-0.5551,0.4482,13.5,-38.9,-28.8,-0.154,-0.064,0.068,2018,4,24,23,10,22.276
0,-0.4614,-0.5227,-0.5521,0.4571,34.3,-38.2,-28.8,-0.151,-0.04,0.184,2018,4,24,23,10,22.295
0,-0.4599,-0.519,-0.5484,0.4671,35.7,-49.9,-32.4,-0.206,-0.172,0.065,2018,4,24,23,10,22.331
0,-0.4602,-0.5126,-0.5451,0.4776,11.8,-67,-41.9,-0.284,-0.235,0.186,2018,4,24,23,10,22.331
0,-0.4643,-0.5018,-0.5423,0.4882,-7.3,-89.1,-42.5,-0.284,-0.089,0.131,2018,4,24,23,10,22.355
0,-0.4711,-0.4879,-0.5385,0.4998,-10.6,-101.6,-43.9,-0.23,-0.015,0.124,2018,4,24,23,10,22.373
0,-0.4788,-0.4735,-0.5335,0.5116,-8.9,-107.6,-40.5,-0.121,0.001,0.081,2018,4,24,23,10,22.391
0,-0.4861,-0.4594,-0.5279,0.5233,-6.7,-104.2,-36.9,-0.04,-0.019,0.113,2018,4,24,23,10,22.415
0,-0.4925,-0.4459,-0.5224,0.5343,-4.5,-98.2,-36.8,-0.034,-0.047,0.132,2018,4,24,23,10,22.451
1023,-0.4982,-0.4327,-0.5172,0.5448,-4.3,-92.2,-37.6,-0.085,-0.029,0.167,2018,4,24,23,10,22.473
1023,-0.5034,-0.42,-0.5118,0.555,-1.4,-87.8,-36.3,-0.135,0.033,0.099,2018,4,24,23,10,22.478
1023,-0.5082,-0.4083,-0.5066,0.5641,-2.6,-82.6,-34.2,-0.11,-0.005,0.103,2018,4,24,23,10,22.494
1023,-0.5122,-0.3971,-0.5016,0.5728,-1.2,-75.7,-31.4,-0.075,-0.034,0.064,2018,4,24,23,10,22.515
1023,-0.5159,-0.3868,-0.4972,0.5804,-3.9,-68.8,-28.8,-0.053,0,0.035,2018,4,24,23,10,22.553
1023,-0.519,-0.3777,-0.4933,0.5868,-2.5,-60,-25,-0.014,0.043,0.007,2018,4,24,23,10,22.575
1023,-0.5214,-0.3696,-0.4902,0.5925,-1.4,-52.3,-22.9,-0.016,0.023,0.006,2018,4,24,23,10,22.58
1023,-0.5238,-0.3627,-0.4868,0.5975,-1.5,-46,-19.9,0.004,0.042,0.003,2018,4,24,23,10,22.596
1023,-0.526,-0.3561,-0.4838,0.6018,-2.6,-43.7,-17.8,0.038,0.016,0.049,2018,4,24,23,10,22.612
1023,-0.5279,-0.3498,-0.4811,0.6061,-0.6,-40.2,-18.4,0.028,-0.033,-0.007,2018,4,24,23,10,22.635
1023,-0.5291,-0.3439,-0.4785,0.6104,-1.5,-38.7,-19.1,0.055,0.02,0.036,2018,4,24,23,10,22.653
1023,-0.5305,-0.3378,-0.4765,0.6142,-3.4,-36.8,-19.1,0.069,0.013,-0.059,2018,4,24,23,10,22.677
1023,-0.5311,-0.3335,-0.4741,0.6178,9.1,-31.8,-15.3,0.077,0.04,-0.046,2018,4,24,23,10,22.695
1023,-0.5313,-0.3303,-0.4712,0.6216,10.6,-28.4,-14.7,0.034,0.007,-0.043,2018,4,24,23,10,22.714
1023,-0.5317,-0.3268,-0.4683,0.6253,6.4,-28.9,-13.8,0.037,0.047,-0.019,2018,4,24,23,10,22.753
1023,-0.5325,-0.323,-0.466,0.6283,-0.4,-28.5,-13,0.01,0.024,-0.004,2018,4,24,23,10,22.776
1023,-0.5338,-0.3187,-0.4642,0.6308,-4.3,-28.1,-12.6,-0.02,0.003,0.008,2018,4,24,23,10,22.781
1023,-0.5352,-0.3139,-0.4626,0.6332,-6.4,-29.9,-12.3,-0.027,-0.002,0.074,2018,4,24,23,10,22.797
1023,-0.5365,-0.3087,-0.4611,0.6356,-5,-30.5,-13.6,-0.029,-0.016,0.014,2018,4,24,23,10,22.837
1023,-0.5377,-0.3042,-0.4593,0.6381,-2.7,-27.5,-12.7,0.037,0.034,-0.108,2018,4,24,23,10,22.859
0,-0.5384,-0.3004,-0.4574,0.6406,2,-24.2,-12,0.028,0.014,0.055,2018,4,24,23,10,22.864
0,-0.539,-0.2966,-0.4556,0.6432,-0.7,-23,-12.5,0.017,-0.02,-0.017,2018,4,24,23,10,22.88
0,-0.5393,-0.2931,-0.4539,0.6458,3.1,-22,-11.8,0.026,0.033,-0.005,2018,4,24,23,10,22.93
0,-0.54,-0.2902,-0.4522,0.6477,-0.1,-19.8,-8.3,0.062,0.009,-0.145,2018,4,24,23,10,22.932
0,-0.5404,-0.2876,-0.4504,0.6497,5.1,-19.5,-7.1,0.03,-0.009,0.087,2018,4,24,23,10,22.935
0,-0.5417,-0.2838,-0.4485,0.6517,-9.6,-23.2,-7.7,0.034,-0.017,0.017,2018,4,24,23,10,22.972
0,-0.543,-0.2794,-0.4481,0.6527,-10.9,-22.2,-7.2,0.047,0.006,-0.031,2018,4,24,23,10,22.992
0,-0.5446,-0.2754,-0.4476,0.6535,-12.2,-21.2,-6.4,0.015,0.017,-0.003,2018,4,24,23,10,22.998
0,-0.5459,-0.2712,-0.4475,0.6542,-11.9,-21.1,-7.6,-0.009,-0.019,0.004,2018,4,24,23,10,23.034
0,-0.5471,-0.267,-0.4471,0.6552,-9.8,-21.9,-9.1,-0.012,0.008,-0.006,2018,4,24,23,10,23.057
0,-0.5483,-0.2631,-0.4466,0.6561,-10.9,-22,-8.8,0.001,0.061,-0.025,2018,4,24,23,10,23.062
1023,-0.5498,-0.2591,-0.446,0.6569,-11.7,-21.3,-8.4,-0.027,0.006,0.018,2018,4,24,23,10,23.096
1023,-0.551,-0.2549,-0.4454,0.6579,-10.6,-21.2,-8,-0.03,-0.016,0.052,2018,4,24,23,10,23.119
1023,-0.5523,-0.2507,-0.4449,0.6588,-11.7,-20.3,-7.3,-0.014,0.007,0.037,2018,4,24,23,10,23.124
1023,-0.5538,-0.2467,-0.4447,0.6592,-14.9,-16.5,-5.4,0.024,0,0.009,2018,4,24,23,10,23.14
1023,-0.5551,-0.2431,-0.4447,0.6594,-10.8,-12.8,-3.4,0.038,-0.048,0.025,2018,4,24,23,10,23.158
1023,-0.5558,-0.2403,-0.4447,0.6599,-6.5,-8.3,-2.3,0.043,-0.025,0.038,2018,4,24,23,10,23.181
1023,-0.5563,-0.2386,-0.4447,0.6601,-2.8,-4.1,-0.8,0.023,-0.018,-0.007,2018,4,24,23,10,23.2
1023,-0.5564,-0.2382,-0.4446,0.6602,0.2,-0.6,-0.1,0.015,0.022,-0.009,2018,4,24,23,10,23.224
1023,-0.5564,-0.2384,-0.4445,0.6601,0.4,1,0.1,0.007,0.017,-0.003,2018,4,24,23,10,23.241
0,-0.5563,-0.2387,-0.4445,0.6601,0.9,2,0,0.016,0.014,-0.012,2018,4,24,23,10,23.262
0,-0.5561,-0.2391,-0.4446,0.6601,1.5,2.2,-0.6,0.014,0.01,-0.007,2018,4,24,23,10,23.28
0,-0.5558,-0.2395,-0.4446,0.6602,1,2.5,-0.6,0.02,0.032,-0.018,2018,4,24,23,10,23.303
0,-0.5555,-0.2399,-0.4448,0.6601,0.7,3.2,-0.5,0.023,0,-0.009,2018,4,24,23,10,23.34
0,-0.555,-0.2403,-0.445,0.6603,3,4,-0.7,0.018,-0.026,0.003,2018,4,24,23,10,23.363
0,-0.5543,-0.2409,-0.4451,0.6606,4.7,4,-1,0.006,-0.001,-0.004,2018,4,24,23,10,23.368
0,-0.5537,-0.2417,-0.4449,0.661,4.9,3.4,-2,-0.007,0.013,-0.003,2018,4,24,23,10,23.382
0,-0.553,-0.2424,-0.4447,0.6614,3.9,2,-3.6,-0.015,0.013,0.006,2018,4,24,23,10,23.4
0,-0.5523,-0.2426,-0.4446,0.662,2.3,0.6,-5.9,-0.025,0.014,0.01,2018,4,24,23,10,23.439
0,-0.5515,-0.2423,-0.4446,0.6628,0,-1.4,-8.8,-0.04,0.02,0.01,2018,4,24,23,10,23.463
0,-0.5507,-0.2414,-0.4449,0.6636,-3.2,-3.8,-11.5,-0.051,0.029,0.017,2018,4,24,23,10,23.467
0,-0.5499,-0.2396,-0.4453,0.6646,-6.3,-6.3,-15.2,-0.049,0.023,0.021,2018,4,24,23,10,23.482
0,-0.549,-0.2368,-0.446,0.6659,-9.2,-8.5,-19.5,-0.027,0.015,0.031,2018,4,24,23,10,23.501
0,-0.5479,-0.233,-0.447,0.6675,-12.5,-12.6,-22.7,0.01,0.046,-0.01,2018,4,24,23,10,23.524
0,-0.5468,-0.229,-0.4481,0.669,-11.6,-10.8,-22.2,0.033,0.05,-0.037,2018,4,24,23,10,23.542
0,-0.5454,-0.2254,-0.4494,0.6705,-8.2,-6.1,-21.2,0.065,0.03,-0.089,2018,4,24,23,10,23.564
0,-0.5431,-0.2229,-0.4508,0.6723,-2.5,0.8,-22.2,0.037,-0.051,-0.074,2018,4,24,23,10,23.602
0,-0.5408,-0.2209,-0.4516,0.6743,-3.9,0.3,-18.4,0.092,0.028,0.018,2018,4,24,23,10,23.602
0,-0.5388,-0.2191,-0.4531,0.6754,-6.6,5.1,-14.7,0.075,-0.012,-0.062,2018,4,24,23,10,23.626
0,-0.5365,-0.2181,-0.4552,0.6761,-0.9,10.8,-10.3,0.061,-0.061,-0.01,2018,4,24,23,10,23.643
0,-0.5341,-0.2185,-0.4568,0.6769,2.9,14.5,-7,0.038,-0.054,0.013,2018,4,24,23,10,23.666
0,-0.5318,-0.2198,-0.4581,0.6774,5.7,17.9,-5,0.029,-0.026,0.017,2018,4,24,23,10,23.683
1023,-0.5297,-0.2222,-0.459,0.6776,6.2,19.4,-2.2,0.011,0.032,0.013,2018,4,24,23,10,23.706
1023,-0.5278,-0.2252,-0.4601,0.6774,4.9,22.4,-0.7,-0.001,0.016,0.026,2018,4,24,23,10,23.723
1023,-0.5258,-0.2283,-0.4615,0.6769,4.4,24.9,-0.3,-0.007,-0.003,0.032,2018,4,24,23,10,23.747
1023,-0.5235,-0.2317,-0.4634,0.6762,2,27.4,-0.1,0.003,0.016,-0.001,2018,4,24,23,10,23.764
1023,-0.5212,-0.2354,-0.466,0.675,-0.1,31.5,1.3,0.014,0.023,-0.026,2018,4,24,23,10,23.788
1023,-0.5189,-0.2399,-0.469,0.6731,-1,37.5,4.7,0.032,0.037,-0.014,2018,4,24,23,10,23.805
1023,-0.5166,-0.245,-0.4725,0.6706,-4.3,43.2,8.5,0.061,0.046,-0.012,2018,4,24,23,10,23.829
1023,-0.5141,-0.251,-0.4768,0.6673,-4,51.7,14.1,0.075,-0.008,-0.03,2018,4,24,23,10,23.847
1023,-0.5113,-0.2584,-0.4814,0.6632,-3,59.8,19.9,0.074,0,0.002,2018,4,24,23,10,23.869
1023,-0.5086,-0.2666,-0.4865,0.6584,-3.5,65,22.1,0.028,-0.04,0.018,2018,4,24,23,10,23.885
1023,-0.5055,-0.2756,-0.4916,0.6531,-2,67.5,23.5,-0.014,-0.001,0.009,2018,4,24,23,10,23.904
1023,-0.5026,-0.2854,-0.4966,0.6474,-3.3,69.8,24.3,-0.033,0.032,0.005,2018,4,24,23,10,23.924
1023,-0.4994,-0.2954,-0.502,0.6411,-4.3,72.5,25.4,-0.065,-0.004,0.024,2018,4,24,23,10,23.947
1023,-0.4963,-0.3059,-0.5075,0.6343,-7.2,77,26.4,-0.015,0.03,0.003,2018,4,24,23,10,23.965
0,-0.4926,-0.3169,-0.5136,0.6269,-4.1,84.2,30.5,0.03,-0.016,0.016,2018,4,24,23,10,23.987
0,-0.4884,-0.3283,-0.5194,0.6194,-1.4,87.8,34,-0.016,-0.095,0.044,2018,4,24,23,10,24.006
0,-0.4839,-0.3408,-0.5249,0.6116,1.4,88.8,36.4,-0.048,-0.019,0.01,2018,4,24,23,10,24.03
0,-0.4799,-0.3541,-0.5299,0.6028,-0.9,88.9,39.7,-0.014,0.034,-0.011,2018,4,24,23,10,24.047
0,-0.4762,-0.3669,-0.5349,0.5935,-3.4,86.2,42.7,-0.006,-0.051,0.008,2018,4,24,23,10,24.068
0,-0.473,-0.3788,-0.5397,0.5842,-7,82.5,43.2,-0.024,-0.011,0.017,2018,4,24,23,10,24.105
0,-0.4702,-0.3907,-0.5442,0.5744,-7.1,84,40.4,-0.022,0.083,0.001,2018,4,24,23,10,24.128
0,-0.4665,-0.4033,-0.5487,0.5643,-3.1,90.5,38.7,0.004,0.062,0.023,2018,4,24,23,10,24.13
0,-0.4615,-0.4158,-0.5534,0.5547,-0.6,93.6,36.8,-0.017,-0.016,0.023,2018,4,24,23,10,24.147
0,-0.4561,-0.4284,-0.5582,0.5446,-0.4,94.8,37.2,-0.014,0.058,-0.011,2018,4,24,23,10,24.168
0,-0.4502,-0.4417,-0.5625,0.5344,5.6,99,38.5,-0.061,-0.015,0.026,2018,4,24,23,10,24.186
0,-0.4438,-0.4545,-0.5666,0.5246,1.8,96.2,36.9,-0.107,-0.08,0.017,2018,4,24,23,10,24.209
0,-0.4377,-0.4668,-0.5707,0.5144,-0.4,92,38.7,-0.097,0.01,-0.049,2018,4,24,23,10,24.226
0,-0.4322,-0.4784,-0.5744,0.5042,-5.4,89.3,37.6,-0.166,-0.055,0.057,2018,4,24,23,10,24.249
0,-0.4275,-0.4891,-0.5782,0.4935,-7.9,87.3,36.8,-0.282,-0.008,0.079,2018,4,24,23,10,24.267
0,-0.4236,-0.499,-0.5818,0.4826,-9,85.1,34.7,-0.35,0.043,0.09,2018,4,24,23,10,24.29
0,-0.4188,-0.5086,-0.5856,0.4721,-5.7,79.2,30.8,-0.377,0.048,0.113,2018,4,24,23,10,24.308
1023,-0.4134,-0.518,-0.5879,0.4635,13.5,70.4,30.1,-0.384,0.029,0.158,2018,4,24,23,10,24.331
1023,-0.4078,-0.5272,-0.5887,0.4572,16.1,56.3,28.8,-0.33,-0.041,0.185,2018,4,24,23,10,24.349
1023,-0.4036,-0.5357,-0.5877,0.4523,17.5,40.7,34,-0.333,-0.088,0.354,2018,4,24,23,10,24.368
1023,-0.4015,-0.5424,-0.5857,0.4487,6.2,20.9,27.4,-0.36,-0.067,0.373,2018,4,24,23,10,24.386
1023,-0.4041,-0.5437,-0.5855,0.4452,-37.5,-10.4,13.1,-0.381,-0.196,0.356,2018,4,24,23,10,24.407
1023,-0.4133,-0.5385,-0.5871,0.4408,-77.2,-38.4,10.7,-0.269,-0.065,0.231,2018,4,24,23,10,24.446
1023,-0.4267,-0.5299,-0.5887,0.4362,-82.4,-58.2,10.7,-0.292,-0.066,0.138,2018,4,24,23,10,24.468
1023,-0.4418,-0.5196,-0.5891,0.433,-81,-64.6,9.9,-0.197,-0.095,0.017,2018,4,24,23,10,24.472
1023,-0.4547,-0.5099,-0.5903,0.4298,-77.1,-54.5,0.8,-0.111,0.056,-0.086,2018,4,24,23,10,24.489
1023,-0.4691,-0.4971,-0.5932,0.4252,-124.3,-62.6,-14.4,-0.131,0.223,-0.127,2018,4,24,23,10,24.512
1023,-0.4882,-0.4763,-0.6013,0.4161,-190.7,-73.4,-30.3,-0.119,0.228,-0.035,2018,4,24,23,10,24.53
1023,-0.5111,-0.4487,-0.6119,0.4036,-216.5,-87.6,-36.7,-0.048,0.192,0.091,2018,4,24,23,10,24.553
1023,-0.5347,-0.418,-0.6214,0.3912,-213.7,-98.7,-44.8,0.017,0.158,0.122,2018,4,24,23,10,24.571
1023,-0.5575,-0.386,-0.629,0.3798,-205.4,-102.1,-50.6,0.086,0.155,0.075,2018,4,24,23,10,24.595
1023,-0.5785,-0.3547,-0.6349,0.3692,-186.4,-98.2,-56.2,0.13,0.069,0.005,2018,4,24,23,10,24.612
0,-0.5952,-0.3251,-0.6396,0.3617,-151.4,-90.5,-61.6,0.185,-0.013,-0.031,2018,4,24,23,10,24.635
0,-0.6078,-0.2991,-0.6423,0.3582,-110.9,-84,-61.1,0.232,0.02,-0.017,2018,4,24,23,10,24.651
0,-0.6177,-0.2776,-0.6424,0.3585,-72.9,-79.2,-58.3,0.252,0.015,0,2018,4,24,23,10,24.669
0,-0.6255,-0.26,-0.6401,0.3623,-43.1,-76.5,-57.2,0.265,0.041,-0.003,2018,4,24,23,10,24.692
0,-0.632,-0.2452,-0.6365,0.3676,-31.6,-74.5,-56.8,0.294,0.09,-0.023,2018,4,24,23,10,24.71
0,-0.6379,-0.2312,-0.6326,0.3731,-32.5,-71.5,-57.3,0.305,0.128,-0.03,2018,4,24,23,10,24.733
0,-0.6437,-0.2172,-0.6292,0.3775,-40.4,-67.4,-56.9,0.327,0.151,-0.032,2018,4,24,23,10,24.752
0,-0.6491,-0.2023,-0.6265,0.3808,-47.9,-61.8,-56.1,0.319,0.129,-0.019,2018,4,24,23,10,24.775
0,-0.6541,-0.1871,-0.6244,0.3836,-47.9,-55.6,-52.9,0.3,0.091,-0.001,2018,4,24,23,10,24.793
0,-0.6581,-0.1729,-0.6225,0.3864,-40.8,-48.7,-49.1,0.288,0.073,-0.012,2018,4,24,23,10,24.814
0,-0.6609,-0.1604,-0.621,0.3895,-30,-40.2,-45.5,0.277,0.059,-0.03,2018,4,24,23,10,24.832
0,-0.6623,-0.1501,-0.6196,0.3934,-16.8,-30.7,-42.6,0.263,0.039,-0.031,2018,4,24,23,10,24.855
0,-0.6625,-0.1421,-0.6182,0.3982,-4.3,-21.7,-40.7,0.242,0.031,-0.013,2018,4,24,23,10,24.873
0,-0.6616,-0.1363,-0.6167,0.404,7.8,-13.8,-39.7,0.227,0.033,0.006,2018,4,24,23,10,24.892
1023,-0.6598,-0.1325,-0.615,0.4108,20.9,-7.4,-39.1,0.171,0.01,0.013,2018,4,24,23,10,24.91
1023,-0.6568,-0.1311,-0.6132,0.4185,34.7,-0.8,-36.4,0.02,0.004,-0.01,2018,4,24,23,10,24.933
1023,-0.6531,-0.1328,-0.6114,0.4265,48.4,5.7,-28.8,-0.194,-0.02,-0.019,2018,4,24,23,10,24.951
1023,-0.649,-0.138,-0.6091,0.4343,62.3,10.4,-16.6,-0.378,-0.02,-0.015,2018,4,24,23,10,24.972
1023,-0.6454,-0.1464,-0.6058,0.4415,71.2,11.6,-2.7,-0.471,-0.026,0.017,2018,4,24,23,10,25.011
1023,-0.6428,-0.156,-0.6014,0.4479,68.7,6.3,4.6,-0.298,0,0.054,2018,4,24,23,10,25.032
1023,-0.6415,-0.1639,-0.5966,0.4533,51.7,-1.5,2.4,-0.114,0.036,0.039,2018,4,24,23,10,25.036
1023,-0.6411,-0.168,-0.5925,0.4577,27.7,-10,-7.9,0.054,0.084,-0.014,2018,4,24,23,10,25.055
1023,-0.6409,-0.1679,-0.5903,0.4608,6,-14.2,-19.5,0.08,0.113,-0.086,2018,4,24,23,10,25.078
1023,-0.6406,-0.1646,-0.5895,0.4635,-4.3,-16.3,-26.7,-0.01,0.09,-0.13,2018,4,24,23,10,25.096
1023,-0.6402,-0.1597,-0.5888,0.4667,-3.6,-19,-29.2,-0.065,0.046,-0.134,2018,4,24,23,10,25.119
1023,-0.64,-0.155,-0.5873,0.4703,0.7,-22.2,-27.4,-0.046,0.055,-0.147,2018,4,24,23,10,25.136
1023,-0.6404,-0.1503,-0.5854,0.4737,-4,-25.1,-23.4,-0.005,0.097,-0.167,2018,4,24,23,10,25.159
1023,-0.6417,-0.1447,-0.584,0.4756,-19.6,-27.4,-18.9,0.017,0.121,-0.18,2018,4,24,23,10,25.175
1023,-0.6439,-0.1373,-0.5836,0.4751,-39,-29,-14.5,0.017,0.126,-0.207,2018,4,24,23,10,25.193
0,-0.647,-0.1282,-0.5846,0.4722,-56,-28.8,-9.2,0.002,0.133,-0.234,2018,4,24,23,10,25.217
0,-0.6508,-0.1182,-0.5867,0.467,-66.8,-27.1,-2.5,-0.032,0.09,-0.249,2018,4,24,23,10,25.234
0,-0.6547,-0.109,-0.5889,0.461,-57,-23.9,3.5,-0.061,0.015,-0.264,2018,4,24,23,10,25.257
0,-0.6585,-0.1023,-0.5902,0.4554,-43.2,-21.3,11.3,-0.087,0.041,-0.255,2018,4,24,23,10,25.275
0,-0.6624,-0.0982,-0.5904,0.4505,-26.1,-18.5,17.3,-0.096,0.015,-0.255,2018,4,24,23,10,25.296
0,-0.666,-0.097,-0.5893,0.4469,-8.5,-16.6,20.8,-0.096,0.024,-0.231,2018,4,24,23,10,25.334
0,-0.6694,-0.0974,-0.5873,0.4442,-1.1,-16.3,21.6,-0.091,0.041,-0.2,2018,4,24,23,10,25.358
0,-0.6728,-0.0983,-0.585,0.442,-0.7,-17.5,20.5,-0.077,0.056,-0.171,2018,4,24,23,10,25.363
0,-0.6762,-0.0984,-0.5827,0.4397,-6.3,-19.2,18,-0.069,0.065,-0.163,2018,4,24,23,10,25.38
0,-0.6797,-0.0971,-0.581,0.4368,-18.2,-20.7,15.4,-0.091,0.077,-0.175,2018,4,24,23,10,25.397
0,-0.6834,-0.094,-0.5802,0.4328,-32.7,-20.9,14.4,-0.132,0.079,-0.196,2018,4,24,23,10,25.416
0,-0.6872,-0.089,-0.5806,0.4272,-49.8,-19.2,14.7,-0.139,0.089,-0.193,2018,4,24,23,10,25.439
0,-0.691,-0.0823,-0.5825,0.4197,-62.7,-15.9,16.5,-0.115,0.065,-0.185,2018,4,24,23,10,25.457
0,-0.6946,-0.0753,-0.5855,0.411,-68.3,-10.7,19.1,-0.064,0.068,-0.158,2018,4,24,23,10,25.475
1023,-0.6976,-0.0686,-0.5893,0.4015,-66.4,-4.4,22.5,0.001,0.038,-0.128,2018,4,24,23,10,25.497
1023,-0.6995,-0.0639,-0.594,0.3919,-53.9,3,25.8,0.078,0.023,-0.1,2018,4,24,23,10,25.533
1023,-0.7007,-0.0618,-0.598,0.384,-30.8,10.9,29.8,0.132,-0.001,-0.078,2018,4,24,23,10,25.556
1023,-0.701,-0.0636,-0.6008,0.3787,-1.6,18.1,33.3,0.154,-0.024,-0.053,2018,4,24,23,10,25.561
1023,-0.7007,-0.0697,-0.6022,0.3759,25.4,23.9,36.9,0.124,-0.011,-0.033,2018,4,24,23,10,25.596
1023,-0.6998,-0.0794,-0.6027,0.375,44.2,28.3,40.5,0.098,-0.014,-0.024,2018,4,24,23,10,25.619
1023,-0.6986,-0.0917,-0.6023,0.3749,54.1,29.8,44.6,0.041,0,0.011,2018,4,24,23,10,25.623
1023,-0.6978,-0.105,-0.6014,0.3745,53.4,28.9,49.6,-0.001,-0.033,0.034,2018,4,24,23,10,25.641
1023,-0.6975,-0.1182,-0.6002,0.3731,45.9,25.6,54.4,-0.038,-0.02,0.054,2018,4,24,23,10,25.659
1023,-0.6981,-0.13,-0.599,0.3699,28.8,20.3,57.6,-0.052,-0.035,0.068,2018,4,24,23,10,25.682
1023,-0.6998,-0.139,-0.5983,0.3645,6.1,14.6,57.7,-0.05,-0.048,0.068,2018,4,24,23,10,25.699
1023,-0.7024,-0.1443,-0.5984,0.357,-18.1,8.4,54.2,-0.041,-0.08,0.062,2018,4,24,23,10,25.736
1023,-0.7056,-0.1458,-0.5994,0.3483,-33.9,3.7,47.3,-0.044,-0.128,0.062,2018,4,24,23,10,25.757
1023,-0.7089,-0.1449,-0.6007,0.3397,-40.1,-0.9,37.2,-0.03,-0.172,0.065,2018,4,24,23,10,25.761
1023,-0.7121,-0.1432,-0.6019,0.3318,-37.5,-4.7,25.4,-0.008,-0.199,0.051,2018,4,24,23,10,25.779
1023,-0.7146,-0.1406,-0.6026,0.326,-29.7,-7,12.9,0.011,-0.208,0.041,2018,4,24,23,10,25.802
1023,-0.7164,-0.1378,-0.6028,0.3228,-19.6,-8.6,0.8,0.003,-0.204,0.034,2018,4,24,23,10,25.82
1023,-0.7175,-0.1349,-0.6026,0.3221,-10.5,-10.1,-9.2,-0.005,-0.189,0.026,2018,4,24,23,10,25.844
1023,-0.718,-0.1321,-0.6019,0.3233,-2.8,-11.3,-16.9,0.001,-0.167,0.022,2018,4,24,23,10,25.86
1023,-0.7179,-0.1282,-0.601,0.3267,-0.4,-12.8,-22.7,0.015,-0.13,0.008,2018,4,24,23,10,25.882
0,-0.7176,-0.1238,-0.6001,0.3309,-0.6,-14,-27.7,0.026,-0.107,-0.005,2018,4,24,23,10,25.919
0,-0.7171,-0.1189,-0.5992,0.3353,-2.2,-14.6,-31.6,0.038,-0.079,-0.018,2018,4,24,23,10,25.942
0,-0.7164,-0.1135,-0.5985,0.3398,-3.7,-14.5,-34.5,0.036,-0.063,-0.032,2018,4,24,23,10,25.947
0,-0.7154,-0.108,-0.5981,0.3444,-3.8,-12.9,-36.7,0.031,-0.052,-0.05,2018,4,24,23,10,25.961
0,-0.714,-0.1027,-0.598,0.3491,-1.5,-10.1,-37.5,0.016,-0.042,-0.054,2018,4,24,23,10,25.979
0,-0.7122,-0.0981,-0.598,0.3542,3.9,-6.8,-37.3,0.003,-0.033,-0.054,2018,4,24,23,10,26.001
0,-0.7099,-0.0948,-0.598,0.3596,12.1,-2.9,-35.8,-0.01,-0.027,-0.056,2018,4,24,23,10,26.021
0,-0.7072,-0.0932,-0.5978,0.3656,20.6,0.9,-33.2,-0.026,-0.013,-0.047,2018,4,24,23,10,26.044
0,-0.7041,-0.0932,-0.5975,0.3719,28.2,4.2,-30.2,-0.022,0.005,-0.047,2018,4,24,23,10,26.064
0,-0.701,-0.0946,-0.597,0.3783,33,7,-27.5,-0.006,0.025,-0.037,2018,4,24,23,10,26.101
0,-0.6977,-0.0969,-0.5964,0.3848,35.6,9,-25.5,0.019,0.04,-0.048,2018,4,24,23,10,26.122
1023,-0.6943,-0.0996,-0.5958,0.3911,36.1,10.5,-24.7,0.039,0.056,-0.041,2018,4,24,23,10,26.126
1023,-0.6908,-0.1025,-0.5953,0.3973,34.2,11.5,-24.7,0.051,0.071,-0.046,2018,4,24,23,10,26.143
1023,-0.6872,-0.1052,-0.595,0.403,30.7,12.8,-24.2,0.047,0.075,-0.047,2018,4,24,23,10,26.166
1023,-0.6837,-0.1077,-0.5952,0.4082,26.8,13.7,-23,0.044,0.083,-0.053,2018,4,24,23,10,26.185
1023,-0.6801,-0.11,-0.5958,0.4126,23.3,15.8,-20.8,0.041,0.082,-0.065,2018,4,24,23,10,26.205
1023,-0.6763,-0.1124,-0.597,0.4164,21.5,18.5,-18.2,0.045,0.081,-0.074,2018,4,24,23,10,26.222
1023,-0.6725,-0.1151,-0.5986,0.4196,19.8,21.7,-15.7,0.065,0.082,-0.078,2018,4,24,23,10,26.245
1023,-0.6684,-0.1181,-0.6006,0.4223,17.9,25.1,-13.6,0.088,0.085,-0.09,2018,4,24,23,10,26.263
1023,-0.664,-0.1212,-0.6033,0.4245,16.2,28.2,-12.2,0.095,0.085,-0.105,2018,4,24,23,10,26.286
1023,-0.6594,-0.1245,-0.6065,0.4263,14.2,31.1,-11.4,0.106,0.089,-0.122,2018,4,24,23,10,26.304
0,-0.6543,-0.1278,-0.6104,0.4276,12.1,34.5,-11.5,0.125,0.09,-0.135,2018,4,24,23,10,26.327
0,-0.6489,-0.1311,-0.6146,0.4288,12.6,36.8,-10.4,0.104,0.08,-0.136,2018,4,24,23,10,26.364
0,-0.6438,-0.1347,-0.618,0.4304,16.8,39,-6.6,0.031,0.062,-0.141,2018,4,24,23,10,26.387
0,-0.6387,-0.1397,-0.621,0.432,24.6,41.1,1.6,-0.066,0.027,-0.144,2018,4,24,23,10,26.391
0,-0.634,-0.147,-0.6232,0.4334,34.9,42.3,13.7,-0.18,-0.007,-0.144,2018,4,24,23,10,26.408
0,-0.6299,-0.1571,-0.6242,0.4344,46.8,41.5,27,-0.265,-0.035,-0.109,2018,4,24,23,10,26.444
0,-0.6262,-0.1699,-0.6244,0.4347,54.8,38.1,37.1,-0.284,-0.041,-0.068,2018,4,24,23,10,26.466
0,-0.6233,-0.1833,-0.6234,0.4348,53.7,32.4,39.7,-0.239,-0.04,-0.039,2018,4,24,23,10,26.469
0,-0.6213,-0.1951,-0.6219,0.4348,42.5,25.3,33.9,-0.161,-0.025,-0.03,2018,4,24,23,10,26.486
0,-0.6197,-0.2036,-0.621,0.4343,24.3,19.1,22.1,-0.091,-0.005,-0.024,2018,4,24,23,10,26.504
0,-0.6184,-0.2083,-0.6213,0.4336,8.3,14.5,8.6,-0.065,-0.016,-0.014,2018,4,24,23,10,26.526
0,-0.6169,-0.21,-0.6222,0.4336,5.5,10.6,-2.5,-0.06,-0.064,0.003,2018,4,24,23,10,26.564
0,-0.6148,-0.2106,-0.6229,0.4353,14.8,7.4,-9.7,-0.055,-0.095,0.011,2018,4,24,23,10,26.587
0,-0.6121,-0.2119,-0.6223,0.4393,33.9,4.6,-12.1,-0.06,-0.105,0.008,2018,4,24,23,10,26.591
0,-0.609,-0.2151,-0.6199,0.4455,51.2,1.3,-11.5,-0.082,-0.066,0.003,2018,4,24,23,10,26.607
0,-0.606,-0.2196,-0.616,0.4526,55.8,-3.2,-9.9,-0.088,-0.022,-0.006,2018,4,24,23,10,26.63
0,-0.6039,-0.224,-0.6116,0.4593,49.5,-9.1,-8.1,-0.07,0.017,-0.021,2018,4,24,23,10,26.667
0,-0.6029,-0.2269,-0.6075,0.4645,32.1,-15.1,-7.2,-0.043,0.038,-0.057,2018,4,24,23,10,26.667
0,-0.6032,-0.2276,-0.6044,0.4679,15.3,-20.6,-6.4,-0.008,0.034,-0.092,2018,4,24,23,10,26.689
0,-0.6044,-0.2263,-0.6022,0.4697,0.7,-25.6,-6.7,0.039,0.04,-0.113,2018,4,24,23,10,26.705
0,-0.6064,-0.2232,-0.6009,0.4704,-10.9,-29,-7.9,0.071,0.032,-0.144,2018,4,24,23,10,26.726
1023,-0.6094,-0.2181,-0.5995,0.4706,-21.2,-31.2,-8.6,0.07,0.066,-0.182,2018,4,24,23,10,26.765
1023,-0.6129,-0.2117,-0.5987,0.4701,-30.6,-31.5,-10.3,0.112,0.083,-0.225,2018,4,24,23,10,26.786
1023,-0.6166,-0.2044,-0.5987,0.4685,-41.2,-29.3,-8.3,0.153,0.194,-0.268,2018,4,24,23,10,26.788
1023,-0.6207,-0.1965,-0.5997,0.4651,-51.3,-25.3,-1.8,0.179,0.244,-0.293,2018,4,24,23,10,26.824
1023,-0.6248,-0.1895,-0.6014,0.4603,-47.3,-18.3,5.4,0.128,0.226,-0.234,2018,4,24,23,10,26.847
1023,-0.6283,-0.1857,-0.6023,0.4558,-20.3,-9.5,18.3,0.101,0.23,-0.164,2018,4,24,23,10,26.852
1023,-0.6312,-0.1881,-0.601,0.4525,12.3,-0.8,39.7,0.068,0.261,-0.117,2018,4,24,23,10,26.868
1023,-0.6338,-0.1969,-0.5977,0.4495,39.4,10.7,61.2,-0.084,0.169,-0.152,2018,4,24,23,10,26.891
1023,-0.6359,-0.2107,-0.5937,0.4456,45,25.7,79.9,-0.252,0.167,-0.194,2018,4,24,23,10,26.909
1023,-0.6375,-0.2271,-0.5911,0.4386,35.4,44.6,95.2,-0.262,0.17,-0.149,2018,4,24,23,10,26.933
1023,-0.6382,-0.2451,-0.5907,0.4284,30.1,63.4,101.8,-0.215,0.082,-0.048,2018,4,24,23,10,26.95
1023,-0.6366,-0.2655,-0.5914,0.4174,49,79.6,101.4,-0.17,-0.031,0.063,2018,4,24,23,10,26.973
1023,-0.6317,-0.2891,-0.5908,0.4101,91.9,92,95.5,-0.136,-0.117,0.145,2018,4,24,23,10,26.987
0,-0.6221,-0.3179,-0.5883,0.4071,134.8,99.1,85.2,-0.096,-0.114,0.171,2018,4,24,23,10,27.026
0,-0.6088,-0.3491,-0.5839,0.4078,157.1,101.1,74.4,-0.01,-0.062,0.145,2018,4,24,23,10,27.049
0,-0.5944,-0.3792,-0.578,0.4107,153.4,99.6,65.2,0.085,0.012,0.163,2018,4,24,23,10,27.051
0,-0.5794,-0.4067,-0.5736,0.4119,124.6,92.2,54.5,0.129,0.086,0.232,2018,4,24,23,10,27.071
0,-0.5671,-0.4277,-0.5717,0.4105,71.8,81.7,43.7,0.243,0.165,0.293,2018,4,24,23,10,27.089
0,-0.5593,-0.441,-0.5731,0.4049,15.2,72.8,35.6,0.356,0.126,0.291,2018,4,24,23,10,27.112
0,-0.5552,-0.4486,-0.5774,0.3961,-15.6,66.4,28.4,0.396,0.037,0.296,2018,4,24,23,10,27.131
0,-0.5522,-0.4539,-0.5823,0.3871,-12.5,61,23.3,0.391,-0.008,0.276,2018,4,24,23,10,27.153
0,-0.5479,-0.4601,-0.5858,0.3805,17.3,58.4,21.8,0.37,-0.033,0.189,2018,4,24,23,10,27.191
0,-0.5409,-0.4696,-0.5863,0.3781,59.6,59.1,22.6,0.358,0.003,0.119,2018,4,24,23,10,27.191
0,-0.5306,-0.4831,-0.5841,0.3791,91.7,55.6,24.6,0.296,0.086,0.078,2018,4,24,23,10,27.215
0,-0.5186,-0.4989,-0.5796,0.3822,108.4,48.6,27.9,0.231,0.132,0.031,2018,4,24,23,10,27.23
0,-0.506,-0.5151,-0.5732,0.3871,117,39.9,31,0.139,0.123,0.075,2018,4,24,23,10,27.268
0,-0.4941,-0.5308,-0.5657,0.3924,108.5,33.2,33.7,0.112,0.191,0.136,2018,4,24,23,10,27.289
0,-0.485,-0.5443,-0.5584,0.3957,74.8,24.8,38.3,0.057,0.256,0.093,2018,4,24,23,10,27.296
0,-0.4807,-0.5536,-0.5534,0.3951,26.2,21.1,34.4,-0.085,0.176,0.067,2018,4,24,23,10,27.312
0,-0.4799,-0.5592,-0.5514,0.3907,-2.3,23.4,28.4,-0.086,0.085,-0.158,2018,4,24,23,10,27.331
1023,-0.48,-0.5629,-0.5514,0.3853,-9.4,26.5,25.1,-0.12,0.141,-0.255,2018,4,24,23,10,27.354
1023,-0.48,-0.5664,-0.5517,0.3798,-7.1,26.5,25,-0.194,0.137,-0.368,2018,4,24,23,10,27.372
1023,-0.4792,-0.5696,-0.553,0.3741,-1.9,34,14.5,-0.269,-0.137,-0.214,2018,4,24,23,10,27.395
1023,-0.4724,-0.5758,-0.5522,0.3743,78.7,33.4,6.9,-0.284,-0.202,-0.024,2018,4,24,23,10,27.413
1023,-0.4609,-0.584,-0.5491,0.3806,87.9,20.4,-15.9,-0.388,-0.044,0.166,2018,4,24,23,10,27.438
1023,-0.4545,-0.5853,-0.5496,0.3855,-8.2,-7.6,-26.5,-0.263,0.358,0.484,2018,4,24,23,10,27.452
1023,-0.457,-0.58,-0.5518,0.3874,-18.6,-27.9,-22.8,-0.145,0.102,0.435,2018,4,24,23,10,27.49
1023,-0.4589,-0.5758,-0.5512,0.3923,17.9,-36.9,-17,-0.082,-0.046,0.32,2018,4,24,23,10,27.513
1023,-0.4581,-0.5737,-0.5478,0.4009,43.7,-38.8,-20.7,-0.015,-0.068,0.126,2018,4,24,23,10,27.517
1023,-0.4554,-0.5724,-0.5434,0.4117,51.7,-36.8,-22.5,0.004,-0.062,0.096,2018,4,24,23,10,27.536
1023,-0.4524,-0.5704,-0.5396,0.4226,38.2,-39.5,-30.7,-0.029,0.001,0.009,2018,4,24,23,10,27.554
1023,-0.4515,-0.5661,-0.5378,0.4316,9.9,-47.8,-33.6,-0.105,-0.02,-0.006,2018,4,24,23,10,27.592
1023,-0.454,-0.5574,-0.5377,0.4404,-17.5,-63.2,-40,-0.233,-0.176,-0.033,2018,4,24,23,10,27.615
1023,-0.4609,-0.5442,-0.539,0.4479,-52.5,-87.4,-47.8,-0.268,-0.162,0.18,2018,4,24,23,10,27.618
1023,-0.4717,-0.5273,-0.5392,0.4566,-47.4,-106.4,-50.9,-0.294,0.076,0.123,2018,4,24,23,10,27.637
1023,-0.4816,-0.5101,-0.5378,0.4674,-32,-114.7,-53.5,-0.262,0.091,0.146,2018,4,24,23,10,27.655
1023,-0.4904,-0.4928,-0.5342,0.4807,-14.6,-114,-59.1,-0.201,0.003,0.174,2018,4,24,23,10,27.679
1023,-0.4972,-0.4764,-0.5298,0.495,-6.2,-109.3,-61.4,-0.134,0.069,0.108,2018,4,24,23,10,27.715
0,-0.5024,-0.4611,-0.5256,0.5084,-3.1,-100.2,-58.9,-0.02,0.022,0.083,2018,4,24,23,10,27.738
0,-0.5064,-0.4468,-0.5212,0.5216,4.5,-93.3,-55.8,-0.006,-0.104,0.135,2018,4,24,23,10,27.742
0,-0.5094,-0.4332,-0.5174,0.5338,-2.5,-88.8,-52.5,-0.033,-0.008,0.036,2018,4,24,23,10,27.756
0,-0.5129,-0.4204,-0.513,0.5447,-2,-85.5,-48,-0.058,0.013,0.055,2018,4,24,23,10,27.792
0,-0.5158,-0.4082,-0.5088,0.5552,2.3,-81.4,-45.1,-0.083,0.004,0.098,2018,4,24,23,10,27.815
0,-0.5188,-0.3959,-0.5047,0.5649,-3.2,-80.3,-44.8,-0.118,-0.007,0.005,2018,4,24,23,10,27.819
0,-0.5217,-0.3843,-0.5007,0.5738,-2.6,-76.2,-42.3,-0.079,0.06,0.055,2018,4,24,23,10,27.837
0,-0.5247,-0.3728,-0.4967,0.5821,-6.7,-72.9,-40,-0.036,0.004,0.024,2018,4,24,23,10,27.855
0,-0.5272,-0.3618,-0.4933,0.5897,-5.4,-67.8,-36.4,-0.005,0.024,0.044,2018,4,24,23,10,27.878
0,-0.5296,-0.3512,-0.4901,0.5965,-7,-63,-35.3,-0.002,-0.007,-0.038,2018,4,24,23,10,27.896
0,-0.5318,-0.3412,-0.487,0.6028,-7.6,-59.2,-32.8,0.032,0.016,0.017,2018,4,24,23,10,27.92
1023,-0.5337,-0.3317,-0.4844,0.6085,-7.6,-53.4,-31.4,0.037,-0.019,0,2018,4,24,23,10,27.958
1023,-0.5349,-0.3231,-0.4822,0.6138,-3.8,-47,-29.3,0.043,-0.003,0.042,2018,4,24,23,10,27.96
1023,-0.5358,-0.3152,-0.4798,0.619,-3,-43.2,-29.2,0.046,-0.014,-0.003,2018,4,24,23,10,27.975
1023,-0.5361,-0.308,-0.4779,0.6239,-0.8,-39.4,-29.8,0.025,0.013,-0.028,2018,4,24,23,10,28.011
1023,-0.5361,-0.3015,-0.4759,0.6285,0.2,-37.6,-29.1,0.002,0.06,-0.024,2018,4,24,23,10,28.033
1023,-0.536,-0.2956,-0.4739,0.6329,2.9,-35.5,-29.1,-0.029,0.042,-0.017,2018,4,24,23,10,28.039
1023,-0.5359,-0.2893,-0.4715,0.6376,-0.5,-37.4,-29.7,-0.026,0.031,0.01,2018,4,24,23,10,28.076
1023,-0.5359,-0.2826,-0.4696,0.6421,-3.6,-37.7,-29.8,-0.015,0.014,-0.018,2018,4,24,23,10,28.098
1023,-0.5358,-0.2761,-0.4681,0.646,-4.7,-35.4,-27.9,0,0.015,0.044,2018,4,24,23,10,28.102
1023,-0.536,-0.2692,-0.4667,0.6499,-5,-33.2,-25.3,0.005,-0.045,0.013,2018,4,24,23,10,28.119
1023,-0.5355,-0.2633,-0.4653,0.6536,0.4,-28.3,-23.1,0.02,-0.029,0.044,2018,4,24,23,10,28.137
1023,-0.5353,-0.2582,-0.4636,0.657,-0.9,-24.9,-20.5,0.032,0.01,0.01,2018,4,24,23,10,28.16
1023,-0.5349,-0.2539,-0.4624,0.6598,0.6,-19.4,-17.5,0.039,0.018,-0.033,2018,4,24,23,10,28.179
1023,-0.5344,-0.2509,-0.4614,0.6621,2.4,-13.9,-14.2,0.022,-0.004,0.001,2018,4,24,23,10,28.202
0,-0.5335,-0.2487,-0.4604,0.6644,5.7,-10.9,-12.8,0.003,-0.008,0.008,2018,4,24,23,10,28.22
0,-0.5328,-0.2471,-0.4593,0.6663,3.7,-10.7,-10.9,0.021,0.054,-0.028,2018,4,24,23,10,28.243
0,-0.5327,-0.2456,-0.4586,0.6674,-2.9,-9.9,-7.6,0.017,0.051,-0.023,2018,4,24,23,10,28.258
0,-0.5328,-0.2436,-0.4585,0.6681,-2.8,-8.8,-5.8,-0.001,-0.031,0.006,2018,4,24,23,10,28.297
0,-0.5328,-0.2418,-0.4582,0.669,-0.2,-9.2,-5.2,-0.011,-0.02,0.006,2018,4,24,23,10,28.32
0,-0.533,-0.2404,-0.4576,0.6697,-1.5,-9.4,-3.9,0.01,0.04,-0.026,2018,4,24,23,10,28.324
0,-0.5337,-0.2389,-0.4572,0.6699,-4,-8.7,-2,0.03,0.025,-0.064,2018,4,24,23,10,28.34
0,-0.5344,-0.2375,-0.4567,0.6703,-3.4,-8.7,-1.1,0.019,-0.003,0.044,2018,4,24,23,10,28.364
0,-0.5352,-0.2359,-0.4564,0.6704,-4.2,-7.5,0.1,0.01,-0.019,-0.015,2018,4,24,23,10,28.381
0,-0.5357,-0.2349,-0.4563,0.6705,-0.9,-5.1,0.4,0.009,-0.002,-0.013,2018,4,24,23,10,28.404
0,-0.5361,-0.2345,-0.4558,0.6705,0.4,-3.1,0.7,-0.003,0.005,0.004,2018,4,24,23,10,28.424
0,-0.5364,-0.2344,-0.4555,0.6706,0.9,-2,0.4,-0.012,0.014,0.012,2018,4,24,23,10,28.443
0,-0.5366,-0.2344,-0.4551,0.6706,-0.4,-1.4,-0.2,-0.02,0.014,0.006,2018,4,24,23,10,28.465
0,-0.5367,-0.2342,-0.4551,0.6706,-1.2,-0.7,-0.7,-0.008,0.011,0.007,2018,4,24,23,10,28.482
0,-0.5368,-0.234,-0.4553,0.6705,-1.9,0.5,-0.5,0.013,0.014,0.001,2018,4,24,23,10,28.499
0,-0.5367,-0.234,-0.4556,0.6704,-1.2,2.3,0.4,0.017,0.009,-0.004,2018,4,24,23,10,28.522
0,-0.5366,-0.2344,-0.4558,0.6702,1,4,1.6,0.009,0.004,0.003,2018,4,24,23,10,28.541
0,-0.5363,-0.2352,-0.456,0.67,3.7,5.1,1.9,0.001,0,-0.008,2018,4,24,23,10,28.564
1023,-0.5359,-0.2365,-0.456,0.6699,4.5,5.1,0.9,-0.004,0.02,-0.013,2018,4,24,23,10,28.6
1023,-0.5354,-0.2377,-0.456,0.6699,3.2,4.4,-1,-0.016,0.026,-0.018,2018,4,24,23,10,28.622
1023,-0.5347,-0.2385,-0.4561,0.6701,3.2,3.2,-4.1,-0.025,0.015,-0.002,2018,4,24,23,10,28.627
1023,-0.5338,-0.2388,-0.4562,0.6706,1.7,1.7,-7.5,-0.024,0.032,-0.003,2018,4,24,23,10,28.642
1023,-0.5328,-0.2385,-0.4565,0.6713,-0.7,0,-11.1,-0.024,0.032,-0.004,2018,4,24,23,10,28.665
1023,-0.5315,-0.2375,-0.4572,0.6722,-3.1,-1.9,-14.5,-0.014,0.027,-0.006,2018,4,24,23,10,28.683
1023,-0.5302,-0.2358,-0.458,0.6733,-5.6,-3.4,-16.7,-0.001,0.047,-0.016,2018,4,24,23,10,28.707
1023,-0.5289,-0.2336,-0.459,0.6744,-7.5,-3.1,-17.1,-0.019,0.032,-0.026,2018,4,24,23,10,28.724
1023,-0.5275,-0.2313,-0.4605,0.6753,-8.2,-2.4,-15.5,0.006,-0.01,-0.003,2018,4,24,23,10,28.748
1023,-0.5262,-0.2289,-0.4618,0.6762,-7.8,-2.3,-14.2,0.016,-0.011,0.005,2018,4,24,23,10,28.764
1023,-0.525,-0.2268,-0.4632,0.6769,-7.9,-1,-11.7,0.026,0,-0.013,2018,4,24,23,10,28.782
0,-0.524,-0.2252,-0.4645,0.6773,-6.1,1.5,-9,0.043,-0.003,-0.016,2018,4,24,23,10,28.804
0,-0.5229,-0.2244,-0.4657,0.6776,-2.5,5.4,-5.5,0.046,0.001,-0.019,2018,4,24,23,10,28.841
0,-0.5218,-0.2247,-0.4667,0.6777,0.3,9.2,-2.9,0.039,-0.01,-0.008,2018,4,24,23,10,28.864
0,-0.5206,-0.2257,-0.4677,0.6776,1.8,12.4,-0.2,0.031,-0.001,-0.016,2018,4,24,23,10,28.868
0,-0.5195,-0.2276,-0.4687,0.677,0.5,15.6,2.8,0.038,0.031,-0.013,2018,4,24,23,10,28.884
0,-0.5185,-0.2301,-0.4701,0.676,1.5,19.8,5.3,0.016,-0.013,-0.005,2018,4,24,23,10,28.906
0,-0.5174,-0.2332,-0.4717,0.6747,1.4,23.2,8.3,-0.001,-0.032,0.022,2018,4,24,23,10,28.944
0,-0.5163,-0.2369,-0.4732,0.6732,4.9,27.5,10.6,0,-0.012,0.021,2018,4,24,23,10,28.967
0,-0.5153,-0.2421,-0.4747,0.6711,-0.7,32.6,14.9,0.024,0.099,0.004,2018,4,24,23,10,28.971
0,-0.5147,-0.2472,-0.4775,0.6677,-4.3,37.8,17.4,0.025,-0.05,0.005,2018,4,24,23,10,28.986
0,-0.513,-0.2532,-0.4803,0.6647,7.4,43.4,18.3,-0.006,-0.043,0.021,2018,4,24,23,10,29.002
0,-0.5116,-0.2608,-0.4827,0.6611,0,47.5,22.7,0.023,0.09,-0.03,2018,4,24,23,10,29.025
0,-0.5103,-0.2687,-0.4863,0.6562,-1.8,54,27.5,0.042,0.001,-0.017,2018,4,24,23,10,29.044
0,-0.5086,-0.2776,-0.4898,0.6512,4.9,60.2,31.3,0.014,-0.076,0.043,2018,4,24,23,10,29.067
0,-0.5066,-0.2876,-0.493,0.646,5.5,64.3,33.3,-0.011,-0.023,0.023,2018,4,24,23,10,29.085
0,-0.5048,-0.2986,-0.4966,0.6397,1.3,67.9,37.7,0.005,0.051,-0.014,2018,4,24,23,10,29.108
0,-0.503,-0.3098,-0.5006,0.6326,-0.3,71.5,39.3,0.009,-0.036,-0.001,2018,4,24,23,10,29.126
0,-0.5009,-0.3213,-0.5049,0.6252,-0.5,75,39.7,0,-0.001,0.01,2018,4,24,23,10,29.148
0,-0.4987,-0.3333,-0.5092,0.617,-0.6,80.3,42.4,0.041,0.027,-0.01,2018,4,24,23,10,29.184
1023,-0.496,-0.3468,-0.5136,0.608,2.8,89.2,47.8,0.051,-0.001,0.064,2018,4,24,23,10,29.206
1023,-0.4925,-0.3604,-0.5183,0.5989,3.8,95.7,49.4,0.001,-0.091,0.033,2018,4,24,23,10,29.209
1023,-0.4884,-0.3759,-0.5226,0.589,9,103.4,54.2,0.018,0.048,0.023,2018,4,24,23,10,29.225
1023,-0.4838,-0.3929,-0.5264,0.5781,14.1,110.1,57.2,-0.044,-0.042,0.023,2018,4,24,23,10,29.262
1023,-0.4784,-0.4105,-0.5301,0.5669,13.2,110.3,59.2,-0.077,-0.018,0,2018,4,24,23,10,29.286
1023,-0.4734,-0.4278,-0.5337,0.5548,9.2,107.8,61,-0.096,0.017,-0.001,2018,4,24,23,10,29.29
1023,-0.4688,-0.4451,-0.5366,0.5422,12.6,106.2,64.7,-0.087,0.042,-0.011,2018,4,24,23,10,29.307
1023,-0.4642,-0.4622,-0.5386,0.5297,12.3,103,64.3,-0.11,-0.017,0.002,2018,4,24,23,10,29.326
1023,-0.4596,-0.4785,-0.5403,0.5174,10.7,99.6,62.6,-0.166,0.025,-0.01,2018,4,24,23,10,29.349
1023,-0.4554,-0.4939,-0.5418,0.5049,6.4,96,62.3,-0.162,0.021,0.027,2018,4,24,23,10,29.367
1023,-0.452,-0.5084,-0.543,0.4922,3.6,95.2,62.7,-0.131,0.012,0.098,2018,4,24,23,10,29.39
1023,-0.448,-0.5225,-0.5439,0.4799,5.4,93.4,58.9,-0.177,-0.081,0.105,2018,4,24,23,10,29.408
1023,-0.4434,-0.5362,-0.5443,0.4684,15,92.3,55.7,-0.303,0.003,0.1,2018,4,24,23,10,29.431
1023,-0.438,-0.5498,-0.5437,0.4583,25.9,88.2,53.7,-0.389,0.025,0.146,2018,4,24,23,10,29.469
1023,-0.4313,-0.5637,-0.5427,0.4489,31,80.8,51.2,-0.392,-0.031,0.21,2018,4,24,23,10,29.469
1023,-0.4249,-0.5764,-0.5408,0.4411,36.3,67.1,47.8,-0.393,-0.027,0.279,2018,4,24,23,10,29.492
0,-0.4185,-0.5885,-0.5376,0.4351,43.2,56.1,45.8,-0.39,0.071,0.285,2018,4,24,23,10,29.51
0,-0.4136,-0.5986,-0.5332,0.4314,34.2,29.3,41.1,-0.398,0.119,0.371,2018,4,24,23,10,29.533
0,-0.4119,-0.6056,-0.5276,0.4302,42.1,0.9,35.7,-0.338,-0.163,0.299,2018,4,24,23,10,29.549
0,-0.4112,-0.61,-0.521,0.4326,17.7,-21.9,24.1,-0.275,-0.064,0.355,2018,4,24,23,10,29.568
0,-0.4169,-0.6083,-0.5175,0.4338,-34.1,-43.9,15.8,-0.173,-0.097,0.379,2018,4,24,23,10,29.59
0,-0.4285,-0.6014,-0.5159,0.434,-64.6,-61.7,12.8,-0.113,0.021,0.011,2018,4,24,23,10,29.627
0,-0.4422,-0.5921,-0.5149,0.4343,-65.5,-69.1,7,-0.072,-0.17,-0.133,2018,4,24,23,10,29.649
0,-0.4552,-0.5814,-0.5147,0.4354,-69.9,-69.3,-8.3,-0.066,-0.252,-0.169,2018,4,24,23,10,29.654
0,-0.4677,-0.5693,-0.5155,0.4372,-68.8,-73.5,-14.3,-0.037,-0.243,-0.107,2018,4,24,23,10,29.671
0,-0.4805,-0.5557,-0.5169,0.4392,-89.4,-74.1,-22.5,-0.006,-0.085,-0.155,2018,4,24,23,10,29.692
0,-0.4956,-0.5381,-0.5217,0.4387,-130.1,-77.2,-34.2,0.036,0.03,-0.176,2018,4,24,23,10,29.73
0,-0.5138,-0.5149,-0.5299,0.4358,-169.5,-83.3,-46.2,0.085,0.063,-0.144,2018,4,24,23,10,29.73
0,-0.5336,-0.4867,-0.5411,0.4306,-196,-88.9,-61.9,0.136,-0.04,-0.081,2018,4,24,23,10,29.753
0,-0.5525,-0.4541,-0.5539,0.4261,-196.6,-91.5,-77.5,0.174,-0.133,-0.019,2018,4,24,23,10,29.77
1023,-0.5694,-0.4209,-0.5652,0.4231,-173.9,-90.6,-88.9,0.192,-0.179,0.02,2018,4,24,23,10,29.79
